iid,slot_id,global_score,impression_count,ctr_mean
97164557550485,14921,0.016741410938231168,7.519228160514605,0.07526181618590178
601927241312256,10122,0.018370305740854208,8.208096108975381,0.07340982736488731
1389534496406386,14605,0.020861424517042697,7.915731675168781,0.07905709621565042
4708777845131861,13086,0.03832067932091616,7.164105332389007,0.11046211652218815
4831331794836176,10681,0.0492050250692395,7.214496801038389,0.12677073908081382
11223677311098902,11313,0.02048097610818617,7.726450422658244,0.07966850561174937
12299490353437056,10799,0.018617370307770335,8.315763268352214,0.07310887494335287
20061690367387917,11741,0.027757388800139112,7.613675471273178,0.09149393920840833
20271496177727199,10731,0.03744964482941743,8.188779544041303,0.10267569822455896
21069276435064582,12474,0.017378909771183587,6.414032030783053,0.08319882587494602
24185907945448051,13110,0.09161023397394957,9.872601132426631,0.1747985488820034
27362039133827133,10057,0.02387374608963957,6.216625565270833,0.09436359718489713
29149175040823061,11936,0.015083385468412744,6.815118124099721,0.07716533893867858
34855662742045907,10233,0.04575403490733637,7.443411209209467,0.12005700529744316
47344148769039408,10375,0.014444835287877066,7.069226811362232,0.07458894277055282
49001256225299800,11831,0.02061575323480744,8.645951250592793,0.07408112760908062
49447710943394241,13649,0.018301866185485793,6.771519402243447,0.08235633964267391
52120057429762898,14733,0.015023622870034207,7.316882515235349,0.07391271710268277
52765029149347351,10644,0.04369046952494152,8.38238156819047,0.11098893759621772
57866197293286453,14258,0.014365420878222337,7.034973219290189,0.07468344773632525
65196670000209678,10510,0.016112963871693083,7.229743110692364,0.07612572874322503
67334499473933430,10144,0.01873591578140281,7.090246370771602,0.08101124332989236
68526932451425192,14303,0.014976637815369386,7.296905663690892,0.07396680907175059
70762334306823377,14511,0.052073343827617954,7.387465714998854,0.1300623887283062
74100487716522752,14584,0.03194388333052075,7.807013283040218,0.0966708024723078
78174462498385085,10773,0.01739575081098525,7.760172834678003,0.07474328092708932
81974797135751474,12406,0.017738467113976628,7.95697859918675,0.07402682711026574
89147591197819180,14720,0.02075369640616386,7.128468262449582,0.08385263928119022
95163349116593780,14415,0.017529836609279256,7.861939898801693,0.07430692376324506
95876318890817817,12545,0.1363970774824435,11.56886868772884,0.2325243534142455
97297054364430327,13034,0.0168465933214701,7.569579007118279,0.0751052527698882
104143880185996556,14055,0.01588047040193932,6.976309772408206,0.07736732893672911
106012866450591292,12439,0.012808808149800222,5.744722954637809,0.08043481827696788
106677710038409745,11834,0.017832988343672654,8.002022670025301,0.07388741350090369
112738759715405745,13361,0.027914684102530396,6.961645136681453,0.09584228521333127
118025179220137627,12823,0.017874768162171744,6.6397066628800046,0.08253441406318082
123010354398815983,12925,0.01656113792165166,6.949475871028388,0.07857613081457325
124529672425860015,10187,0.013899169900027809,6.055474365890151,0.08014250467649042
126450866676767706,11903,0.013838064008105286,6.805754689497932,0.07532207292290298
127398680403166445,10298,0.01493174248986372,6.694847759825125,0.07769145587456609
135072843020185317,13651,0.023977264929951222,8.385097004799174,0.0808594156039451
137229928888992305,10338,0.014154784740877273,6.0411107969380105,0.080623459450595
145758131529836520,11482,0.015933768852960873,7.023889609020568,0.07714897007829684
146663156861449925,14910,0.012211119629697412,5.4591007444496915,0.0813213777214204
148036406015648690,11345,0.013645737673332372,6.154250000553045,0.07913305132858214
148127084407752240,13448,0.027810265592194038,8.195236462312097,0.0879106237232862
148603241350050981,12916,0.01631283682015266,7.3462178094843225,0.07569719863026451
149938892542407814,13531,0.016942654277781063,8.115290339282648,0.07181377055369677
150094378402431526,12903,0.023281105604562615,7.01331315911808,0.08843884713178131
156504770641220365,12090,0.017977428598664566,6.533683931510703,0.08335921957463716
158421698763243990,15059,0.013814727689404355,6.224673283379482,0.07894749062795915
163330644171211690,13077,0.01664079403967946,6.760327254497729,0.0798895257307121
167801027929349153,13293,0.014743027373959754,6.664061285665411,0.07759715693064752
171672409970595476,10262,0.018946987330675038,7.002101261233852,0.08188901277027145
175755859394459480,10340,0.049036743036871895,9.203625794296054,0.11398130994395171
180728894645078900,12919,0.016621150255983482,7.353271592186492,0.07612371323663009
182118168376005070,14861,0.018739616654695368,7.408045963299477,0.07901462143937314
187006323061190400,12127,0.021100418230608892,7.471899156809443,0.08221850217947921
189667783740761643,11922,0.0671596235233542,8.126877408286076,0.14844844477323965
200946793984752931,10100,0.04259295184709717,7.506966771215667,0.11482794421533898
206042208704408170,11617,0.01725821658232699,6.070463150419736,0.0851790967480328
209077229942180315,12772,0.012850702735687985,5.775749408359678,0.0803033332102628
209180168372942230,13993,0.016674729762136055,6.367056051670073,0.08241914229402462
211064382349781790,10140,0.01319184529009683,6.520484853761113,0.07613228116338415
211820143766665917,13180,0.01587939379477178,6.259819248540831,0.08187988499391685
211887733273363718,13323,0.013065555408947363,5.87236568474147,0.08002280166353859
224052470230110201,12340,0.020441057506380155,8.67264628837122,0.07364608521094194
232438185327602887,10656,0.016049559406310962,6.514551089129374,0.08053489630964827
236665280874874338,14515,0.01546651894484868,6.947328219303888,0.076917604058218
238785589203392161,10438,0.01673678705084755,7.499721071967308,0.07537765618823146
243569366539812218,12713,0.014923987154918036,7.274493688678358,0.07402758901859745
247771145085909221,11354,0.016959254710377215,7.095388888617799,0.07826494897320678
251504046051058274,10678,0.02039554396186497,8.295945969550358,0.07594993728399266
252847527083074129,11624,0.042119650887461044,7.575819202584534,0.11367116501319213
254671172634809659,12011,0.017903448859793846,7.894232084689076,0.07467417107344622
259484651778334331,10380,0.015281908591887916,6.116598806969825,0.08186956219616827
259588482682406519,11516,0.08168783201638513,9.965871269596356,0.15905418921299516
262753329164171049,13752,0.01723372062025786,7.739878466136164,0.07462363906510609
273011507794929261,11335,0.015658181854309394,6.598544014940929,0.07940786549161824
274187304338155832,11289,0.17052917003586812,13.02635373989593,0.2754791922893463
275300429123703846,12520,0.06917643160045457,9.139373181486153,0.1451500077367422
276466851495615239,14961,0.013689495468605196,6.023991388949714,0.08002057812253566
289901618327242874,10881,0.013576818203395662,6.116269335260018,0.0792670697529602
300559656126921897,10376,0.02498493152317047,6.8360538951738725,0.09215829401120314
305121602000123242,14305,0.01761523415406274,7.584527894281259,0.07618518642237365
307635197675442017,13940,0.0173956481248779,7.375213953203976,0.07716853174465405
310108811320222652,11370,0.06827767541609532,6.956720021793225,0.15752879534374334
316029694609868128,11311,0.013044567617976507,5.844399743371896,0.08016693982962804
316857053089880279,12676,0.013876165075219219,6.146898486912897,0.07953135267378886
317732355092746019,11359,0.015343024580917054,6.914576701700424,0.07693531207055329
327353747127785004,11884,0.01808820098184784,7.982941152170354,0.07439747902171373
333300855478718662,12872,0.014581567724898319,6.581196399548782,0.07787260794441077
336416327204042038,14363,0.014044030639228305,6.3385025358768265,0.07858058303626157
341336527453302120,12440,0.024732375103826146,7.244155276110112,0.08920129231511911
343978751560902338,13656,0.01557959417670731,7.036110115008654,0.07653096491283529
344154495512846353,12427,0.014216169405230482,6.970412730356777,0.07486222141507073
345597633355046192,12307,0.0183441356684523,6.796171634604046,0.08226558759579768
351090396430310684,10612,0.015199212118572936,6.866339290705524,0.07701955151394502
364403053548912231,12717,0.03587667750969256,7.46310298250693,0.1048450278795388
367337519601685634,13996,0.017469853025370807,6.7211033637213315,0.08140306158713624
367479363075724293,13704,0.017379328544548857,6.989896438606737,0.07957127039427805
373558485510436056,10085,0.014929656459127468,7.2769082973360115,0.0740210359424423
382624290942005170,14232,0.0680390884265626,8.583325269493674,0.1469160302252018
383751362978235019,10720,0.021606440890540205,9.101531861710397,0.07272407265129585
384643168696412361,10241,0.015059279004429986,6.79370256061318,0.0772634430361293
385897793672495480,13839,0.01680812774495872,7.558566631674868,0.07511587837331626
388110984913470486,12590,0.016733451994596395,7.206052661778027,0.07722279997385634
389332627403580613,10204,0.015365633239105808,6.943773825453239,0.07678589283749887
401572349294048650,14399,0.1096251926912081,11.17604070878131,0.19410461552047428
401587835178473686,10213,0.12111309751103595,10.69854813072896,0.21466108778457166
406090505117367162,10288,0.9999999934122163,125.55284541987668,0.8335510108140325
409387005840519320,13276,0.013916643507849229,6.2686942671267785,0.07882581832980298
410895504021574098,12252,0.01548374310609911,6.9768594813413065,0.07675785465537886
413790625609153185,12938,0.016523608148518908,6.681113970357757,0.08020959934421583
415504038725220232,12078,0.018881578204117712,7.579307120497726,0.07815245179934553
415763539564648661,13071,0.02266226281547553,6.894340270067762,0.08824313000426205
425698039894435799,14522,0.015172240203374257,6.722628274439495,0.07788379287974752
426012618301386391,12226,0.013798402083753561,6.2260878163058315,0.07891364068654506
426998379122881206,14856,0.018841317530912206,7.158880174675706,0.08073982445228364
430818606984358681,12391,0.02915119003749641,8.447086841889442,0.0883721529214117
435352727148838697,14677,0.015949079270833753,7.175036438019833,0.0762200666428102
440191993604083666,11358,0.014855901892193584,6.560680855861628,0.07842091706348293
442687717652896585,11142,0.012948443374772555,5.487161164288331,0.08227086540439371
445811006927797227,12144,0.2054699542694155,16.205029597618413,0.30882508045578133
446131625740592782,14146,0.0196860695104042,8.6400521902259,0.0726981790792689
449676105756042352,11824,0.016428185550078776,6.922017321698098,0.07854604349101686
457570769738447154,10464,0.019609371161528215,7.01509551962964,0.08281895120006544
474152587571895479,12434,0.033313055873707385,8.195943088325183,0.09631182159819371
476649299466627147,10396,0.018509601727415524,6.983694014620998,0.08133686893631312
479582049395688605,13569,0.043766537707843,8.246898175758107,0.1119587376982049
479751715871527018,13505,0.019922712245798904,8.598139695133046,0.07332372365300936
481427332803102705,14526,0.011956028347834692,5.959950143979954,0.07777615127446721
484210132986779936,13115,0.015558684860257549,7.013062869677255,0.07664423303546694
484314967921548383,14897,0.01730162152228099,7.6583321127579005,0.07524113673571473
487286698044539585,10126,0.07038831461561272,8.926787827723585,0.14834056917973945
492417881700500676,10650,0.019117778526837055,8.011960038061014,0.07578735294980057
493772577108868576,13884,0.013926437036320665,6.288284167882309,0.07871735333088732
494223721387217191,13162,0.022358454878876145,7.596641225840542,0.08335425559755648
495765018290355128,11725,0.01607856940449673,7.2418997215036285,0.075996598420515
512658583931587874,11504,0.09757394171166739,11.012913414835802,0.1767238005296603
515147326174852820,13343,0.018939246296154774,6.976887163550314,0.0820360478814857
526851745153927147,12807,0.01789074748793372,8.014838526763908,0.07389489659203363
530375382543177768,13971,0.0366749364431526,7.560233589864615,0.10545242349373986
533297936464718238,13711,0.014690902092956733,6.641376247555691,0.07766045982352707
534085354502352814,13317,0.018296328304904685,8.660195442759333,0.07044840337911601
536905633898487497,10738,0.01478137313147943,7.213646032361019,0.07419310911426007
538411875719193495,11249,0.023219298209419478,8.52940048912811,0.07879242801467727
541195178617594772,14166,0.017485970372800877,7.839308575152968,0.07438250412904518
542448940073659736,14708,0.015375801278775539,6.384037278125107,0.0803280074342782
542579358853808088,14656,0.030498223490641706,6.855506493463976,0.10045742573039254
545877451497073536,13962,0.02145036311620579,7.466121200646235,0.0827894553797464
546054569158109911,12037,0.01707635141153493,7.402754249976337,0.07650728222404449
546627739140269641,14855,0.015324841566877107,6.906239661774556,0.07696006402354995
546874838318119133,13511,0.031737269537956456,7.724191646116168,0.09687700691273149
547487323344374308,13076,0.01981475048955221,6.6849709924464795,0.08521260075877307
552527755383260600,10850,0.01817018493410092,7.692318037632682,0.07635376304742907
554167812872903984,10794,0.017118873390444916,7.580049968337325,0.07545519580165236
558622081412765008,10292,0.014247191559587055,6.983851694610469,0.07482493723752132
560803587743009999,12731,0.015993138542080555,6.7244220356236575,0.07912643417211197
567113182009865064,13964,0.014600917929580608,6.03484344208525,0.08134442611575708
567699849343384540,14044,0.015049396932994612,6.200530799387332,0.08098558691405573
573727999251088970,15073,0.017355423844895218,6.395321296878853,0.08328083626147133
578649807602123161,14732,0.015326063551440151,7.4449519360532195,0.07356780999945768
580240278424875932,12124,0.01536681744964743,6.933892981070279,0.07684995534760665
580815011923619667,14688,0.021129593179875932,6.7117934623912525,0.08705206271005131
581525600507501068,10563,0.014657342776136888,6.615501969734431,0.07777221628291474
583567974093250950,12645,0.019553622452301717,7.081008137634098,0.08231851561178995
584883603502871568,12578,0.012877699151130347,6.379944739121873,0.07653787865906733
587605273204216254,14768,0.02056129961809806,8.109552495129355,0.07737749281185737
589393650738587388,10049,0.0176411893384902,7.913100968110003,0.07415468095125229
592383102492645063,11828,0.015990635932988807,6.724306551032741,0.07912333897700553
595185415171123522,13444,0.017044217836769234,7.651640056902838,0.07489010901176087
598227707512744566,10980,0.016596026140813482,7.337939266197302,0.07618193581562241
599474815887101646,13559,0.031102237366129937,7.523164543457884,0.09717353717992559
600273353461727087,11070,0.016627353977169836,6.481970737330264,0.08162276230889758
608150219137661780,13784,0.015083786266139154,7.342430403743462,0.07384365543449936
609282591080118221,13955,0.017299786018626445,8.260404940802937,0.07144501339259457
610036861878216254,10496,0.01325411444212053,5.969539648949078,0.07969859224845699
612294774827772897,11656,0.015997376014646,7.212189674814269,0.07605975964584706
616214354585202891,14011,0.017365131648346934,8.286848650330342,0.07137822365561504
616999413545383295,13455,0.01296607635561529,5.839432079507406,0.08007834089500271
624156455618178878,13191,0.019833977963367336,7.792676607721249,0.07826294609960621
625095863667418963,12504,0.016255282749871425,7.333252485420569,0.07569097050365353
630702220958218883,11075,0.11945000089809449,12.02559246268105,0.20375971205626917
634256892489272054,11914,0.1929223226657104,15.573851652168386,0.2936349534441426
634686330647340219,10702,0.015472421074027024,7.50660996223702,0.07340290251134995
635206403124882833,13275,0.016333186626274115,7.358467329478592,0.07565110618755397
636555293728192724,10808,0.015117130341486174,7.356574268157754,0.07380547687310189
638557963001594544,12649,0.014296497575147435,6.440550580840067,0.07832328572299407
644853476885654644,14790,0.015248250041852186,6.884192597240789,0.07698197460631527
645705482913424328,13676,0.015262357821988485,6.549074410319141,0.07911491430591329
651258009387570646,14998,0.02326561288157599,8.3116809698901,0.0802349020981823
656857478617009852,12850,0.01848958684720115,8.273851061842619,0.0731777475606556
660871718442839594,13974,0.026829889937268633,7.333027073531472,0.09184536792453916
671949213460651799,11877,0.019497901800394978,7.369357175016516,0.08041667710583751
675216857754364119,10691,0.013435911701256183,6.628817500560379,0.07582255612489447
680347640472099207,14960,0.015039307122836236,7.323546164368838,0.07389469131604759
681665405499634480,15044,0.015364518941865711,6.2867852487263844,0.08092350328577712
690565652695395586,10389,0.02415430998557475,7.58222940887126,0.08618826992315017
690604198610203281,13594,0.013464836219392453,5.894018782922583,0.08049628920185847
691264010132127799,13560,0.016203532715041977,7.811648627455911,0.07259781814885194
691530000961414276,11732,0.01241624921322985,5.39476843346158,0.08204003971654063
693659186904510325,12858,0.014498177772089806,6.541738349227995,0.07799383050942205
700633647859202144,14622,0.015166296650598649,7.377409641521468,0.07374930776553937
706546349604557137,11210,0.016798081518708628,7.558594178108888,0.0751003589567341
711145827608344297,10401,0.017490592509940433,7.8442885282935,0.07435818869771946
721237983615008842,12956,0.17286815117540855,13.829289458502558,0.27399320177299874
723336987117810621,12830,0.015678010243305774,6.9520111775404185,0.07721115764657366
728385296934863877,10263,0.015600072021230845,7.041094793818463,0.07653083969774464
728959076793274143,11316,0.017938307319263234,7.335183973006901,0.07824966346190702
740333060714973547,13723,0.010466666347825913,5.253553329275645,0.07995171939368917
752434993084036398,13291,0.014193485745383438,6.412012416771128,0.07834573536707111
753131682397280048,13924,0.01525125188118319,6.8816823157616565,0.07700237585153202
754133297267255693,13731,0.01598988230352756,7.064847596357377,0.07697663172040599
763661512805668232,11152,0.014603075574605068,7.137280271353845,0.07440189249941674
764719361137825293,13946,0.08709355958233037,9.967327380162233,0.16730239928250282
775297125166808271,10388,0.022412308516502954,7.1664211394441635,0.08614709124344994
781664101073458454,12425,0.019321383359658835,7.064357672201401,0.08206866972664885
786077677221122435,14527,0.01699654285366875,5.744019821391075,0.08683611792670783
794320679182173168,12002,0.020760331892395907,8.208937656896351,0.07705535003254507
795218328227161042,13859,0.0180339787921072,6.438213061081925,0.08404710924162502
797211823968469316,10882,0.015259038509575286,6.034304348489056,0.08235311830176831
800494797393621992,10551,0.014776636690262584,6.671331245877571,0.07760269210490825
805913568041780421,11186,0.020207415084052986,6.840942987037399,0.08482971464272465
807757796941772563,11758,0.01705593996437217,7.548597529829154,0.07555722740188031
808276611949293197,10947,0.019733914957538446,7.045936582714414,0.08281488291236092
809343567814331491,13716,0.016660033194434223,6.956191996157722,0.07868488132275853
809772964533157376,15018,0.013672608726844428,5.843825238470658,0.08112990797697073
823845160360983585,11987,0.017471944420091146,6.495685318064732,0.08282648755772053
825831475904003452,12164,0.019228337215434533,6.606192526693796,0.08481317825291357
826504681663386399,10384,0.013044703414695387,6.454814821416273,0.07632126790928412
826904706765019833,10177,0.016928231902380343,7.619173489982599,0.07491749102549423
827943360311016684,11047,0.015867583341147653,7.116443926406682,0.07646473776854852
831165205969856177,13624,0.014012037046702931,6.881716345271851,0.07510922976578983
833785407772114850,14463,0.021192688781516658,8.493205669111912,0.07592477441617597
834989389809122034,12945,0.016543978315845177,6.526290567317869,0.08121616977563056
835535358914792007,14103,0.023879523509696313,9.063369584724269,0.07643670213427718
839132138804502051,11134,0.018892582348596428,6.332058654447171,0.0860274664061346
842074760515773166,11744,0.03912741159895451,7.093606640291823,0.1121385925666581
845989487128174765,12198,0.02868021476453518,7.658534841110824,0.09262094551532835
857429169987857060,13610,0.015871506850649055,6.856577712807764,0.07810800071734829
859312507433558725,14225,0.013624092252198758,6.7118501616019,0.07558686490306102
859435727637091578,12402,0.02021666222374346,7.376515814223407,0.08146949912034102
867418143879342782,10289,0.019754263684716854,8.023878814241204,0.07668450651195274
869047333775531675,13872,0.01920179720011488,7.285002329478053,0.08049584197523202
870699344831182523,13845,0.018607352127401645,7.198502521980148,0.08013279849292225
870934194150185515,13867,0.015957820862176064,7.0658425637493805,0.076921388340565
878704610906715990,13139,0.019104390885770248,6.944363604678328,0.08249322288309752
878721036890062541,12580,0.01648148211727238,7.414597845408763,0.0755239847031934
885724203483082035,13901,0.17453407454904993,13.997912724392542,0.2754755418315869
887857773454728117,14607,0.017005676104468306,6.065131874476217,0.08482692419275005
890522919312967968,11385,0.018659991929165613,7.283542687228275,0.07967741723735089
893000091312716088,13195,0.01798693809413928,8.053840933475804,0.07379609809763642
896854273089679453,10449,0.014423328347160086,7.059956951236046,0.07461449451358365
899299151432249662,13290,0.025707019759524198,7.486747042077927,0.0891616532398192
903578283097237261,11197,0.02027770356680933,7.758168803488344,0.0791581621796115
909774515147735223,11189,0.016367051974360957,5.558989825884598,0.08704032395379614
911915260812703057,14820,0.017873160065587562,7.4801823638951515,0.07723659674165828
913442612020381401,12325,0.014460117617346953,6.3691844133938185,0.07902285719642396
918443616796119281,12350,0.01459546618280318,6.273874759266626,0.07983009761696622
919820659929788928,11676,0.015421969171164895,6.840323080546937,0.07752373188003057
919896671218072549,14889,0.013240764588214682,6.542257428702462,0.07606982996451614
934435189725827711,12654,0.016564844172083287,6.337066920365821,0.08244023381914113
936646551324282456,11470,0.017481691967191987,6.470048418659549,0.08300290074916673
938811956043498677,12484,0.027090224771360725,6.945496209538954,0.09468464817836786
940612056236247437,10779,0.021697955121150327,7.085457521766121,0.0855660044027359
946799949709252134,11612,0.018351561795181805,6.82364101653973,0.08210386218753082
948251339419073721,11705,0.017693006414706666,7.929894133668315,0.07412802861659985
950915056536132156,10855,0.021409529940913517,8.195605884647266,0.07813101224416658
959305222944142887,12889,0.01705818108055586,7.206494384057089,0.07771604874103054
966101416381970898,14569,0.028870400553816317,6.869459306804965,0.0978829766728389
976451215387009842,11553,0.01817651296521494,8.11767658691347,0.07368348619655334
980908703172983262,11348,0.014238858174148144,6.4354855563466,0.07826715194278165
982930324912329101,12288,0.016012893612632133,6.125444962330474,0.08293042550664667
992499561140565048,10953,0.017140957792537444,7.432085801996176,0.07642116860775686
996818982976581873,14841,0.016609040637503368,7.182610710689081,0.07718045295530529
1000415437431536712,14783,0.03369560543790012,9.077139992352013,0.09134425350670354
1001470867004994804,13500,0.015333978212416454,6.91569746751912,0.076914432206136
1002318591447837383,14847,0.01682826723361795,7.021807155387365,0.07852845910949734
1007635862782983016,10240,0.02628401520543428,8.566910335546302,0.08323753167804791
1008636734125506857,10572,0.022555790366964007,7.355678884015998,0.08517385760681793
1016328235734169453,14767,0.014965634096727697,6.762421840291986,0.07731748018031807
1016854424536231677,10840,0.019484088412213656,6.120356619692753,0.08826482123137244
1016996959009446586,10965,0.015309104962060121,6.896436741980087,0.07699778860590648
1024061755643807904,11407,0.013797965884396137,6.082677570091057,0.0798165210410708
1029333150428958817,14613,0.017102382329846077,7.560961412108844,0.07555027146491647
1032415861033945674,14867,0.02107457233002944,8.857590083159778,0.07344856896143528
1032972744081422605,11156,0.013889733625622933,6.8283511368292125,0.07525863215291287
1033525590881755878,12827,0.014544752954500351,5.927835881397993,0.08193282668584408
1039266823263272805,10065,0.021134172940604094,9.335615992559415,0.07052784013124977
1054405901790542637,13478,0.019260223240904206,8.587594774898866,0.07237819267604428
1054809465085770768,10096,0.022073667125829907,8.43577749631934,0.07763231325346806
1056548168046420494,10115,0.018594584537988842,7.800548226847342,0.07632014700287383
1057053571477516868,14424,0.014060393730105545,6.902769464515696,0.07505045204133814
1058333601436348399,13457,0.018397973594028692,6.8771450320336225,0.08183765890285903
1059002370411828034,13582,0.10417764738008313,9.94810553879536,0.19351987704214643
1061197392505081319,14340,0.04884865292037588,8.712858083032891,0.11678604670695572
1061341645988170155,13369,0.0173990453159232,7.29410514556278,0.0776847416541683
1064053427007448274,11921,0.015805946831319164,5.977113743594163,0.08354886003504777
1065677891198920204,12218,0.01655120128111025,6.898721827704183,0.0788807248011212
1069135549908943320,12634,0.013578302036545005,6.126960027892236,0.07920198035168509
1070252680984916190,12702,0.014509583041667502,7.097104478499797,0.07451220520915211
1072885977104968040,11267,0.016107105354795148,7.260205250509674,0.07592485503844573
1075697042014742298,10310,0.0167878819126547,8.052083849697256,0.07197558014919458
1076215881129888662,11889,0.01536014174045024,6.9292078908575965,0.07686927613205424
1080534859922110828,13329,0.011802174463594549,5.888650665407701,0.07799035320808269
1081626017447812246,11507,0.014852710890229742,6.567492033681107,0.07837312935801113
1083856320208763226,13374,0.01387924248740175,6.8237655682143386,0.07527149774483438
1086425134027360746,12743,0.016992755836853245,7.326415612264065,0.07686055436948828
1088453146986577102,13422,0.019977122705811222,8.385579884442741,0.07474605585671075
1098804168267457954,12863,0.01701621256057764,7.102445802697132,0.07830749190046213
1103906091010504671,14525,0.013731257621320355,6.129308817284754,0.07942082544648157
1105722980705217672,11384,0.0180335342229285,7.754214127500741,0.07575505349244697
1107148332706486599,12327,0.016348144760910868,7.3362496245466335,0.0758139362759326
1111231056200251061,12062,0.014120546412189967,5.829563210800373,0.08190400095705426
1111992478000158527,13941,0.018316761485622758,6.95333164718111,0.08123359670331216
1125003051564206556,12789,0.029246947589994153,6.676171802556793,0.09967595668462828
1126287308169145615,11005,0.05918759969399856,8.129831029024269,0.13625236969366633
1127701966514974365,14671,0.01741201824315646,6.424557377111547,0.08318308565456196
1128362304839321040,14821,0.021392976723709836,6.502118846791206,0.0887754285526113
1128628301155984232,14929,0.013244416861286239,5.952628348124683,0.07979032747016324
1129074539553729443,10142,0.0179114368541367,7.600046996284623,0.07653986639886248
1142268566305094544,10280,0.020369465390827887,6.682096826842263,0.08607805014657478
1144028851180725983,14129,0.020929218653174805,7.596863882232127,0.08116965864823698
1144819945168853138,11386,0.01754846370227907,6.787163472832689,0.08110693406720115
1147744504307927650,13770,0.01653092815447456,7.342571931124412,0.07605330921629544
1151746944079320699,11792,0.015809619845578216,7.13603085740469,0.07625279092978011
1160606128719649721,10586,0.03182141045432549,7.0545141153490425,0.1012247927401255
1167216038310795722,11651,0.01890277964053312,6.259302485533882,0.08650143839862268
1170797318552128205,12878,0.011388811899724467,5.695273317517186,0.0785772925831989
1171039142540129194,14662,0.017372931122979565,7.7910422226686284,0.07451393276893213
1172940208819058820,13135,0.015983960199311514,6.884290630783661,0.07810517263755765
1179990053797070117,14922,0.01587055365843476,5.9594288138149585,0.08375897129767128
1185012008217806385,10754,0.026875742352532067,7.294997115170902,0.09215501384470363
1197041367406338745,12846,0.01822725931215121,7.137090785271399,0.07993911773924971
1201591608590228452,14220,0.018290876251130687,7.657512143080058,0.07675741426545146
1203590477181925982,11961,0.021449296938836983,6.946635833465442,0.08606080956162901
1204950365939182407,10201,0.2792575339275468,19.564898830288648,0.4003688244811184
1205373774371086111,12518,0.01830651621627221,8.070283478838181,0.0741806665234645
1206737795336404955,13595,0.01682862773843763,7.281730040278972,0.07689138304614171
1220954322939530587,10548,0.01537713443962506,7.466490470716875,0.07351011996339385
1223582847305505699,14344,0.016959438749744774,7.16075223277044,0.07785341272190947
1230072962694594753,10362,0.016997264777640412,7.3245314882923545,0.07687931268643554
1245939383644074341,14890,0.020950364468623035,8.867668106153683,0.0731953424339238
1254011394306398062,11978,0.016806680147349897,7.509111597458256,0.07542525526551937
1254024882043613534,13608,0.01755034886510863,6.68954924233001,0.08172482562803693
1254498494229131503,10439,0.02341277445020926,7.214076774072398,0.08737507686811237
1256550400673341655,11446,0.017738726915111826,7.452007712842102,0.07720875924224072
1267652316483983635,12677,0.015223770474075924,6.287404007915017,0.08070460802653606
1271183806534572053,11804,0.02186256978409541,7.499922131097244,0.08320615088458609
1272479473178637080,10261,0.014333219762864412,6.468956335774252,0.07820041122593259
1277232967389812211,15063,0.017351216300223758,6.953649508758023,0.0797566995932882
1278301895640760711,10404,0.015597733055373653,7.559240850927406,0.07326272230781956
1285301595627325559,12157,0.015958901258167044,7.1947533805825,0.07611084469711368
1291039156898163120,12712,0.0167961355835522,7.554433370083083,0.07512360138460923
1291395706844972512,13751,0.017354786152384765,6.975408105668738,0.07962506404798297
1294079284719311431,10185,0.013034613464191271,5.8568879534774565,0.08007305347838513
1298345611632685263,11519,0.01608592127096116,7.103066442860955,0.07688253836264862
1303553686907685907,10770,0.02089175751953281,7.567163932816841,0.08129955837262451
1303837865506782299,13284,0.01433871205999358,7.0234377531663394,0.07471532778020581
1307984205495898773,14099,0.015959764937171047,7.200276089771939,0.07607736852872025
1308992917435572884,13488,0.013427950406163416,5.887724576686696,0.08047960142387658
1310179912769876193,11510,0.015779409641321462,7.107756886415497,0.07638478234868633
1323948458665937751,14620,0.014862100533002208,6.702783212850926,0.077535079251092
1325151645585273425,10927,0.01828364342889016,7.685524981063372,0.07656987293716358
1334917199750566209,12655,0.01232122062563081,6.127788647332179,0.0772765363624438
1340266031802665629,11200,0.013546769743708324,6.677783698325075,0.07568338630778296
1342791438879976946,11304,0.016731942972585623,8.029191177104654,0.07203436576953613
1343321322824825616,11626,0.029197305675756638,7.7083243773642325,0.09309711918679767
1344566153834308289,10986,0.01582804450651741,6.5521325044217855,0.07995974756200247
1345764366619854981,13954,0.016801801244549507,7.217611089558082,0.07725438206358089
1346223945134745961,13183,0.015927201260332514,7.1851111545168855,0.07612317235688493
1347368989916166332,10235,0.016628952658999614,6.254350955029373,0.08305930754260371
1348529220791140213,10677,0.015472902133994652,6.509088462941985,0.07968845479955076
1352426663759952445,10981,0.044996981749378405,7.835163596874204,0.11643237794048025
1363323926118762561,12431,0.11338440690063152,11.337497384351428,0.1988296623618478
1378724281124898537,11196,0.014696918735587311,7.177514784806292,0.07429174541759714
1388589649187066308,13459,0.019884286982608152,6.874106260151082,0.08412718539468904
1389136647249463118,11850,0.021218848446794766,7.919768903263464,0.07957763393147985
1391519927587913069,14992,0.014701773558073266,6.1224376626660035,0.08094660408794396
1391898959255020882,13599,0.016312947889740317,7.339874968001442,0.07573733094017145
1397808635193601640,11608,0.018765161963932457,6.946301012431008,0.08196283570403087
1398808160091713530,12831,0.05198137007789651,8.30804955044741,0.12412181966863618
1403240655555626471,11076,0.014625975329702948,6.60766639278283,0.07777366925142552
1406068216916408400,10087,0.01245959045589079,6.1908836941042535,0.077090373622266
1409528021657405634,14833,0.016054308080168125,6.923460239887156,0.07796584528570238
1415935905997476529,13648,0.014788950479595653,6.657595734138652,0.0777080413990048
1429295007911353340,11149,0.013961870449653269,6.859847433170987,0.0751703826501388
1432166875221027100,14887,0.10148758445848155,10.482659166212992,0.18604281922019683
1433115975561836352,11391,0.017258267500221643,8.243586217365438,0.07148755805785027
1438763938456724108,14758,0.017997587001778156,7.258961485657652,0.07882044934220418
1443189886601023551,11346,0.014467942006823387,6.519165176540346,0.07808986538501665
1456198403242356887,10179,0.04279619953731805,7.047433967254418,0.11803366583240633
1465323790442696007,13485,0.01772576308892837,7.646891022821386,0.07596110741929048
1470896344175141477,11213,0.019798844146060368,8.313908060075663,0.07492529442674352
1473730555532255003,13672,0.04362009693610277,8.00328592494455,0.11326990843794103
1475218959336628881,13965,0.01695636385728264,7.1789312475282685,0.07773418008065838
1482549032775346947,10585,0.013492694383454795,6.653916984749371,0.07575115547298598
1482608451304519683,12709,0.015137160932002104,6.8279342631355195,0.07716673507925108
1482947198598393996,14069,0.014272560854638388,6.264785719549395,0.07939411653036668
1486586088147369375,14067,0.013201018099432445,6.524569684325971,0.07612055665766097
1489400319850439708,10229,0.02256225617271222,7.19424905827154,0.08620081210198836
1490221603789930074,11713,0.017663253279891045,6.582683181074916,0.08257059241631641
1497195362098363351,12751,0.015265441852685694,6.847773963609902,0.07723768869201857
1497310879274510833,14995,0.014887071654740089,6.391243546321166,0.0795360580869949
1499976048002429096,10299,0.41947188711736316,33.368539090579105,0.5275808476468187
1503548878905535444,10463,0.016025091251712743,7.231110143152117,0.07598288821965744
1508783290968390974,12308,0.0200080887818058,7.841146725517578,0.07822352200007818
1510131028905744482,12758,0.014750292513528421,6.662364755125403,0.07761894349037507
1512646681198714598,13666,0.015412251614955644,6.204669221819168,0.08151378267170077
1513392250190421069,14002,0.019860911783259633,7.588221806876759,0.07959224197542336
1516315375106625892,12614,0.01556867987261456,6.728032446967191,0.07845531577252612
1517079580604882987,14757,0.017941000876860496,7.5625336683315565,0.07682137639630858
1521154643969021260,12818,0.014763447378716528,6.663281423175512,0.07763326247058899
1523951178907592047,14334,0.0121031064712987,5.4140712857713735,0.08144009000896262
1527503898404770847,11479,0.018470452587823816,7.615859587807115,0.07729415075299924
1534773610634138567,13137,0.030515483738494678,6.905372780625214,0.1001696119856699
1539716084297909903,11052,0.02862469890605595,8.619364168347369,0.08648250276932445
1552532722121007685,15037,0.01833977014953507,6.57855239588742,0.08363001460787564
1557318798871775609,14835,0.014115988394790939,6.3764142564839155,0.07845164005062502
1557349519584850543,11848,0.02047871468760677,7.003122417404577,0.08422233093073066
1557911121034488373,11222,0.014062820498411847,6.354321878520497,0.07850961630682048
1558900444185993257,10070,0.014110127969085274,6.361208957186307,0.07853848807439637
1567265348033293134,14533,0.019726873523497175,6.781922663025743,0.08446752898005135
1574030666064858600,10118,0.015346656889642714,6.776435315271692,0.07781121107452088
1585890599520355043,11699,0.018892350100035753,7.437052466732461,0.07906517206711283
1588499549758503616,13247,0.014552140195985358,6.547664150985341,0.07803892434549833
1588894216684356330,13349,0.014325894592714689,5.6603032493924985,0.08328408650477845
1591154420660563377,12053,0.037823760690081074,8.420545780258202,0.10178694190559652
1593077077117057428,12494,0.05046714611564518,8.738678285088023,0.1190956571286118
1594965021249585960,14548,0.015976770772886586,7.2031372988665945,0.07608531851209709
1598333531044455429,12967,0.013817899919447697,5.662835102051086,0.08249216015477222
1599280189397434886,11115,0.015249906660622987,6.75965932904423,0.07776911865607954
1599796775262442772,11030,0.016003224572660197,6.1925862200544755,0.08249263680448601
1602556005070771420,11814,0.013299834138897595,6.5685079350834155,0.07599467062317258
1603648272516945050,12855,0.015137092192541926,7.365036431003169,0.07378265380960047
1604548692177056653,14320,0.01577837514386019,6.630364983467335,0.07939097786771157
1608677303111566405,10037,0.23824139537552136,19.132389201243594,0.3404406439246937
1610552667082972029,11041,0.01944916049605529,6.984196314362836,0.08276890377262461
1611064595233552024,14096,0.016632208905075465,7.477788514008152,0.0753560950661114
1611310475426839881,13615,0.012940720660661235,6.408240436632514,0.07645587044394828
1612587943695668102,13353,0.01190028713822356,5.93415961610533,0.07785349667632782
1616599858093776403,10530,0.023057921964625888,9.642777619991396,0.07153116364922149
1620382517670597394,10663,0.014369506205571567,6.471423827436471,0.07824029340954265
1620527487853335555,14870,0.01621464511897592,7.178508301075531,0.07660385088378568
1621481869641628906,11130,0.016742173250042125,7.52874116927755,0.07520304456113153
1622567124606958220,14795,0.013221565347330351,5.947892587719484,0.07978525855201608
1622835088203758007,12269,0.21058225021583887,15.360958749702442,0.3219522524034042
1633671519195837528,12270,0.014907210125135264,6.734847830864313,0.0774019643022688
1641164122268914367,10344,0.017267097096661826,8.247164120864232,0.07147850314589518
1641203483846043004,11269,0.022422090499005787,8.039811948086745,0.08065929311980997
1641864411222808437,10859,0.016042777053742976,6.897688617657694,0.07811060373548911
1645179127278604147,13070,0.013868929109714337,6.241283146626924,0.07892563532254879
1645877888374386773,11604,0.020573748393591863,7.750109942951454,0.07966115237595821
1654731349876534306,12617,0.03656745290629192,7.800245626287629,0.10377605992513575
1657985062613781442,11260,0.019574407563197456,6.577405041986053,0.08552318299454498
1672515018322310438,12315,0.02887738519468766,8.449020426497464,0.08794172674850945
1676491360097326989,12558,0.01664438046743634,6.64794878445439,0.08060303711959317
1676721123802778098,11081,0.017906130338818493,7.301086289207775,0.07841534249380983
1681222766525308468,10114,0.013886310184961736,6.2613912932583995,0.078825495317835
1681414755371081142,12564,0.01673775996057765,7.039880198498288,0.07827633898519526
1684938990432178938,13783,0.01567023796225308,7.0681711658974224,0.07646742705889016
1691678206869789431,13967,0.020260182305281066,6.740130897068182,0.08554547772124924
1699892583793111746,11934,0.020568477823263695,7.676458299393868,0.08011713869965345
1706104291481141521,13529,0.02945666274485395,7.612974442917966,0.09409403948482749
1712070264108547701,15024,0.014999207459806232,6.613365330881321,0.07830788489638563
1717536199017472867,12534,0.016423125758281074,7.3965327870034425,0.0755486615954612
1719731640478982073,13288,0.017485368522097765,7.577093752814971,0.0760336517290372
1729534621723472717,12934,0.017705272680180115,7.939141180922409,0.0740885052417558
1733953001899458499,12014,0.011192411157061702,5.602429211274542,0.07886224361033195
1734759837906140485,13794,0.0165414805665639,7.951051276164752,0.07223574489298613
1742104199129455371,12596,0.013546929352605668,6.6778540915253055,0.07568318660672199
1742965227426727331,12607,0.03724465774485637,7.838277469097819,0.10457089019006227
1762577277237890624,11808,0.016116906159107755,7.265431896309745,0.07590689588028783
1765215021421485405,11478,0.023029176623847222,7.432546289552907,0.08541266902107804
1766523548968615925,13562,0.017103382239657454,7.11352377364105,0.07837084975301892
1768243692935379975,11403,0.015393829081326835,6.092494160442845,0.08219239325834563
1768429415486759639,12201,0.019107270867664145,8.402399894954474,0.07331136204530578
1769545202675175990,10515,0.020357899369165103,6.9497447840950475,0.08437408471393285
1776922063304536438,11499,0.014373548152925932,7.038481841739438,0.07467375651095065
1778455561156461528,10743,0.015958202470117786,6.644598195026001,0.07957599321378213
1798053935429947331,10161,0.021713002100410432,7.536568277236349,0.08274679591155891
1799220028054325696,12370,0.020487266168878457,7.845043677988845,0.07893092496740627
1799592021610814664,12834,0.013089687231275599,5.878799723617301,0.08001912639491501
1809699879527078987,14357,0.014125947273287826,6.931267881200162,0.07497103435242478
1811668606133631185,12498,0.01503782251406034,6.793280624804155,0.07723332608822825
1812113713916741796,12314,0.020247595608390654,7.545537540516675,0.08045184056344397
1816496584097669561,13512,0.01548993212215195,5.88769355274192,0.08362952558384205
1818476682774867868,13170,0.014940481430373848,6.557070636601735,0.07857286037048535
1819022345104979750,14330,0.013328379450552503,5.998869686041974,0.0796272419720805
1819488486177753877,12543,0.01486747675445965,6.535671946740368,0.07859616491383152
1819821445981021471,13552,0.01640758802224453,7.383151458436003,0.07560923547988331
1820955869129526561,13345,0.014351052220322345,5.9404175827481,0.08155767379737643
1823538788059799730,11840,0.01747896909229139,7.329366291780864,0.07758466673132683
1825065281720101934,13155,0.013219129542034613,6.532631973739321,0.07609742642472038
1826593274881366596,11712,0.011695300414135726,5.838910370180041,0.07814048582350275
1830786626989342365,11686,0.015649245348590437,7.055958154247971,0.07651230757860442
1841595382789054336,12530,0.015606841643292303,6.475253434604997,0.0801062260853228
1844630927960040398,14976,0.01494147263951591,6.738823150719521,0.07742925491405488
1850462276919610036,14648,0.016884943526887457,6.9248026247620675,0.07922620412057098
1863964414495981150,11447,0.021846767520791507,6.372593147327442,0.0902846733586669
1870571730536291207,15039,0.012864458463579153,6.373993288741938,0.07655514989221121
1874584789669798479,13637,0.020033980614825333,8.831005747405412,0.07202653189236496
1875114017519572070,10843,0.11047185751038975,11.457634349652944,0.1936237553377299
1877472084371756304,13628,0.01397731263653632,5.964524774157471,0.08083489147972703
1879939270665160698,14440,0.016457142488367126,6.856036537123602,0.07900598345732922
1890166414521790474,10662,0.014610883974764469,6.087409898142461,0.08102845806039013
1896898066121129162,14177,0.017689569169188367,6.959641202311479,0.08023579180745519
1904727819314877970,12394,0.5524080395971529,47.09544369597253,0.6441587048672459
1906048049641043872,11568,0.01724388604437387,7.742114883353206,0.07462507660792257
1912864780150504391,10935,0.01921757781750632,7.442781631871899,0.07952586932647214
1913847538244156141,10199,0.01533645639066284,6.62143637984335,0.07877218997784263
1917786244968192182,10964,0.3730640729409588,29.23006032968633,0.4827659581161607
1925911653226921123,11773,0.014249141414588225,6.984696030658853,0.07482259600707886
1932633921266985832,10837,0.016195632800731212,7.294424594579192,0.07584448624099845
1934038173165030990,11417,0.011805385498089288,5.890142399645053,0.07798585957192311
1934248856038260360,13933,0.015590414529468402,7.556171121656178,0.07327088370013221
1938258705698379084,14131,0.018827069567060248,7.9179116411927435,0.07593583336665952
1940305281278072563,14125,0.03415129180122671,6.179440770268467,0.1102970858843108
1941134432512351486,10851,0.021289018003025115,6.692791262683012,0.0874153102065557
1947139453192112155,14799,0.3409833580104448,25.639740739006296,0.4563824312101348
1947953994257254245,14116,0.017019030708197633,7.6476883246440845,0.07487653266693958
1949572676355244768,12299,0.017142443120664864,5.9773276648260785,0.08558904378161089
1949644876496907334,11918,0.018462209400781214,6.621462259328725,0.08354669290629252
1956774159398282557,11086,0.026504036078007706,7.951605403459893,0.08745030662084295
1958260697459110822,10895,0.0328658310544947,7.3940820502234805,0.10068074630391453
1960962286634836928,14749,0.01344351421020151,6.632180274867656,0.07581298221314495
1964658032127962089,14287,0.015327154336904972,7.445412223158869,0.0735665761934555
1981370748136454919,10368,0.02108143490323745,7.5361309101686125,0.08178481680768085
1983345848006400764,12951,0.017475308790212148,6.5592239022022225,0.08243130611964444
1986704754936182221,13409,0.038672190431548945,7.391461101612392,0.10956661873377883
1990329322175844148,13181,0.059107644949907376,9.10092184555475,0.13001194411138173
2006142002587097707,12832,0.014017446710136692,6.322807743190135,0.07863885941011332
2011227981112992935,11320,0.017372380604004437,7.796798938664245,0.07447682203349548
2019544488816078636,14888,0.015432722323529215,6.970281502554224,0.07672136324781086
2024343161168838574,13470,0.1636940065863864,13.994475032936228,0.25893872556782277
2029267895687939983,10639,0.015317767536393488,6.910938639285254,0.07691965267150469
2032210048517941904,12039,0.01560023059317123,7.04214515905145,0.0765244641644885
2036993820650846299,10847,0.9617510717458742,119.85922919342694,0.8109970734009789
2037074411862056745,13075,0.015373802851898937,7.465086174838054,0.0735138785519473
2038161903238965289,14722,0.017103113778161337,7.410251145379006,0.07650092872126942
2040834234719430286,10312,0.01530617828415012,5.370817088618003,0.08660538257113988
2040920732006791862,11126,0.12781562413614594,12.73108318318549,0.2120935139205452
2052352214717432154,10741,0.04831126034331318,8.285945750556326,0.11865489867502813
2053781539976678648,14781,0.015483195323603084,6.396369798760759,0.08041435430547458
2064309238014853610,14852,0.029935225594892922,6.77396334033555,0.10011118952903876
2065265582084779122,10544,0.020974356863862925,7.231075332874802,0.08354323467360734
2066189866380874548,12955,0.019812835022351885,6.276323088923063,0.08778433360610172
2068222813146441000,12015,0.02115474231296657,8.125317679433145,0.07818466389713348
2069893294532185163,13775,0.01798805350630625,6.582274179466587,0.08306930978124409
2071642571863659678,10143,0.02667208402004791,7.612293855260647,0.08984481376397994
2074921682400585379,14827,0.016017604196397608,6.650863775786897,0.07962725496555517
2076694240362295040,13265,0.04931105037582334,8.598631349788839,0.11821204828620899
2076759939475503169,14236,0.01614686934702564,7.255800891357076,0.07601334490224601
2079761250509702991,14089,0.01771354805219743,7.413614228418354,0.07741219347825996
2081113707629912860,10267,0.016460108862527755,7.388049201693746,0.07565860447468388
2082046591337678520,12475,0.020906897583002564,8.784717828744064,0.07365156835007927
2086839907410012211,13029,0.01906187206769896,8.508893492130493,0.07257105845876084
2088072692297128378,11529,0.019679891131513697,7.773323567534313,0.0781495071408644
2089432910909101054,10355,0.016859688448354965,6.892696326663026,0.07938990993859432
2091413099309659995,12379,0.026297076190099612,7.078071414509825,0.09263781265530686
2095393926341080666,14969,0.016489345387180915,7.146310872065186,0.07722632016794752
2097254583912476444,12114,0.015465861275861092,5.784850543379834,0.08424071226222198
2100816114431332766,10823,0.014310885246980192,7.011411230643341,0.0747485939270461
2101986258216769169,12187,0.03271156620056721,9.531164875555067,0.08698055553942266
2106084357521831115,13207,0.01654408309833356,7.053117099514654,0.07789709452004982
2106486402880330973,12031,0.048561112684979146,9.593555240393648,0.11079804829041597
2107221531205505608,12429,0.01671410151623632,7.519736534265138,0.07521689738527892
2109149429450991752,10632,0.0168459938632021,7.57627705779907,0.07506213646226201
2110848929090961411,14037,0.031957986688227046,7.480524710122916,0.0987493651109504
2117634002298184427,12843,0.0183931452938566,7.776541413095648,0.07616369683778171
2136326360130803705,14949,0.019036888793062267,7.010172656836039,0.08197548621697949
2154614221508666101,13906,0.015017995451025112,6.647434970745099,0.07812193053716694
2158818321758353221,10030,0.38806787747761773,30.92016681671686,0.49503624235858484
2160616134928041080,12511,0.015368768466646771,6.93642062070475,0.07683701035053978
2163186099865687140,12467,0.015065037854002584,6.607876235915757,0.07844302614720082
2163322696348167474,13334,0.28649529695270537,21.77246746941464,0.3975160502181135
2164325548313272322,14475,0.017513534823215243,7.343627608575098,0.07754761427854828
2167921335848781667,11066,0.015283426476100074,6.156019913362275,0.08162351075934632
2168710882990152839,10084,0.016811969322657515,6.8758274084558435,0.07942329926975751
2170492911968104080,14073,0.019048698879648447,6.099467089739848,0.08773136590545574
2172570136262125393,10943,0.01635866667982137,7.374234342423056,0.07559068859726972
2177257868224289670,11940,0.014390487470047644,7.045792424496368,0.07465357190448116
2193646841255380613,11133,0.02366897094258181,7.8039528603674055,0.08404994861435393
2200828503548232407,11726,0.017290848826333846,6.364038956432304,0.08337928859661829
2202957775120924116,14448,0.01571416708625595,7.608011827449657,0.07313329993101232
2208909034523595816,10212,0.2963166759104438,22.558333357006443,0.4075671570291059
2211375823791577140,11639,0.02327133191676737,7.707917227820751,0.08404761112361694
2213489861171059969,10243,0.19675817095615364,15.394989791450342,0.30062121492834615
2214867432597381285,14564,0.016202912776278385,7.811392000382809,0.0725984880385714
2217759905481443846,14205,0.016519495106073458,7.429302934016679,0.07548940206851201
2222594604806902681,13463,0.018086432271079103,8.0845164974945,0.07375480860544215
2224099386166201584,11262,0.017010686576857507,7.069226121020647,0.07850834920348347
2232912101894114332,14189,0.015104862862385935,6.804277946748654,0.07726644400771711
2239933339135094064,13732,0.019599603940098114,7.713253966023457,0.0784053309506342
2246875618773560325,14990,0.02658253718234463,8.152728560955689,0.08630305602747325
2251045779546925731,13871,0.016849634021038166,7.454343215156543,0.0758359329108467
2255748132740496261,10811,0.015499670025814474,7.5180670448112465,0.07337234138531262
2260938586447507808,13048,0.02087679313404714,8.739317536738268,0.07389162455241159
2264319414535420019,11700,0.014992102980455925,6.747356814312265,0.07745282825100479
2265725370011887252,14860,0.014949963459686449,6.250169697243342,0.08052095323977593
2286776882136337208,12464,0.01680778489738905,7.0222012265614895,0.07849468900904141
2288864355943487144,14434,0.01540891571279016,6.7651184566856655,0.07797761409586508
2293644607003097560,11901,0.015862461980777197,7.669948109243689,0.07296959869618631
2300364069769125530,13810,0.025444143794446615,7.977144239740345,0.08567038889281343
2300611871454627115,12565,0.01733503808602579,7.059078747594179,0.07906773710157829
2302545849847711738,14102,0.015672549302653403,7.062930918038027,0.0765039735202056
2303112251840229541,11339,0.016119231393670566,7.776720789330139,0.07268910627677096
2307343057437809311,10726,0.020418714760325092,9.033984675871304,0.07133536777551243
2307972721520398220,13639,0.01849577507632045,6.950313119395902,0.08152606247727619
2308773791374663481,12346,0.0199856652646539,6.806445097716374,0.08470833788502286
2310234017296407999,12672,0.014453848766495109,7.07311030766872,0.07457824337619205
2313217738193516479,10938,0.026387954924535995,8.038340951082347,0.0867265182387887
2323112816125908640,10158,0.02455210725265836,7.182894772396092,0.0893118963636079
2326328235081749192,10350,0.2564502627206324,19.348275177799035,0.3668949695287503
2326714710159412970,12866,0.017075383225208168,7.683282563166455,0.07473835342951664
2331728255644869988,14101,0.012321826917290266,6.128065696009266,0.07727571696148171
2334744504582950900,11567,0.020507019687057752,8.481777932132783,0.0749493973998844
2336283037654241314,11820,0.054153936183395535,8.454153202989337,0.1265199525016211
2342229058781045167,11436,0.02990210691010531,8.173832423443871,0.09124081842311196
2342905799194049409,10336,0.014395854315075738,6.505076840429428,0.07806851225000352
2348024672581773485,13217,0.016134503638619725,6.9896542323456,0.0776712951889349
2351223614586648481,12582,0.015962231494842594,6.4520894666267115,0.08079503601146004
2352138546156237711,11440,0.032743968421436793,9.486592358938998,0.08731087690139952
2361330947049669766,10403,0.016334042052064533,6.6443120261206765,0.08015190057289771
2362060470981377305,10219,0.014123629813852952,6.149735053158518,0.07989148966184535
2368069731407564412,14892,0.022459296752024176,8.707158382620724,0.07651155504757738
2371869197837038460,13779,0.014982641021573151,6.763842909739268,0.0773345053308493
2374845763584896295,14122,0.01625369832248033,7.8324038732614,0.07254368033281984
2376068895311933425,12902,0.017873896514536518,7.748567052117817,0.07554678191670748
2378906860985499369,12802,0.025044100288703533,8.414822404037187,0.08230175043528633
2380467082530516336,14637,0.02246990020977463,7.945243940865561,0.08132814305145954
2383290178798946250,12954,0.015613490623126627,7.047494037241376,0.07651101894311328
2383699851410629712,14824,0.015045879085866343,6.169296043280322,0.08117700580526858
2393316391632798696,10966,0.011964217054556563,5.963735005620992,0.07776481346149527
2394175171872683326,12685,0.033805373389670865,7.8524600137417915,0.09922794105687166
2399424545540611447,10635,0.02295198912903247,6.970740595940466,0.08820433906108549
2410560571270003030,11956,0.01839940365852166,7.332490219313904,0.07897097147918553
2414141056349757479,12891,0.019804194605606305,7.871192445107386,0.07772276749540338
2415812329661071143,10268,0.021710027890748367,8.083680710409253,0.0792952074567147
2416279807043695555,13264,0.022161302215973053,8.752924033785327,0.07576801751031309
2425090139605167523,13325,0.015511898769071306,7.52320646152793,0.07335864054568171
2427114223001823474,12532,0.022145517403759626,6.445338082493465,0.0902826966882298
2427188530902860273,13184,0.015786359738358163,6.285276534720875,0.08157738121541096
2427311816449022415,14207,0.01512653040919558,6.247408724389854,0.08080805900045646
2434781117790867972,14537,0.027029921281293553,8.438411589463959,0.08518651963487697
2445519567804939409,13703,0.024452073552877655,7.656784480432102,0.08617338198761061
2448261018392584900,13739,0.017985401320132634,7.0146652050171205,0.08034100777747093
2459370121634797890,11873,0.017941591860117095,8.018125356674883,0.07395185419158591
2464941209069179912,10874,0.01988546750027435,6.111864124679739,0.08893144423400756
2470229957868964086,15028,0.01673686808420243,7.4889110581431835,0.07544588773745554
2471408202077863930,11027,0.11860189855068748,12.426143122086103,0.19994057186052047
2477591510004233277,11430,0.10013954963198711,10.610653200706544,0.1831772444232561
2478630400618803444,12687,0.01931827805158827,6.440172180954015,0.0859965652109943
2481117515896121276,12432,0.015269043485416736,6.890698433749782,0.07697274752436593
2486716949332405813,10423,0.020127076780100766,7.44177086888874,0.08092152000691355
2489441122046952269,12458,0.01433731231086707,6.476878248622831,0.07815675121366226
2492280645667714638,12203,0.021531662573008842,6.759850480350213,0.08736345374850342
2492463110797588120,11416,0.016290839211005766,7.144467512606732,0.07693471097688842
2495666447250871087,14281,0.014020452394405823,6.32064676282117,0.07865706578029824
2496666526547843240,14669,0.019655287173890375,7.7097753620660106,0.07851230519581981
2500630040745808328,12063,0.019209968594737337,7.563105142164519,0.07875615582304654
2505474086179984779,13262,0.016538446108410175,7.450737779355556,0.07538330139030261
2505489810858650398,13501,0.01638738499634769,7.387057772400935,0.07555376338227111
2506499024162916458,12176,0.07167639141673154,8.718528406031446,0.1516202632928667
2509443165639849880,11974,0.013619046753457188,5.754954472786337,0.08160801503402296
2512530891237247657,14825,0.020628646936662852,8.184509243223388,0.07700810755146835
2515278319335150403,12918,0.029768003193764263,7.2923265618152335,0.09658984033407013
2522394769562576729,10725,0.015445656334533677,6.962624484208156,0.0767893628051599
2531711635430491612,10852,0.016068449788953974,7.200356000251269,0.07624288389026333
2537065664935540058,10918,0.0159454044636275,6.656595380504779,0.07948085647413664
2545947566494268476,14618,0.02190890685071363,7.103087792385976,0.08577716011079704
2546969837205480071,14000,0.014843393366612515,7.240132952666046,0.07412096750717957
2558171739863598214,15036,0.012449865576390199,5.431304295295514,0.08186119780021543
2559231141404907685,13747,0.015467267479567746,6.972905330505248,0.07675760058611276
2560855918776451283,13148,0.015253380162411064,6.333650386794306,0.0804584653512388
2562483442853190887,13389,0.017362373838452315,6.462542067176738,0.08286793258545512
2562776236190255260,12437,0.0427650516513744,7.311168662286725,0.11632444385858065
2564687147668812475,14604,0.01864735510331081,6.687002533509878,0.08341657549043562
2566763792341437183,14088,0.01765694432849629,7.219280179080385,0.07855011854712689
2567933351502133261,10695,0.015131475884912817,6.689864216695406,0.07802795211611414
2578480340116940967,14329,0.012203018855678045,5.4700571968254454,0.08123997319125065
2580448089974634639,10692,0.04702754402559348,7.520712702140512,0.12151528947603163
2582467863698049262,11287,0.01664266466047912,6.9025364203462,0.07899640381732954
2582530896590281073,13067,0.021480151886584954,8.540984211753743,0.0760628559953871
2585225192234624359,11170,0.018170921770253427,7.999526366880489,0.07441934306155035
2591661498369219138,12452,0.362351835448391,28.08824640547436,0.4735966693757929
2592167633700069120,10817,0.016252997233645816,6.758019536776639,0.07931169602155802
2592458690716004845,14257,0.02098822832405439,7.3335298230779316,0.08291891601656837
2604103488386258205,10540,0.01859151803989104,7.168453506060244,0.08029793334189239
2616854213424841652,11898,0.016918220872851844,7.051090920992373,0.07848136513987009
2619180127633807392,14919,0.018723949398903164,6.354391477317631,0.08562916889743162
2622423681499634786,14510,0.01420742605208667,6.4006859851992095,0.07843839095878431
2623804343513260283,13774,0.014514209003994624,6.503548768800467,0.07825892951354425
2631270976456078995,12001,0.028467720055943453,7.598967048157646,0.09267165742137827
2631691423653101105,14284,0.016117688638065716,6.687052876587386,0.07955212944795662
2633092487192872752,11702,0.016120940283072985,6.477492302925786,0.08087741878870247
2633785575633910314,15010,0.018775633520968126,6.042203040016149,0.08767504004696496
2640570087356066323,14476,0.01614249195874563,6.815637888559265,0.07877987587763018
2651512073758520175,11402,0.01647724830610673,6.702193027182151,0.08000597633723491
2651757401891043031,12066,0.01968799387458897,8.747982233896822,0.07202111257574136
2654411097140824761,11310,0.018948527291540895,6.829054784372594,0.0829816328470909
2656169393047983893,12194,0.01610829838440589,7.119519145489539,0.07681306081169965
2658266561422464216,10636,0.017046111536760923,7.003826553620989,0.07897450731483066
2661017207359899495,10366,0.017824321504846072,6.881007746453795,0.08093705420074523
2662438323653723849,12556,0.01739968709339519,7.297746356916674,0.07766278077684136
2662472610548246008,12155,0.016336650489421945,7.059550251977852,0.0775397043699617
2664223492819788474,13727,0.014198117674945988,6.410294689397741,0.07836363318181866
2665286276562274946,11496,0.02036182375533286,7.796715960673122,0.07904379408918827
2673493931815020769,13055,0.018662874144621405,7.550801092105664,0.077997976197313
2673999773527110884,14633,0.013915084233506955,6.136484817534684,0.0796564132895529
2674152993267458040,11829,0.17845524026906898,13.993575129859298,0.28149254936471657
2681963677304870639,10133,0.06733458822542471,9.35702757547456,0.14096522892338254
2683750423862426202,11932,0.06583260993556053,8.798576438179373,0.14218940350326828
2683755879657448733,13013,0.040677841525920515,8.018296052282093,0.10868096933265262
2683944105235630151,12061,0.040965658167049515,8.008317937251741,0.10918348290391873
2687272716666063592,10814,0.014217509714285384,6.252039048006611,0.0793903340863081
2688003577930492033,11438,0.023833424084622527,7.86705927622104,0.08390355715581464
2691054840515392108,11169,0.016794849243334683,7.273353794523518,0.07689255952506649
2694620883537869084,10232,0.018138344028011073,7.838199300063543,0.07538601013391041
2697965634219919129,10360,0.01745879349168427,7.711091622478608,0.07514881309340397
2698706828143611918,12069,0.014100626112492801,6.9202655587374,0.07500167504181593
2699302037587584087,12333,0.019431074231701373,6.455744897853181,0.08607074933934893
2714921355315734946,11487,0.017862843234330933,7.589699118825156,0.07653083453750618
2716333597664830876,14062,0.02366603021033545,7.538990879836089,0.08571483180060221
2718847845566500613,13740,0.012265558783991899,6.102331422813278,0.07735190304537935
2731434852875181669,10654,0.01703971201301879,6.2182604419143255,0.08391413860266576
2735026019893343102,14562,0.018617524572027984,6.656634832843621,0.08356233827304334
2737139729608173068,10601,0.015894725175978577,7.036133861886294,0.07701218578833996
2742874745972216502,11528,0.02092010807458586,8.745999425601893,0.07391569041486669
2745181765725628884,13903,0.015537356825944855,6.137623487712345,0.08212730117503314
2747890519756690450,13661,0.013333620896807123,6.004766193196129,0.07959809786370176
2748043080701018715,13843,0.019030683033200418,7.730784006170112,0.07742584317672296
2750522439775743220,14928,0.016885381465764994,6.460959583706668,0.08214928512523631
2751296240821816842,13520,0.018436821020221577,8.06739004697509,0.07439794024769353
2753551411311148411,12873,0.02650566404687043,7.5852819631794945,0.08976078970695574
2760122448700006226,10529,0.02353616757830406,7.588488077167925,0.08520460959920813
2762691915470747896,10762,0.013804432457509622,5.904434166388582,0.08094940953125311
2772585759763993252,14874,0.01568691484281817,6.960284587386495,0.0771726335801484
2775620546060186845,10711,0.014401857606805051,7.0506977611986,0.07464003432739356
2776121020900424270,11896,0.014336863388040012,7.0226390318908685,0.07471753617746232
2777498749270830634,11628,0.20206528952717676,15.859313667770834,0.30580252990400697
2777709330868019892,11238,0.025427805304835384,7.044520019471343,0.09152136793403681
2781132121904575545,11201,0.013720351715067637,5.811458115494497,0.08140676347925405
2782440183603506791,14497,0.01694250269670028,7.606380600800118,0.07501989076336335
2788348608481357355,10172,0.029595162234751893,7.042244417214031,0.0979014472596591
2790651814349105726,10653,0.018394308645681853,6.899270963558063,0.0816926576514915
2793830733724979504,14286,0.02044031724275045,8.087178587853899,0.07733365451019301
2797348239787907035,14715,0.015881867190766494,6.6331667183941745,0.07953141241699634
2803819683321089109,11875,0.05575455181037472,8.633665777572306,0.1278339259813539
2808644902444474598,10830,0.021962647142682964,8.568173401938662,0.07662857590560636
2813553823237595467,11670,0.018749131589624296,6.770481669439158,0.08304608691148405
2814310960663468544,13899,0.013677521919136959,6.735348658799108,0.0755204293478065
2815469129222495005,11023,0.01552314602598984,7.0020790498264605,0.07665914939834668
2818447524968788500,13314,0.014885715648758895,7.258185026439033,0.07407187996990346
2827601969488215478,11731,0.03012360774490109,7.998036468307384,0.09268675714576921
2831137036829148153,13737,0.04764065439514319,8.492992761306661,0.11632604546300951
2832957439392740290,10707,0.04981079278776342,8.464114689630263,0.11982293054830875
2838424296054931357,13926,0.014407076733959408,6.310693221168895,0.07931035576176822
2842021727912199718,13131,0.017198676583199686,7.427957743277108,0.07653534406329154
2851399643109383776,14587,0.016156835661751412,6.460437544498097,0.08103970224257595
2853068346886026689,15071,0.01790426883415032,6.615616707630265,0.08273125422928657
2857735846389343673,11297,0.016978231322190274,7.10424646357179,0.07823812966456431
2866384999471750198,13786,0.012926722459642062,5.8113087986276275,0.08019541568293638
2870331979839204807,14086,0.012905709330605924,4.925547013129907,0.08574400046093039
2872722590164734050,12678,0.017229875649055485,7.609418829633383,0.07543971798539639
2875718306838151861,14245,0.026111934660457258,8.197658236431534,0.08530112247925702
2883751358404058946,11981,0.03309866091340032,7.738406730936041,0.0988670051322951
2884011488512818746,13741,0.017098398839774334,7.3633125563119215,0.07678945997435513
2886428598936322754,10528,0.01803432469034099,6.4489199908638035,0.08398017931520173
2886932564226846945,10335,0.05280538354493408,8.805085477551586,0.12224897927031875
2889145492843455039,11248,0.03990108300012631,8.455760652747992,0.1047382347950529
2889966049931556306,10683,0.02038863657281722,6.210836160871397,0.08907648089853427
2891536124280594630,12423,0.02551635232768632,6.651316250571422,0.09413397976302022
2894071436685916677,12153,0.01745169265803104,7.288275554824105,0.07780189073369691
2896980987440295277,11894,0.014839077643727126,7.238291110189214,0.07412597953770038
2898611288122958781,14561,0.01618442953228387,6.817557959186441,0.07883183929466898
2900094781774037466,10834,0.016468058753032692,6.957224549046471,0.07838513002679537
2903658941831067251,13921,0.05696916277151504,8.76486018263177,0.1288626930637359
2910903903664140613,10145,0.05440331733943936,8.77806393909301,0.12486011054277152
2913544956788485329,10180,0.7751030255396545,83.21623341098191,0.7567542527918791
2917195659201819839,12890,0.02264250188331561,7.026109771765658,0.08738273975756802
2920259795327955234,10693,0.01631654891540173,7.022024319708386,0.07774542833758791
2921297231526186663,14081,0.01298969483251931,6.430193538505955,0.07639236566823662
2929578150079454939,14673,0.011164660333455716,5.58925879755147,0.078902832842857
2931415037515437602,14907,0.01715915665393744,7.708066463420435,0.07471017013414884
2936311023586683103,14674,0.02399446161827975,7.489061160363536,0.08653109785544683
2938855469536520180,14454,0.031125199856448064,7.345436631161102,0.09832837577752822
2941592869726099630,12841,0.018122842619178882,8.111811410608126,0.0736384565501164
2941929660623444605,10294,0.017928491088899812,7.51527837570824,0.07709999619107967
2945074628604270488,14871,0.015352142701628678,6.790875738707684,0.0777286098680981
2949241222191438682,13994,0.042064776261168946,8.57398951170849,0.10729843740770215
2949271106944751119,14193,0.013290959764014492,5.989425889823535,0.07962958247018286
2954329499628081159,11373,0.014838075233131895,5.751091111864244,0.0834944524037275
2954380306880775405,10789,0.01379452450369176,6.228905071307246,0.07888996765930069
2960406979299442637,11007,0.027111017249156696,8.506646198657853,0.08488048816683497
2966482512619226212,10610,0.015374001726903713,6.641018834228236,0.07870616347545885
2968403137276661267,14579,0.012364467533627663,5.540563325793229,0.08104237094126823
2969082911083763539,15027,0.013906871768884131,6.24451578080173,0.07896322668907019
2972185597944898460,13657,0.020308838575532097,8.532050424945975,0.07432993231331586
2977248230619809080,14517,0.014924277369488793,7.274617301582685,0.07402725351378805
2978922452948360579,12760,0.017558476077779155,7.881507023260742,0.07422738991008841
2982918152637913737,12805,0.01703361086124952,8.152345192174447,0.07171924739105054
2985747970807972999,10189,0.018828850676475557,7.643577784910188,0.07766697616031437
2989158568281739133,14917,0.01918377011017062,7.870824340237328,0.07677737276555989
2993886880975710571,11906,0.016490989917314187,7.303072726850821,0.07624116465255762
2995221445469198892,12495,0.021041196265311396,7.25769093718783,0.08347764369874645
3003539299745173856,14912,0.016263987540847548,7.3302285114549655,0.07572331963542656
3007580355132654920,14644,0.01608086265617473,7.241959400605498,0.07599972541567991
3011956861785403716,12204,0.01271861979350158,6.308288614962446,0.07674634557291189
3014649422608373849,10053,0.041470754362659734,8.541989260359749,0.10659266952790927
3019070532414033332,13078,0.014518910274384827,6.561103556457935,0.07790349073341653
3019494532621618728,13299,0.01902477397626056,6.844261805526863,0.08300229074773609
3019857434909183899,12247,0.018629932751510016,6.9475579325294605,0.08174835055543575
3020941831570887564,11061,0.017404191477855824,7.275827424890768,0.0778077601014
3040258656792085605,10721,0.018608542818826748,7.78523682044919,0.07643793711776545
3047600900153634949,15025,0.014891409247851938,7.260612179961514,0.07406528496670987
3048142873514206503,14060,0.012750747860277554,5.732165615041739,0.08042524640895342
3050637085712336594,10035,0.015698189262616333,7.053782695320243,0.07660077696605924
3053480448138564210,12886,0.022592866261509907,7.884687685220422,0.08189750741067103
3055109104110085384,13685,0.01813680579257028,5.779369647606272,0.08835517889927524
3055148300373148442,14190,0.019432885400392362,8.331036404932792,0.0742583672898354
3059022875649317969,10960,0.04112846013709502,9.275697968718752,0.10144712390773623
3061214935716322758,13944,0.018922144773728188,6.574241725334696,0.08454676551823656
3062016100191683702,13513,0.019392417800205102,8.178148448319282,0.07515981235751851
3078981895220033699,13415,0.01535653470183229,7.457805784824616,0.0735333706305006
3081052300476816455,11282,0.019590447272525,7.147164788367815,0.08195795089557145
3083836244038294905,12119,0.017662163433422737,7.918467671453431,0.07415290685107484
3086799399300317247,14737,0.02355236177412103,6.837550096354603,0.08996058113778552
3087955082969312930,13286,0.020343405250932357,7.770739812255049,0.07917932034749577
3088373808724815290,12485,0.014895759641721431,6.606626997963029,0.07819232017996033
3108930026899919980,13844,0.019353476942879515,8.623099179888214,0.07229694691268976
3111411354481910021,11653,0.015194746136344792,7.38945496169343,0.07371687433355838
3116089449676256066,12225,0.01805573719744681,7.573693701770354,0.07692632595467698
3117151073972100513,14664,0.017359302349848893,7.350803569863624,0.07726680865014415
3118149793189014450,10507,0.016263069036748963,7.3281315190347724,0.07573512855784294
3121641231051944902,14008,0.01687899962751064,7.479550188687543,0.07572197475993625
3126977921469282908,13381,0.01715504571063397,7.1682285782991615,0.07810510303722962
3128493397660372497,12476,0.015315241347531077,5.854412045713953,0.08357236895998284
3134584305432824357,14308,0.014770697555897676,6.176786421751731,0.08070946650035947
3140348980019826714,11592,0.015856383240378063,6.685460373683153,0.07916301236883982
3144012677091681155,13916,0.014176433650605072,6.081558123033407,0.08040169303068687
3147865372917106365,11540,0.16250555117436363,13.196113537064923,0.262153353353664
3151248292510439244,13116,0.015411152678399619,6.942484283358754,0.07686354959433744
3165070137294374291,10628,0.02012769673022113,7.401794183170518,0.08117433742956738
3168624046515633477,14777,0.018457084741058588,8.24664947064591,0.07329948158492623
3169323769914940585,10961,0.014777471888753375,6.666023159259336,0.07763741113606029
3178788624652972769,14698,0.02115643796235342,8.620102653386642,0.07506989442421738
3180176453366236859,10372,0.012041986838962258,5.999630935700578,0.07765744884876022
3180566091764477001,13793,0.012083797416411007,6.018892395777055,0.07759996001226832
3184834657952934931,10758,0.01653689944048527,7.429959611003174,0.07551185027565534
3186861317132970739,14556,0.01762557653858334,7.117331371326877,0.07914452510403594
3187346694771625322,13697,0.06127826391455064,7.784159322898271,0.14162379308695952
3188267698405573787,10440,0.020895921523705372,7.645477160395556,0.08081251174322744
3188776421656083660,13003,0.01675883639915356,6.123744694080455,0.0840805842150817
3191582041497758390,13227,0.01605558268529395,7.245784550065752,0.07593700952902714
3199253098426531769,12700,0.019050304727443804,7.731032316163321,0.0774542513454389
3200112832884095810,10337,0.020670967427890125,7.735390162199957,0.07990239787850818
3200705441777317509,10157,0.015657702705393788,7.070615394561465,0.07643287944105846
3206316670451278145,10434,0.015779428922221395,6.787460683156615,0.07840281659672342
3210321872654380666,12764,0.01539024993417548,6.07588958002921,0.08229154206926206
3213628878932945927,14296,0.018748485347437446,6.222843635487692,0.08649545654802082
3215583679206676289,13436,0.01485996266277708,6.70568580182137,0.0775135260332174
3216002077781157742,14666,0.019713078844780244,8.254618173418987,0.07516783774527928
3219524871170269309,13947,0.017799889969489623,7.322288402700081,0.07811947517247174
3222349007900433626,14005,0.01683573260703456,7.578122989199532,0.07503483196929372
3224465137781895354,10245,0.29929724869212737,22.394866062236016,0.41314997132807435
3227351608464789901,10119,0.015707120168093985,6.748471481274481,0.0785380120219382
3228634834195182167,12573,0.06326804471307314,9.592444391694078,0.1332702539991902
3229487398074987424,12303,0.011491120321563917,5.74338713466569,0.07843043337358535
3235616932181402617,10038,0.014088776289606572,6.001903013448725,0.08076965590494947
3239021330154765823,13545,0.08158068664219781,10.969946034157802,0.1525644161050396
3240975925667139156,11383,0.11508473547673764,11.397384211895096,0.20104964388227287
3244616542886884059,11900,0.014613055204146075,5.813144095287555,0.08275976800599358
3248155973770388072,11118,0.030849411454568577,8.433580241106213,0.09105132608770178
3252624553315883610,12509,0.01772001750600717,7.937345031578795,0.07412234485111323
3259672979178064159,13327,0.2714675550178467,19.78387550632921,0.38708978876933203
3260121310266272974,10775,0.04838496261051803,8.741411355930243,0.11589785016428833
3262749520726399933,10588,0.020281597460405316,8.297382612663974,0.07576682967640383
3265309250509231705,13813,0.017118908766014573,7.162613713642055,0.078085279028639
3267701988652215950,10761,0.019384232820387665,7.395998902731398,0.08007519047028577
3269525138949905143,11569,0.016762369619026447,7.038912194699794,0.07832002969777027
3269690907349361189,13677,0.016709305286299485,7.238166827442337,0.07698358212054192
3270289825262813273,12797,0.02175761034985655,7.032478202607871,0.08599092191337415
3272984529980120355,14760,0.015274771801539647,6.867323467770088,0.07712877007967668
3275076815973116840,12272,0.014450798781046156,7.071796305144492,0.07458186323203554
3277191848396895085,11212,0.013482655965657186,6.649482562697478,0.0757637603178829
3279092025153260469,12137,0.017737925909746422,6.115049033768448,0.08563095438126903
3280843433494317670,11959,0.026392534762091673,7.28392656616365,0.09148665140578276
3298629725994251084,14180,0.3294678348731027,24.27490560147109,0.44739123376708606
3304241873672476468,11870,0.07762385030422557,10.003377378857152,0.1526100506687127
3304895031612274669,11340,0.034800802163392194,6.4171737934235855,0.10979140821943065
3305003721321594330,12059,0.016270145443031202,7.044221323552307,0.07753469513436428
3307677355470567887,14709,0.018020513514605915,5.593920069315424,0.08934595219179418
3310214725610618975,13922,0.02082974104413557,7.327688189065083,0.08271362755275309
3311668940475513759,11431,0.028609442995014008,8.981076597640692,0.08418025402651673
3318282821530402545,11162,0.033048066059703674,7.79810676220121,0.09841358417441022
3321258778664299284,11988,0.016190186212936993,6.743437029728151,0.07930762672473539
3322351201574254646,11878,0.018335222957979763,8.196644411814699,0.07342838818737102
3330319376580929175,12674,0.014434280033152776,5.913998484805329,0.08185125812394774
3334349782517786330,10331,0.01617631891690449,7.80038016803062,0.07262724456544158
3336304253983389181,13451,0.02175916116835353,7.364175547294132,0.08390345390282074
3342870648250788803,13998,0.013662476644344008,6.728735111264523,0.07553911552757689
3344711325553096793,14208,0.013074565208012624,5.880718209276784,0.07998393983525857
3345404880429787537,14896,0.015013808376374437,6.400584223936251,0.07967080128803539
3350025068567001882,11184,0.021457740309285094,7.27232770731009,0.08402170716392621
3350035653114870906,13117,0.08653639256264997,8.411019366988416,0.1762567272070035
3353302819479388258,13756,0.019668026521940968,7.027938308168349,0.08282763360180066
3355564614335413957,14377,0.01583437185411831,6.800128549147235,0.0784069302587643
3365849294926281460,13185,0.013696758148628693,6.7438005798456695,0.07549656240696748
3365922016193441896,13243,0.01575943271784102,7.092972083528514,0.07644741775918347
3368829157448084282,12631,0.027121324824380393,8.35659266185294,0.08584163551384502
3374000995206974084,13768,0.014699728677222038,6.628089626487238,0.077757654118944
3387052185870994956,12362,0.018645101617397387,7.843893205168049,0.07612422097095788
3389426717817237896,12706,0.015053167397382668,6.797978615605846,0.07722716640500352
3397340622328492098,12328,0.017427206894224154,7.814035372182633,0.07445197356845162
3402799865265784313,12064,0.018066782132344604,7.565549545736289,0.07699450907938386
3411704235005129798,12540,0.011755125447291476,5.866775234754753,0.07805630934477614
3414236834725038164,12854,0.02312938280092599,6.174358632037521,0.09349286360978445
3417223261497893673,12765,0.014168516635244415,6.949748720002213,0.07491962283036997
3418332122448316863,10069,0.016089704583389177,6.966924645775591,0.07774606974969697
3422405434803718914,14479,0.01525545612395331,6.891692429215022,0.07694572988763712
3423945674026561997,13222,0.04087977178171155,7.678580322425832,0.11112977907781779
3425018799847849181,10032,0.016428526163718645,6.8320329538883575,0.07911350427495167
3428178025997795404,14586,0.016688743407014452,7.2161828764599,0.07709068174724608
3430238102395725575,11766,0.01570562052286921,7.604436169818765,0.07314277303310222
3436739527646757323,13434,0.016134918843909052,6.744892051380094,0.07921403716829663
3439088916376953914,12202,0.013420644778118098,6.62206245325375,0.07584179524111369
3439569341889058403,12418,0.011918469889409575,5.942577592458608,0.07782823438727017
3440341776245269155,11984,0.015654399905651976,6.573741845839075,0.0795583528771444
3441034757043450442,12793,0.06933702918607546,10.868272910227862,0.13450250751811937
3442463358388970077,14184,0.013560968447632962,6.684044641993085,0.07566562852688301
3445522964570432864,15076,0.013362685740246329,6.025436794237951,0.07951226140104423
3447583113665222831,12234,0.013581353826659417,6.122658524710124,0.07923374337045393
3453227398671871758,10984,0.014701543877090205,6.641674220322946,0.07767483805774121
3453934337818943897,12848,0.012916285017428288,5.815020404609467,0.08015608750351325
3457528125839381939,12465,0.01504863586612948,6.67082779891175,0.07802134958983263
3465431666944243605,11707,0.024542754047675683,7.399349648847077,0.08793384964384723
3467996871648879670,12250,0.01991615932947246,7.854575253797968,0.07799849191620138
3476132857696962903,10308,0.11788236956050333,11.486633972439623,0.2047607878436292
3476898010707581904,10255,0.018100853766330686,6.935697705583535,0.0810148937256099
3478662353422909141,12624,0.01647639245616736,6.8838360467731885,0.07886023931475288
3479789670721107576,10363,0.01867112179697597,7.059729092464685,0.08110454096638117
3484298595724077412,13281,0.28806012360892164,21.320886675642203,0.40275151668662723
3487590949621234825,12261,0.01466684231734574,6.627811997905898,0.07770916856117759
3490832785869924261,10603,0.017835367685723122,5.68008459190264,0.08852026349394614
3490940198172490940,11178,0.01770862142083976,5.711064393817203,0.08813146923212628
3492993538902345322,14712,0.21344613992878456,16.257590317136685,0.32067774844885905
3500056426559922583,13435,0.015665497972549396,7.065388580034333,0.0764777181019791
3501016115149734158,10869,0.01524756562941482,6.525098202361473,0.07924337935528135
3504090838582343198,10810,0.021177076344178525,8.253885705498075,0.07740874544389285
3505502845238150123,11920,0.020883073910746938,8.64096563666212,0.0745208781612707
3506739283657622516,12093,0.29477750094790733,21.190878355080855,0.413831587474744
3509745928975578199,10169,0.01961024769202892,7.191800211639093,0.08170697403455719
3519756562559267574,14013,0.017709516346127552,7.420403990754649,0.07736325650303681
3520421065745719103,10066,0.014305971303907511,6.451567951231617,0.07826834287593921
3525627725726817517,10818,0.015391001242785616,6.943008725796634,0.07682946355743182
3525960756714290016,12538,0.01478479044845507,7.2151064852156255,0.07418912766601342
3526028358115666275,14128,0.015321380612654444,6.888439972435893,0.07706692308093539
3527395423892164520,14950,0.016695162812271343,7.511058235431192,0.07524264508191035
3530728562783579388,13458,0.014344115155242015,7.025771956332873,0.0747088746526143
3531230742954134474,12159,0.014954119838401078,6.589816099877339,0.078387382780001
3531852854177049935,13953,0.018228109172655927,7.649373510290341,0.07671281289291662
3533806101560384775,13802,0.017008581489119656,7.650842611278316,0.07484069785131806
3538938762487353059,11690,0.04371279006641664,7.143201341010968,0.11883040488362005
3547710252308799568,13516,0.01649316956218311,7.419856335932306,0.07550870680023439
3549551209084091730,12016,0.01706163109303263,6.5704515040401095,0.08172866432613783
3551635802905621328,11394,0.02219941265278806,7.448487534205936,0.08404474703579397
3559265222376781882,10925,0.012635713453902481,5.338772342557618,0.08272807646250889
3561372569084710156,12601,0.017706017301876327,7.280396840384647,0.07824001730765331
3563074347304998233,14857,0.030882171839655335,6.71065844925746,0.10195652185617939
3565348130975984548,11143,0.016001545674881986,6.868757077050132,0.07822990300763652
3567885054615621103,13846,0.01552908308781983,6.875554243843118,0.07746537948261223
3569722129169271053,12935,0.0143843216766884,7.04313178020271,0.07466091671209084
3575820048118101441,14262,0.016774340270994906,6.922012756130955,0.07907483225871878
3576283427002404729,11953,0.01578976578556649,6.989536179469194,0.07714544327166531
3578263726887575586,11024,0.01882544288773602,7.927566809099725,0.07587251683394425
3579222560773567497,11695,0.0146621914897451,6.611451243597276,0.07780514414331778
3585973481098247898,11945,0.015607165529569797,7.563196532113717,0.07325220814368939
3595423130810137665,13755,0.013435130927549197,6.628472105738633,0.0758235396104716
3595983234460306493,14523,0.020058404408719883,7.541206567072561,0.08019013327766607
3598751145860773323,14740,0.020833448581925575,7.274018700086569,0.0830574319335604
3603499866704604513,13975,0.014918405327410825,6.715688916987069,0.07753977470889468
3605499470068147929,13198,0.0315631662672405,7.969628545015309,0.09506470104972257
3612098822792706927,12436,0.01667542198489571,6.970403488292415,0.07861884953023646
3614523272721756342,14980,0.015284393174225423,6.885797712106385,0.0770270712271034
3616203164687175617,15014,0.015739781026987643,5.847494881752506,0.08426444507795496
3616469950452006576,12930,0.018767796374578698,6.259035842830107,0.08629692804490113
3619277671420776110,10835,0.028665492045717847,7.964679232898668,0.09066961393895533
3619693994011223210,14845,0.024065348187654052,7.650581276984806,0.08562173217826999
3620615526761910466,11715,0.014804156762449594,6.683120807502662,0.07757045036005701
3620832617102836733,13113,0.025730126370244855,7.706819394088216,0.08781039803852318
3621223258111381441,14271,0.01792373152196955,8.02103978653943,0.07390620990756558
3626682294978671977,10054,0.014884655384371979,6.3767517413887935,0.07962367182076883
3629154092580419071,10316,0.015188524207968056,7.3868213147102875,0.07372396329877505
3629539627864909368,14175,0.015656471746412666,5.980358343013744,0.08330009071901154
3630016628944030408,10093,0.014516514060476476,7.100086050262292,0.07450400732053283
3630785638563268460,12184,0.016055747377119997,7.243081579437777,0.07595429098548671
3631576689598382089,12566,0.020615239652980736,9.11455162046573,0.07112795782603884
3636020401780133900,15011,0.016580446991273465,6.775948194969935,0.07969892541323353
3645885386466154447,12273,0.01536717330382424,7.4622914417390644,0.07352135978016382
3647397484243919284,10864,0.016991848603205358,7.163108311580205,0.07788807526761142
3648656460013139776,11334,0.012333223966937385,6.133272680699007,0.07726031998154645
3648929685490334610,10123,0.02334245487307929,7.843960439775521,0.08329912206646721
3650559879502024725,11355,0.01765921927277779,7.897109061672412,0.07428297806369041
3653325138719063576,14701,0.017738830295433237,7.833997173493925,0.07480221812229655
3659418267020834625,12239,0.019683889064954208,7.532687139478582,0.07967172779704265
3672989009734376846,11634,0.06251453630763296,8.125070988129396,0.14136433898449632
3683025311955485862,12901,0.08081424693815688,8.941848386876128,0.1641715537845999
3686296831040567503,10948,0.015508558624048246,6.145190564955926,0.08203563533681264
3686817613778371984,14199,0.026595890030065635,7.956822617002565,0.0875577451274843
3687600861643110706,13542,0.018672899714366083,8.32065852513948,0.07316285526436021
3694106508741150249,12412,0.01276114911608427,6.32747844266623,0.07669040595257771
3694663192750654476,14692,0.015806494051601193,7.125996183413944,0.0763112389932292
3697064578198965588,12815,0.016493487002277107,7.931313361095508,0.07228679093508336
3699905905969413459,11288,0.016275381115021366,6.7911488019864095,0.07913715924216394
3700262312350574546,12952,0.06023406070259568,8.620724467557546,0.13475802382257226
3701041626952011339,10435,0.018692030374445685,7.592605482551876,0.07777912730367395
3701872835375214946,10321,0.014753094753090673,6.064179068148431,0.0813920528746069
3705822272166050570,10973,0.017606339275752857,6.83295827385237,0.08090681337521498
3709153430781716340,14808,0.012104484179026903,6.028412977887773,0.07757157576956736
3710309501781563509,10330,0.01780532338206096,7.872823370052193,0.07465916612350838
3712664890709178077,10565,0.031522651697491855,7.437284057306458,0.09835681485301874
3724568307609595975,11489,0.013814671320280348,6.79551438101385,0.07535085838495545
3725409410681802533,14657,0.015402764535696407,6.957006168293984,0.07675924233204875
3726937665141006110,13480,0.015560117617153302,7.543457872777086,0.07330470338190105
3727076351123572143,14046,0.06890098180171886,9.21992216679607,0.144221757780913
3736467798970760055,13771,0.017713267735779407,7.0459632234451375,0.07972812584334288
3740387166221923514,12380,0.015983094602883066,6.468634031736142,0.0807226670059373
3747705068308271601,12140,0.01657977739175855,6.663051350245991,0.08040920159888959
3749611133809398494,13059,0.014393897136294482,6.160790039894757,0.08023467855919712
3751068236967474636,11625,0.018588006523221953,7.256043433878904,0.0797407149331322
3765393002587676713,14863,0.016105073233026606,7.262396218689081,0.07590794687316187
3765994934609440619,12488,0.01447760955354381,7.0833436006656445,0.07455006439552714
3772767464361161049,14243,0.014860753334967971,6.718599268482548,0.07743337337219171
3773663323663418879,14138,0.01473532867884992,6.641926161825482,0.0777248578476994
3779530059863431402,12893,0.016907775196369948,6.211217826244256,0.0837569733407897
3783784640909425220,14026,0.022131001247448885,7.789858395828368,0.08178946263057982
3785128796625733721,15046,0.015120809073070325,6.723123865340451,0.0778021081032513
3787242670976049065,13228,0.016535116962432646,7.449415302943028,0.07538654821061574
3787919359512505673,14908,0.016503111997035136,6.888073968786652,0.07887435333832345
3788042727040012209,14185,0.01722944433770426,7.226990281285226,0.07784852462513148
3788819735830991971,12492,0.014810349611766152,7.226025873691031,0.07415937305146206
3791084587358232678,14353,0.016939123144431325,7.086641696248559,0.07828930860240654
3793716444444590594,12444,0.013989644024668926,5.714223337840796,0.08243073543439985
3795731190178337995,10954,0.01529856804204241,6.038118941972328,0.08238946706129978
3796329437643468636,12022,0.01021175889477513,5.1287025817227905,0.08034895565775713
3800751111347693084,14559,0.01431222118226251,6.138119341119774,0.08025275171516484
3806430697075931559,14327,0.013150069917419297,5.919239306385445,0.07985657557454992
3808766101518827750,12227,0.01499436937043861,6.603651513545291,0.07836169584987306
3809505144879394187,10615,0.046620344012086035,8.268731682572684,0.11618043772814807
3811068325076328396,11675,0.019861231471895176,8.413879996429493,0.07439072613354232
3815755490271436237,11022,0.020491392418909245,7.796747778546095,0.0792415130003486
3825049149986398637,12783,0.018034564265167818,6.989304087940811,0.08057589142797066
3830751988216763368,12390,0.012816297710636403,5.763899827931831,0.08032543616168988
3831460086590199396,13729,0.15427400575322342,12.880581103058832,0.251567452621555
3838486665767654458,10545,0.015254534562552595,5.974124934166913,0.08272539478295379
3845263098665954964,14786,0.03427291013259438,7.453402913645031,0.10245634769331628
3855872984251168345,14771,0.013158331802298565,5.597293595181742,0.08189759322095956
3857433866241071253,13028,0.02127032563457424,7.377208121032509,0.08307463452755058
3859496867495774153,11532,0.033254744389901024,8.874833908689048,0.09194544316111795
3861693363850184403,12584,0.014736885389105529,6.631637989677342,0.07779205570177447
3862132798122958654,11917,0.2277838318182271,18.87853589817133,0.3260658395210472
3863182401650457146,10353,0.016455050831700326,7.4137525467579595,0.07548893600032519
3865628088463413089,14954,0.04807664824758414,7.679196632673181,0.12211930504151458
3871010972766274420,14965,0.022126518398864748,7.220689317220052,0.08536862666089855
3872983683466811637,12928,0.016947745843497963,7.0409921805927045,0.07859009170985953
3874647860406888078,14085,0.014761664938606416,6.3437139013079475,0.07964395353632851
3876476084059050185,14338,0.01728643269155317,6.930382347394361,0.07980433420234578
3890902751301554047,10225,0.027272830108097324,7.413737110971097,0.09201346193491902
3898088669080915512,10742,0.019264334722456755,8.571384897598328,0.07248660231429876
3901086609308677525,14987,0.01420250508802468,6.093648123429372,0.08036534556558789
3910033434361655041,13407,0.013820376175298877,6.23353373681711,0.07890029413759489
3911806251266730450,12125,0.016583260773266387,6.907319253265301,0.07887552897359228
3911813982387301078,10942,0.02230458193306157,7.329760708282383,0.08495342616658089
3912888665039519851,10455,0.01717021549852242,6.326589748749581,0.08343096439525508
3913217688738428388,14589,0.022579045303675573,7.1655529710318016,0.08640725569732591
3915277267175066787,12341,0.01706977138499961,7.665582852361261,0.07484129704664823
3915408465280023467,12293,0.017982498959255674,6.54927558833519,0.08326873048687804
3922851807856648063,10979,0.017964087205457745,6.6518565176959275,0.08259430179076445
3926679693803532565,11527,0.015896246829424934,5.651804854148878,0.08573638243280984
3932836509596805055,10553,0.016882673005058055,6.479787106736543,0.08202652633469236
3934112573972762177,14705,0.015857856247662835,7.668027506921023,0.07297466394996002
3944513336493469414,10421,0.02905390728198976,9.076821790348049,0.08425594817278413
3945001082338330972,14778,0.014970955327702377,7.294488119364459,0.07397336050582892
3949117486208233714,10871,0.22622221644676546,19.11177796293404,0.3222109069223627
3953921776407763595,11809,0.014841315511090239,6.706040069160119,0.0774828100044971
3961018432747831062,12021,0.09199086461377398,9.503880426041988,0.1777030718515318
3962063454905827687,12948,0.01242652855018211,6.175832178398362,0.07713470180107769
3964947742417850549,13124,0.02077547618695572,8.939316515807347,0.07247678019444966
3975754139041338227,11068,0.01620653528214658,7.298509758120962,0.07583540175478302
3999739325454791455,12148,0.017630109839714782,7.8991382361654905,0.07422572799778136
4001610884656818628,11915,0.015440075433989054,6.966662002245443,0.07675539972762958
4001879073361617412,12251,0.025382902003972613,8.550925616611453,0.08196176935425573
4013360810053844258,10437,0.03167580289147384,6.980042154856884,0.10147157914616914
4014469503131575864,10398,0.015023632934485425,6.764064030936224,0.07739572834480579
4021222598383619107,14260,0.015319524923765902,6.7873315056320465,0.0777011155991128
4025833381098592069,14694,0.014893371483827831,6.719652671858252,0.07747656151373465
4031817405658656388,11512,0.016124054022564446,7.27079569810559,0.07588402014637899
4038086625702157468,13517,0.018818351477273933,6.358101300238164,0.08574999694455922
4046387971650184017,12074,0.018201941984425284,7.640534885533889,0.07672852902160388
4048093348801560056,10082,0.02486466864575781,8.025496840906799,0.08448058376711609
4050161085220539296,14191,0.016379451154353818,6.6343348855748685,0.08028412441991047
4054777759006316053,13715,0.013340021526745224,5.863725424575081,0.08049649291112025
4056923361939445346,10899,0.01531450723948373,6.890562708911068,0.0770430496722142
4058401643039616495,13555,0.014209550187788904,6.96754388475294,0.07487018536446553
4063938437512449100,11276,0.072578125540253,8.930254077331254,0.15166372131830108
4064657096571735183,14667,0.014021544235752272,6.174251117320648,0.07958108956368727
4069078307522234165,14731,0.022708340590986725,7.191185219251713,0.08644326322105125
4075502212529598297,11473,0.040972773036740885,8.271569947674406,0.10753574936936962
4075999155732384533,12668,0.014130983093879442,6.933455152022147,0.07496494594100458
4080339139301627466,12331,0.12575940094038515,10.784096247041436,0.22121944241703573
4084857431208263626,14704,0.01992741421732354,7.549011639542936,0.07994086714396892
4087243452212571727,14764,0.07363020200003553,7.740974575079397,0.16076377037395748
4087526122831017999,14624,0.015285564633593148,6.906408393182886,0.07689900444365998
4096394395792977767,11905,0.018987991020548985,7.136072297962742,0.08110757138091193
4098472728542012540,12336,0.062336143003180536,9.531068558645448,0.13223344513506063
4111795102400937054,13894,0.01535678648296217,6.639312357228393,0.07869061830347962
4111895037469665336,14675,0.01380409566658407,6.231602169734557,0.07888759496208106
4125456659883778296,13364,0.016640300151672602,6.96197512876811,0.07861830236586385
4127890137445253437,10339,0.2999393663864534,22.166275744842256,0.4155710401810387
4132697911364638058,10061,0.015122062129586188,6.8058346601855,0.07728290835013123
4134802411517910486,13674,0.01663641600565912,6.759999195634226,0.07988490508705343
4147568680974473640,13060,0.027154125003848374,7.378277247497633,0.0920555494132499
4150581520959841425,12277,0.021111610220651073,8.540999860908283,0.07549980077728236
4150923698185370832,12337,0.016445527600807093,7.3902260907180795,0.07562261588871287
4152783416288821099,12200,0.017353878416110174,7.595733118226395,0.07571536122558861
4156014205012285849,14500,0.015529133551732112,6.999409730077679,0.07668511336428321
4159802668000840552,10156,0.015216006767704588,6.860167539011887,0.07708409046953277
4161154036399739552,11404,0.01750751720787555,7.522571930543504,0.07641099549397323
4162471735066659945,15069,0.016378440264803108,7.37748577299165,0.07560040782266018
4164936447809024137,10890,0.041813528660143415,7.64808676590061,0.11274823869989828
4166549359556737088,12263,0.014368703203910788,6.347485651543593,0.07901993098827907
4173564647736650775,10661,0.03294832407708573,7.524380709613642,0.09998581847670715
4174367956676440700,10820,0.023419739249083277,6.01949048046902,0.09491212677975093
4174413724680779964,11501,0.021901238557138495,8.173434410019699,0.0790217993583259
4179345068415299587,10411,0.23872785944428282,18.66289162853592,0.3441417680093807
4180393107635932714,14695,0.016419487462185564,7.386958550908387,0.07560342584094155
4180406955736041199,11728,0.01562940086935677,6.537553378291397,0.07974816924154791
4184412810632933352,12792,0.02042678600570555,6.215171537230972,0.08910744036374256
4188581938649580325,13202,0.024095373828141878,6.811122655528592,0.09095654996787396
4189709870071929569,13301,0.016741701600767565,6.59497351871758,0.0810854647042525
4194547884993477572,14552,0.028436861927952053,8.64515640140522,0.0860330748440265
4194697368393827764,10846,0.02279488967634596,6.781613861277745,0.08915594605021716
4195614717853440282,11955,0.016010100334787523,6.682583228897131,0.07941594633726581
4197575117643673332,12974,0.018506572289197654,8.110127232617014,0.07423522427899813
4202689044419337777,10582,0.015583131559539123,6.9146548686604286,0.07730158900610094
4214775328900983665,13634,0.0323105938750601,7.144643285543116,0.10140417985686187
4221650393045015297,14491,0.016882252246738547,7.580744234001764,0.07508937690614814
4221718301366166714,11353,0.017770284584783174,7.974719846168681,0.0739636515540639
4226614454384314833,11559,0.016531842300344265,7.437102623236425,0.07545912129687739
4237553502555418317,12211,0.015590301432028567,6.170198681291492,0.08200293755899289
4240511539993427111,11935,0.015116822008645347,6.822739197214046,0.07716839802982102
4244664386738947165,14886,0.015223765354903756,6.327389416557447,0.08045267481534844
4250265946322203416,10804,0.014719774498213288,6.636239038531706,0.07773692978711498
4252791249479856885,13541,0.012605743791075607,5.65831018915145,0.08066907023165265
4252959231763586973,10951,0.014476033062767936,5.937712386119014,0.08176562907361977
4253059579453989891,13019,0.01740719815220241,7.325954651130701,0.0774965296370843
4261743764900474827,12865,0.01606619408080194,6.704184969758278,0.07936553061587276
4266983187578435842,13862,0.028357011774506342,7.654185968341053,0.0921546446381154
4268772040294343273,11435,0.023771502298248946,6.120959247260634,0.09481015646883807
4275989793156340009,11055,0.017499498066960485,7.588257308610159,0.07598489972629018
4276376319925069804,14518,0.021452031130413905,7.710313219483287,0.0812534878386611
4281658052567195849,14300,0.023833271226842853,8.036645612398935,0.08283485629852722
4283589917907168123,13482,0.06721796846810818,9.230150338691013,0.14158647086469958
4284224365743148010,12385,0.01988950470564676,7.3154966128559,0.0813542052157267
4287733346060439388,11606,0.02549999733952834,8.177436065157071,0.08449378133780461
4289894230030930634,10408,0.016074037858725996,7.247015779545018,0.07595744298954858
4290070786777677346,12403,0.015031801391659416,6.6314074927782425,0.07824399950958613
4307328300657607471,12806,0.018647787927048888,7.030136926609017,0.08125534135668339
4308755870223212252,14508,0.011347029462440058,5.6755748960309145,0.07863757745061944
4314094287872181548,11910,0.01575709977302548,7.104354720328147,0.07637213858608351
4314963968823806217,12457,0.016247390045213538,7.329466329656081,0.07570276862072722
4329583320772512560,14901,0.016463563623617707,7.283248903544857,0.07632416897450792
4330245394793706060,10522,0.08767990715622023,9.091950845426924,0.17371331116281563
4331903972644598365,12598,0.01816554653240776,6.006631087011454,0.08696723560719022
4340904015725876337,10670,0.01493652680813724,6.220354974810948,0.08068827408175987
4341060438991944764,12481,0.01656349018123792,7.4199609684089785,0.07561546407649476
4344540357236964717,12733,0.017469788908902058,7.402292447738202,0.0771111774056132
4345071042895355139,11812,0.014720859683614933,6.641344645403456,0.07770641990053181
4346649767735419008,13473,0.01725749094147051,7.7578530428076915,0.07454670120833226
4351254932818440855,13414,0.019215370195435462,7.314683828363463,0.08032956876781551
4360979815711671472,11895,0.014817236974848045,6.691360732856545,0.07753851561365978
4365230610325330077,14831,0.013941223221207938,6.271257806965826,0.07884721304612843
4368163771983058651,13234,0.014716099150110358,6.314004260472937,0.07976153425765692
4368792793280982967,12985,0.019072983265896994,6.784414146467141,0.08345299781583422
4370810730698936351,15042,0.014052699992774035,6.331092578380973,0.07864051163221625
4371449308818222059,13939,0.027762654616845718,7.089623201590109,0.09480373913339203
4372125360601494708,12800,0.018358589707069325,7.948352734548409,0.07502842657977708
4375271754922718969,12351,0.01579497507784864,7.119489524058449,0.07633463824430459
4376351627987310910,13080,0.02316973763387592,7.153258390886007,0.08738701420000493
4378643256033088001,14931,0.0209281416308918,7.449831705532772,0.08209437986035628
4378779900720425028,10471,0.015123043628142426,6.516774942874306,0.07910560902020797
4387422644201087468,13447,0.015391622483710383,6.391164583816657,0.08030726960833624
4390363577495893192,14894,0.012782387631034066,5.737176453364555,0.08044200649937636
4393517619183575464,12356,0.015104794818956335,6.68499716680419,0.07801786064202947
4394508561605093980,11941,0.020962562397437243,8.09109812609673,0.07810670227066918
4396889835270064343,10559,0.016224009242565427,7.313942321324099,0.07576486183501724
4398047719662323958,11589,0.024935431314937376,7.7961014842691325,0.08603396561040924
4401801276766581753,11445,0.01749251073631855,7.401912049899427,0.07714828223699245
4406542746402380822,11830,0.016961410352563967,7.081652867646547,0.0783547846515986
4410471250839599469,14531,0.015961221326329655,7.2030002450010375,0.07606242984188889
4426933169533866296,13525,0.014786235317237335,7.215723940335344,0.07418744450458786
4433260005596990138,13270,0.017441037409266245,6.398040905504738,0.0833944784123351
4437691053208011463,14641,0.023012165524417726,7.825045495555814,0.08291376915750635
4444344905817059256,14028,0.05352717519083479,7.545782803373859,0.13128568631275433
4447676848901907403,12245,0.016937228880867333,7.616945539476611,0.0749452711884641
4450773758473242935,13298,0.01951397342369396,7.657954991811621,0.07862293567963612
4453396462248358975,11434,0.016420536586520353,6.907932464659461,0.0786231002069615
4457447942073963533,13225,0.024741131606824555,6.520357224572155,0.0937749092833751
4459644667855149737,10534,0.0328475395397313,8.409042873375846,0.09425811280709534
4462135801048609442,11674,0.018857271259966963,7.981448280253051,0.07558165886587598
4464670221719949814,11561,0.020219548863723243,8.284580201818661,0.07575270962435758
4466587431504439196,12683,0.014085609066964346,6.3669574601565735,0.07846481677924022
4467911010764693813,14823,0.01649570752468374,7.263013953557106,0.07650075853652648
4475896604013291270,10374,0.016583634239569513,7.474341417794395,0.07530361424745051
4483861825126826101,11465,0.0182574009954135,7.890580760512883,0.07523784674591971
4488000050634175805,12533,0.034244174936580406,5.9030689077681915,0.1121802296252505
4488248972265060222,14567,0.020597366003019816,7.761195625699012,0.07962738426330684
4491635188798559803,14442,0.016897413944536192,7.602538791428543,0.07497522162844528
4499783961004986670,14360,0.016054924005803533,7.2121432921001105,0.07614795787431894
4503338941748354672,12877,0.01676507954589135,7.258967979522735,0.07693772243168127
4503618363613637062,13101,0.015468798401984295,6.854251635956066,0.0775075087712159
4505688095385091762,13690,0.028029039733350684,7.617266402299422,0.09188626838939469
4509988634292540333,12993,0.017202167581946568,6.620508760470272,0.08162795493692335
4516405047910970118,10111,0.014548705824623183,6.565626421194677,0.07792050817575168
4520803210884895572,13689,0.016524578875324183,7.440346824308244,0.07542758636154258
4521218455479898127,11640,0.013730115797146432,6.7584468322844975,0.07545523931679686
4523610856375423183,13807,0.017706678999135556,7.79237104048199,0.07501536887787538
4526860020221910085,10642,0.015853599835514116,7.666252401601462,0.07297934610612235
4527341700001091637,10351,0.017283745566622315,6.633471527965873,0.08167089630172975
4529876472968160317,11154,0.014164840535431728,6.387971823941617,0.07845344523814188
4533768217651810779,13827,0.016090809129108756,7.764930774559876,0.07271997275519292
4534674253709542413,11536,0.014574047590086157,6.572866180015478,0.07791360474096053
4543668718661058540,12953,0.030527034523969834,8.482231496651547,0.09025236327500945
4543784717915105194,10101,0.06184131665255953,8.158335309192346,0.14012639947743413
4552427375498806482,10555,0.01724363597663294,7.309408524051803,0.07735093208537618
4553610135504357668,10919,0.012919187075422361,5.801838382450952,0.08024357291828953
4555900701582172040,13557,0.014976781991538707,6.749118754517406,0.07741832407048994
4556229677754869053,11255,0.016975778008203428,7.346767825860297,0.07670639255127013
4558281974354395739,11769,0.015241572804731904,6.565638704054203,0.07897880244739644
4563675773461926193,14800,0.023197078491546244,9.555543703442654,0.07229334018201344
4569272810876257391,10302,0.014959492938053912,6.761522936164999,0.07731376289199346
4574524712662505625,13502,0.019890394699801688,6.794665517958278,0.08463702616601759
4578504870951467177,14962,0.012190582331241007,5.449501779031128,0.08135048412315307
4590595724421198312,13547,0.026918802959364642,7.64068414181446,0.09004281202003564
4591807292727275334,12265,0.023368215587691712,7.231973423429088,0.08719425544830962
4592782899680056938,10893,0.16690949611316175,15.018496856770241,0.2573986853455651
4596678468308255591,10307,0.1066080353490886,11.963713653784897,0.18453315145898613
4612758394978732981,14414,0.019043271583301984,6.535018177469689,0.08497891509111007
4613570165110377362,14729,0.016278749238939995,6.821408105883001,0.07895165741637909
4614558508676138340,11367,0.01658995994333221,7.155870380739974,0.0773197823767603
4616402015728046912,10412,0.015180993095816865,7.3836330046865895,0.07373254707037073
4620708372795621449,10949,0.06174665246391836,8.966631026880505,0.1348891844771341
4621391247468632802,13391,0.01679883465316382,7.425714249867813,0.07593871048467919
4622470001687526622,11687,0.013582343963239332,6.115385690320584,0.079281077835278
4623757643780348766,10996,0.01861432478650079,7.838928535407032,0.07610848816084159
4626949037364958142,14685,0.01870862337943294,5.523992624763956,0.09083763042327436
4628669435062874265,12285,0.07444427158770409,9.860513829148093,0.14865326680937976
4633986356022129229,12092,0.01489895995537022,6.730913956731902,0.07741414707213419
4637837908422386069,11885,0.014784849161114968,7.21513157609908,0.07418905926763912
4638623983404103107,13572,0.016560216006000723,6.924776488821362,0.07873033937016874
4639033442804275537,12109,0.28237076103390574,20.90895201382848,0.3966562396845008
4641452782233095984,13789,0.034720666178531645,7.397982800178513,0.10348947698011779
4642978393299394868,14420,0.015446463787527651,6.945023600042718,0.07690148940274327
4644634728581679810,12576,0.015377037137837685,6.93127569157125,0.07688205623453344
4646483068561181211,14017,0.017573365759857906,7.876241244675589,0.07428331095786271
4647803526236985568,14848,0.01391167070447108,6.837935545768909,0.07523175566289503
4651727368092297630,13548,0.01644035248992503,5.925591900708414,0.08484254048528543
4668671257069997217,13246,0.017393867491458638,8.298466856903664,0.07134891864232717
4673878407334729748,12939,0.018438245722329057,7.186500729597246,0.07995010071517332
4677756418764388681,15000,0.01702598081016859,7.642344197620195,0.07492081943641665
4683934316487734895,13007,0.017126769208939303,7.690465689700392,0.07477158999811621
4695203500465956125,13096,0.020480364479165188,7.806446538407482,0.07916356115877697
4698680338801420124,14291,0.013430966482753617,6.626629734359614,0.07582878605437487
4699745958260196727,10755,0.01577150225281882,7.115184928402215,0.07632590373328722
4701431944576692687,10078,0.01773548093697171,7.450357700410671,0.07721419672227771
4701912895923848653,14509,0.020443806238528,7.26069096253491,0.08254621401741415
4705294468386360496,14975,0.015768259784276484,6.814400250606009,0.07821602451682705
4705646464785901812,13675,0.014655619136724243,6.614512114816586,0.07777581989523191
4708835758213025346,14608,0.02915248925878383,7.597051754267405,0.09372972670383473
4709140511038638810,12991,0.019898113099121918,8.429313816066825,0.07434982399464325
4710266613085465391,12762,0.013891247742116829,6.829012837677489,0.07525677600184846
4713672405586727379,14512,0.0157186010066488,6.970903890994237,0.07715412877691691
4721183649622639794,12745,0.018213075544094126,7.070611439931249,0.08033630034527615
4725341641537580024,13311,0.021033724136942267,8.381979323500188,0.07638272608949791
4727639844816922776,13713,0.01512436736729536,7.359642617321211,0.0737971996826287
4742633138444304800,11613,0.017099798061524514,7.3613075340348,0.07680422982930067
4748467243863788370,13530,0.014759300682340479,6.651685838963949,0.07769998549046168
4751489851915188947,10900,0.05785391058726792,8.361031838540516,0.13275846096289068
4760219814683974904,14358,0.019173213123760656,8.448373020255099,0.07312243989278663
4762506035586600477,14397,0.016562147092851438,5.976607687039733,0.08470716324249439
4762588956351091621,12697,0.016460679550550673,7.91780971711238,0.07232175553651024
4764296072122424872,14770,0.014926846380427489,6.44090645487639,0.0792839171441429
4774620661979576509,13646,0.015317405297888902,6.765049523016006,0.07783826395798922
4779821035437053380,13702,0.015020934209290442,6.78856431790059,0.0772372435559244
4788395602298778214,14443,0.011627544973402543,5.80728458533431,0.07823624383261152
4789322699249801029,10387,0.012398928989179308,6.1632557520995395,0.07717177971299641
4790198157822127360,12369,0.016126999219302197,7.270126520207172,0.07589273511870377
4791375486958871433,11948,0.015013006905361816,6.7831194234097305,0.07725943959409663
4794505703282361076,12720,0.01730210911085594,7.7787109203879785,0.0744834429171572
4795433987018100654,11254,0.017369321069463976,7.788203726283946,0.07452630207833791
4796559587988633306,14714,0.023684262993743307,6.705622730713862,0.09099326309237069
4801405431211411558,12548,0.016951801032216145,6.8967286139743,0.0795052090602218
4801420171772549356,12348,0.015542233364171675,6.103654706976649,0.08234876823926619
4804925964701814809,13772,0.02716842226194072,10.052938257568686,0.07522586611419674
4808126800210904845,10341,0.014795717406681341,6.665584251509106,0.07766804693040728
4814650131431095987,14452,0.01480162285277601,6.6745007331154556,0.07762088995145419
4814741510552710659,11819,0.01654508957413431,7.124301322088799,0.077450140506005
4824385271845976179,10254,0.01727868290858344,6.156545202720917,0.08466800536345738
4825783495703679932,10866,0.019088510702404717,7.804654980059538,0.07704875726131992
4826948329881607703,10845,0.028229032100060003,7.726856000375938,0.09150129980714089
4839503149560645305,12195,0.019998644464082102,8.874245871151768,0.07170012353116963
4842239017283080963,11192,0.018700837050069252,7.918034463918883,0.0757422362001864
4844267429448987660,14881,0.016484204514011357,6.8841899124334756,0.07886994292178134
4851485535087961815,11748,0.023514343834477206,7.700144442568591,0.08446778982541572
4862247224177113322,10578,0.017631220097079014,7.918336967197346,0.07410646362352084
4863245212242709352,11042,0.019181421649064015,7.512008429213643,0.07903448106962437
4868057002786807206,10735,0.01944049044419252,8.518754300827887,0.07308728014271768
4878476248488052854,12972,0.015829418315326492,7.135293477711565,0.0762876793994168
4879444461729064531,12081,0.019329506866377702,6.280058702256815,0.08702250176523582
4880021410204425004,11493,0.027282381586936584,7.454209568791044,0.09177305804570424
4886979334691907760,10346,0.02816258228288606,6.88449676772327,0.09670702402652134
4887213828449702824,13833,0.013665638888111432,6.166836886217852,0.07908414810153264
4888127071026177732,10815,0.01569220936491088,6.934079860319387,0.0773458222245949
4892159237027626438,10649,0.04010125697106483,6.623756765803262,0.11658642344825769
4893659431431989153,10090,0.0173184589410783,7.782342972457259,0.07448553419113862
4894421428099189196,13907,0.03086770368897225,7.304844536800869,0.09819079170923617
4896548821260760387,10377,0.01747735306261886,6.868287488047493,0.08048719435532983
4900045880463151010,10609,0.019245524076618045,6.074548823014743,0.08818901719370537
4902000654693483128,11187,0.017972884051303546,6.699897233609049,0.08230506187707361
4909510005074040359,13890,0.08439169396869654,10.153466799867099,0.16200247295449988
4911405748597501614,13150,0.014266167232211094,6.434115430957112,0.07831749959602645
4913080931053463424,10041,0.11393241498402859,12.182357094066761,0.19434377636217293
4914007325469768265,14097,0.017493670093389282,7.087598412017632,0.07913036522708942
4918989112697641630,12491,0.018421136596485768,6.615575841494252,0.0835210401510938
4923789133469457363,11474,0.017073054792857104,7.672313919850116,0.07480390389405164
4929940023367741543,10858,0.015525970275518613,6.686078362645479,0.0786544046945766
4932417258292444591,12375,0.02079279311236965,6.544249370483415,0.08759319251452509
4938456877652974439,14599,0.04369220491256447,9.212159686705132,0.1057636269332447
4941325276824286195,13046,0.017236313900655883,7.442530902943468,0.07650101879069365
4943823431479684405,11522,0.016121669957114112,7.263224654308491,0.07592807928154176
4951777736156722113,14943,0.016005981353235627,6.0565447710919535,0.08335396790179576
4956478959596458937,12581,0.01493369821791454,6.743487284080026,0.0773879932302787
4958553357019053882,11064,0.01622695805717552,7.298836898199241,0.07586453693077898
4974403031153087681,11827,0.015749164646406147,6.24320982817101,0.08178560325094425
4978001523700527265,14484,0.014582146504600116,6.591180449061902,0.07781058820902206
4980352607083756460,14748,0.024765067190963573,6.245507282335056,0.09554314515686037
4985671579105227291,10629,0.011362175817024653,5.01754676694969,0.08280657608171431
4993044164850271386,13991,0.021231304155589256,8.424831602675903,0.07641454659718255
4993422316035692231,14467,0.02171187566993272,8.679769739979069,0.07554241094223357
4998575794026145355,11990,0.032105978312351235,7.32483884152037,0.09995631441936552
5001129893650958110,13997,0.019256144818100233,7.5190816959464595,0.07910405793738118
5003691761660422487,13313,0.025578410301466105,5.510292303599394,0.10141771989783861
5005168141288743595,14133,0.01377385808534544,6.777632981536102,0.07540117570765166
5014845854972023892,13514,0.022181439262533353,6.960927996335777,0.08708912847544684
5019087319725567146,11368,0.41666259246615756,34.291129468028984,0.5174768607947112
5047554621124219110,13232,0.020996657774078286,8.209251051152547,0.07741436921401307
5065547262741415701,13087,0.021655154034796478,7.024400812882438,0.08588530838045302
5067156909589000844,10333,0.015496996903071839,6.988567628305773,0.07670433376558368
5068640290120644385,11729,0.013156275088345562,5.928126045753679,0.07981006382176216
5069864640804859140,10311,0.024063291558104417,8.094910333342867,0.08281912513788223
5070228398363211987,10780,0.015994006965572866,7.1982725536704475,0.07614229722954022
5072367683516257702,11762,0.018903333446430363,6.108772349133785,0.0874506894026455
5075444831803362025,14602,0.015535810712278542,6.700271660453321,0.0785800122850037
5076949026370905774,12222,0.013884878715372868,6.233869839038231,0.0789967057929125
5086408553210226526,12392,0.02121065918128449,7.575538823030258,0.0817339232097022
5093215421962242173,11488,0.015666375777938217,7.072615896621892,0.07643352374714428
5093219761838966319,12682,0.01643574736884519,7.383915422883137,0.07564743627994479
5093503437896794983,14076,0.021978578879514005,7.667311747231539,0.0823287306067218
5101109206567436574,11590,0.01563792733207768,7.014508650015385,0.07675616885283895
5101627008372189325,12212,0.018864846405093724,6.610101610434617,0.08423330801910095
5105070293454572864,11108,0.01412863762617668,6.221355511183496,0.07944789931725103
5113945710471738297,12860,0.01606158593287014,6.762611849437575,0.07899037690875686
5116231272171015323,12459,0.015949232932929387,7.706096055819331,0.07287439577947076
5118055065433118137,12555,0.016911277577803353,7.216319034465079,0.07742975041016988
5118113119256835133,12506,0.01636956666646253,7.88025941017529,0.0724191615211057
5120014873890221941,11317,0.40887007016299254,31.93049222034736,0.5204466248970148
5121425107941676380,13612,0.01318259520884528,6.5163645456526424,0.07614411115821068
5125140584642323113,10211,0.01664021029126951,7.478866135695429,0.07536152790051683
5130580433910097342,12026,0.016509167660390275,6.981386074992072,0.07829569683455194
5131738937392100363,12156,0.013447326457463167,6.633866260918174,0.07580818307398854
5145088707679619844,14371,0.020017105131230215,7.630428179751867,0.07956491279690453
5147882722026045964,12535,0.01347909073572352,6.075170076575573,0.07937673172853178
5155132044813075625,14957,0.013526623069761929,6.105959217637142,0.07925535363581189
5157833476579162209,10191,0.016754465345768164,7.221315631051479,0.07715873507728467
5158245971204351640,15003,0.14873273883443544,13.18039428450118,0.2412140757823362
5163814687045278791,11011,0.017215710202593246,7.594222266766552,0.07551382483873711
5169603793845267680,13454,0.016482320936487663,7.142338276782298,0.07724061921440016
5169839246251636701,13193,0.026867817784293518,6.76109495095912,0.09550672372781592
5171250765128957314,11502,0.015921965979674508,7.694744204861189,0.07290426640306034
5178829692814727220,12438,0.0181897041904474,6.963162010226934,0.08097757795930986
5179606105671034659,13292,0.015535369271697057,6.422807237845512,0.080327484001544
5181341605603100294,13266,0.03171078537209623,8.402982756799343,0.09255987371482956
5181440835589974897,11455,0.025748480502821493,7.777203314298752,0.08739498525601523
5182780638850089547,10502,0.012283478777321933,5.4966553390092425,0.08119529792097316
5186362148768674346,12659,0.01578497550586759,7.63761043022656,0.0730549775485514
5188963141215075637,12896,0.01600762679833834,7.21129958437992,0.07608102592980048
5190373144786710539,12521,0.016776198024284223,6.831155485750605,0.07965011017568753
5191927859890205577,11684,0.018725171860503938,8.367814745974792,0.07294559766238017
5200178819626667118,10665,0.017265724251132576,7.763727443172505,0.07452226652856071
5200425953522633011,10390,0.01721473842354881,6.615516971610859,0.08167860764388149
5200502095280501296,11296,0.018648546076703236,8.067765349397389,0.0747189910044945
5205648940119592852,14127,0.015927942957954813,6.852431898182771,0.07822032871183937
5207273933449709086,12779,0.013683926815322699,6.173978305470572,0.0790670893340779
5208519636697386216,10903,0.1799998933284674,14.9103223090771,0.2780761413269975
5212864421898440482,12931,0.017883606137242693,7.325280523099264,0.07822850206030518
5223947055831852938,14278,0.016237701770052917,7.188626207671884,0.0765753233020907
5225237377807122623,15066,0.09794955641398936,9.886547947481027,0.1843941516476894
5236557241412843868,10450,0.013904589449865421,6.8348423137388385,0.07524042757061761
5239968030255635780,15074,0.015187953915261773,6.8343969836355845,0.07720360469479429
5241489949323096944,13865,0.014933550615835015,6.734275790855838,0.07744580416107781
5243568099654948708,11216,0.014518864483744481,7.101097035301479,0.07450122800733151
5244937977484964047,14098,0.014798510071240216,5.848264563170631,0.08282178080078599
5250738251755544224,14380,0.015575468009845446,6.2510712832295185,0.08147074671832116
5256534907791833373,12332,0.02125383111272124,6.130935968296258,0.09090149303634493
5262889794239274846,11420,0.013351308442904188,6.01342484405671,0.0795705627828441
5266298652452527869,10146,0.01739017761838731,7.805488220626865,0.07444926117897638
5268651284926317741,14315,0.017755801902455425,7.95218047101545,0.07408353671914306
5281490588491213604,11997,0.03397826552637932,9.974218978408555,0.08612403774511557
5282262182673725010,14009,0.017790894664049577,6.416551033175929,0.08381227230738157
5284251258426126162,13701,0.01729832839377355,6.4212522554094855,0.0830302452613715
5286790342208762492,10833,0.01598764992506927,7.722078618953403,0.07283238162723447
5289933385657133229,10915,0.025111062389917945,7.50541115068782,0.08813372146975985
5295422340636394027,12971,0.030052715645272392,9.429796511811766,0.08355775934097552
5299865985330274933,12238,0.014323326475813468,6.464697306545929,0.07821213271093011
5307704133016452311,11140,0.04010249491110614,7.5509531205487725,0.11074657584302813
5307720528934943540,14355,0.01632080590517407,6.8134490683285724,0.07906604541052911
5310280345498687730,11003,0.013286197628877377,5.9786269390411695,0.07969034625632582
5319490231971575524,14115,0.013929709646690398,6.14985012652323,0.07959454673941631
5319652634759832266,10729,0.10185780254319324,11.250251750736533,0.18177217089824999
5331612733249491251,12493,0.014609368285215321,6.430584466115986,0.07886399440470022
5339203001574161960,11983,0.02729033033357868,7.054191887307335,0.09430548459017214
5341734390131439394,11587,0.01385741680988473,6.241232710647439,0.07890836776484686
5350676730238213147,12529,0.040907645516997514,7.560658604802089,0.11191531479746852
5350829104040970393,12670,0.012912253747818219,5.796823798204376,0.08026457613928309
5351419651685937531,14090,0.024745089338913034,7.510759492091713,0.08754099160458845
5351462261760875872,11614,0.015732445374389586,6.96251242275284,0.07722814627939244
5354798436700327285,14369,0.01978011406107607,7.770719223765402,0.0783190086686338
5358848742781527935,12407,0.016604584438234052,7.474968685407833,0.0753316641428024
5361376902700628767,11360,0.01905739489600909,8.209367473086528,0.07445136310708513
5365572655986604054,10274,0.032434409203914175,8.157069545834721,0.09521458696520933
5370223203247436865,13721,0.023144190248864528,7.617596657981341,0.08442245774919463
5373691148614518557,11545,0.014696846269898966,6.6245830719981145,0.07777534398151031
5375266022078192816,14480,0.01649302063103019,7.421795862316837,0.07549625944796748
5379993666777888227,10060,0.01677846487973478,5.436050676157843,0.08844333735340171
5380989261454313117,12281,0.015040011341748743,7.323845303146207,0.0738938823242176
5383882708901366231,11234,0.019872712512715815,6.942804566848743,0.0836766760177515
5394975637604193733,11116,0.015098391694343946,7.3486270728616985,0.07382692389262015
5396640104690872224,11823,0.013382028731383645,6.033292934102905,0.07949231122075971
5398343937804969787,11524,0.0168565248336627,6.142844266487013,0.08410947016665897
5402529357520155518,11039,0.023710481434495584,7.073798670270602,0.08871364454638699
5409306735958697846,12174,0.01812273665549951,7.5927494074115165,0.07690861010599698
5411402922186432792,14788,0.017030939127474734,7.1855863356908,0.07780616573532756
5412514212690235913,14389,0.016851770783551764,7.286320827019018,0.07689781068230833
5418959419659258077,13848,0.018828281246838687,7.135342979866277,0.08086820572288335
5418999084107096797,13231,0.01570278485108866,7.081503047342409,0.07643314661950201
5419271320929198675,12161,0.014580041566930942,6.009508644976812,0.0814721571430429
5421343854042874421,11120,0.01573268301583007,6.614066765720466,0.07942386782849852
5421832753231624374,11363,0.01988739069433017,7.391201909176816,0.0808739998568711
5422261560268693149,13084,0.02231457476151876,7.070018833456997,0.08660517676391674
5424988155605909086,14104,0.017192655692153815,7.72726150648637,0.07464040366931947
5427407044706193735,14485,0.01966834140000127,7.482578771492666,0.07996368276905894
5429443595934292773,12977,0.01652257058920931,6.341723826082116,0.08234631934007654
5430365770891330684,12169,0.018058424397371174,6.719794223536574,0.08231036724368104
5430444552520313009,14186,0.0865475430238551,9.651062898873958,0.16846094852065482
5434227096123489146,14630,0.014705426622005668,5.377915153718987,0.08564299848238174
5437944388034575611,12147,0.018933883139263336,8.453637800248776,0.0727236869554598
5440969714993846112,11623,0.01581076815520541,7.112769891654502,0.07640109915968432
5450185282732895956,10079,0.0175660610074913,7.560198784775823,0.07626335713632364
5455149490142304054,11655,0.014550331143882874,6.221722197155351,0.08008973644278673
5455551479705439526,13331,0.01702689025119064,7.657555328725978,0.07482637191666931
5456425004174150597,10246,0.02911933172231714,7.714672387767224,0.09293801680596901
5456555380319591078,11090,0.10203379668250744,11.896321162790091,0.17797048925346073
5460505488821234405,13936,0.013680538901500465,6.1703539551566635,0.07908474918752244
5482770959660017328,13650,0.01660480510177073,6.3526886371435936,0.0824028515584851
5486519248587517775,13487,0.011991769479727523,5.347646440093317,0.0816885252622346
5488253296917886254,14873,0.017628407994501494,6.793947950729057,0.0811863058260825
5491151216244566534,12041,0.013533097235514322,5.938589166053794,0.08031974689650512
5492333468155184313,10978,0.01676899320496725,7.546135175262417,0.07513442294296757
5494994932416386406,11642,0.015101669975639229,6.821099268083206,0.07715558518380534
5495272266637455528,11970,0.02701932551003701,7.145013741429913,0.09331930092269371
5497314671164194634,11849,0.015206339444275373,6.861274575036684,0.0770623485845633
5497383605115748120,13629,0.017934362265529736,7.907108088778719,0.0746402676724991
5499548740281941394,14384,0.018739872055657254,6.878854893519018,0.08234914449501451
5506650040667961950,10687,0.05322598912459176,7.849911744613255,0.1289094730125071
5512548026695200814,12721,0.01827359652232085,6.867787997205868,0.0817066231836822
5514279755310497712,10075,0.015847978464461142,7.143105735094878,0.07626680988701288
5520353871429172843,10190,0.1829166528484854,13.667224842344455,0.2903636169260061
5521221996497413562,13643,0.014535394662614106,6.398176209112001,0.07895518389879885
5525012826785168442,12257,0.03135598382697208,8.401287957235695,0.09202858344295829
5530634751061014204,14549,0.015661112685630432,7.065370358195695,0.07647113427189381
5530915486180710697,14687,0.01507960517589523,6.7886906276385,0.07732606912026865
5535209824944432961,14684,0.0156194250074048,7.047792443352843,0.07651820377593611
5536176149507203265,10928,0.041192593734775476,7.7248251874998335,0.11131625976512527
5536700979743296718,12424,0.01685063717031442,7.446767195684096,0.07588519745021742
5539527332412959456,12508,0.012919200131679073,5.818475312430929,0.08013877299797154
5540848574311257872,12421,0.01754128527916362,7.6039524934298575,0.07594984427741829
5543205779849401149,12704,0.014184738753292878,6.956786037971473,0.07490006437086921
5550168811542716322,11468,0.025804320654593017,8.285643322137803,0.0842768902388047
5554173514321385138,12525,0.015762605252725246,6.547442560954127,0.07988933613846454
5554233718346841376,14460,0.017375036460256496,7.8096391429173115,0.07439998007272058
5559216263154150818,14539,0.014365088884747908,7.034829879407436,0.07468384371132084
5559612169956266436,12289,0.06784283361098269,9.33734733733131,0.14186558049795034
5561186737344086173,14850,0.017603015905795903,7.898726553294054,0.07418693511577062
5561671895687242124,11733,0.0221298738444228,8.347568638002706,0.0782739244326493
5563042023967911673,13923,0.012043793036191627,6.000463552909125,0.07765496201124089
5566435942881781076,10062,0.018868874830668996,8.095725403633628,0.0748793882416404
5583973947561415474,12182,0.020952253716475962,8.308500814130948,0.07672122441397232
5585538565338356450,13869,0.01256475712418997,6.238660669583516,0.07695000270407704
5591949336428912148,12752,0.014024325114839217,6.137616648199882,0.07981615044741183
5593388076774170433,11106,0.015548737693511023,6.895874288713883,0.0773673773018948
5603228824045734826,14898,0.01856648495613336,7.166475739434739,0.08027215546599692
5609916181016206657,11580,0.032599549902451695,7.862910839034494,0.09732017076528164
5610970974415393131,14430,0.012247439176432182,6.094034815777977,0.07737649710864059
5614148540390433527,14140,0.016856822975311936,7.548561955094282,0.07525329535216388
5617580200260846554,13335,0.019103379100893204,8.510022232426046,0.07262734993844748
5619043235293915914,12048,0.01832670467131477,7.028988038180696,0.08077211713946
5628991001932929754,11159,0.020830524348737514,7.135265265374283,0.08392717182485812
5629456754698889820,12417,0.018016250581233826,6.587764961827631,0.08307778721229843
5631286813479699919,14151,0.01880551615089858,7.128185169568638,0.0808785287736945
5644259066882870066,13038,0.01976882570928548,7.891377553617927,0.07754156569528302
5648265617313066701,13532,0.01677709856346585,7.227653031653491,0.07715337951554598
5649062133958330458,11004,0.017362893621769175,7.130225288120242,0.07866203311202087
5666282809719930538,10358,0.01711752813904591,7.691103156336386,0.07475345771660742
5669243733680711965,10092,0.018917554464909114,7.8077612368383225,0.0767680465654452
5670118905686856234,12808,0.014335670907361795,6.461993732818433,0.07824802282453992
5677024600809702215,12028,0.0138453584977411,6.80894661371184,0.07531310493352732
5679069451465787467,13471,0.01321444948578511,6.530549044160695,0.0761034008800584
5680126416477458548,13186,0.015381198027345859,6.381354703107971,0.08035315248722497
5681611036123222226,10183,0.026782094839643875,7.468729272031876,0.0909173770951769
5682896927348521421,14283,0.013266183339404554,5.812917835244209,0.08070381304810254
5684355810828912384,13233,0.01991379653293439,8.363958956216656,0.07478554475370673
5689724311837909657,12121,0.017245021368670035,6.515147903764705,0.08235723419648706
5692202817387873144,11697,0.013354980731256055,5.972664489930075,0.07983298017893393
5694347390370284111,10983,0.13023355147126978,11.586291675071363,0.2229996407540658
5694838658173582256,13880,0.019054443939043913,7.459960583551855,0.07916844340731495
5695354809443628176,11856,0.016161534841781913,7.261402180734592,0.07600045626374455
5695774997813228259,13781,0.015338179105481546,6.627946174265871,0.07873380694370316
5700516905548194414,11449,0.01515193703448933,7.371326870333429,0.07376569718526094
5703877885801409898,10787,0.01569591685333619,7.082422413197133,0.07641686317793726
5709530060366882531,14991,0.03276166792865177,7.922213528566233,0.09719417748199735
5713442422139572709,11082,0.017197259100811584,7.420040963566982,0.07658305796426666
5722104049993828589,14791,0.017074013649544792,6.269744672205414,0.08364216226337064
5732338472088289166,10076,0.09588401872064906,11.04431574887527,0.17394455254704366
5740605840336868793,13461,0.014280324217608411,5.761620142383601,0.08257613631122726
5743143782030666282,14006,0.017850725061752393,7.995524981330555,0.073955445034661
5762510437569406132,12656,0.01952691242308363,6.726102579595507,0.08451377409331837
5764134835936390965,13061,0.012516553032578766,6.216780547136736,0.07701422399465153
5768973586518155809,11575,0.016580397789136524,6.88061257160002,0.07903941935440702
5771223664557248280,10230,0.03673959547222004,6.667510667696663,0.1111757328139412
5779511322187193351,12354,0.014084353200993237,6.345325641424841,0.07859918823895098
5787625175632765250,12104,0.012693454235959894,6.296922189277967,0.07677951795815269
5788373542286972596,12583,0.021009510301669452,9.280131933687372,0.070686988429381
5789801089609970953,11861,0.026071557081682302,6.753814567054898,0.09433628514073311
5796461134831712061,11800,0.015989855744513146,7.0937316385889755,0.07679460917554495
5797225152866138307,12618,0.015465866748147917,6.971839230203361,0.0767621778274136
5800523658206991845,14506,0.01465816765841493,6.6204225058106845,0.07774247480295622
5802109705802305219,13176,0.015559938838083483,6.727403931301372,0.07844592354433157
5804228432635775253,10497,0.018540733092010212,8.289744820932277,0.07315573716450506
5806273595860344710,14610,0.047816938838675535,8.747679366509981,0.11499068845032141
5807891554426249245,14195,0.023282733617929117,6.662657386374391,0.09065061719496324
5811530285077531805,10459,0.0187880057210613,8.376024648248494,0.07298985201760332
5816865558712947507,12297,0.017588958692989157,7.894886296550578,0.07418965765190806
5818403906911693898,11588,0.02245280222554223,6.943231015864173,0.0876151408366483
5820938174937241694,10300,0.011431409697762997,5.715326861750081,0.0785160157726419
5824780040398535036,10698,0.016982702561212468,7.186907317056049,0.07772416041799604
5834160851335796357,13200,0.016218963062464068,7.818035026091606,0.07258115131360114
5836685230789434034,10296,0.017421639956325344,7.516147995159792,0.07632028941720378
5839949728955692169,13328,0.01637330203126763,7.881800256935968,0.07241515938245567
5841822389763807892,10767,0.015333241179021627,7.447980524751408,0.0735596925848554
5852188535534345719,13147,0.017244536373209746,7.746858664900275,0.07459618212329455
5862538423829661324,13535,0.013851444937905286,6.256329468756335,0.07880412946662035
5865724917365578298,14306,0.012662146447307602,5.5993679690041,0.08112658821507766
5868882676794132329,14696,0.01452224276465402,6.446679288747968,0.07862950363773132
5869412593785306779,10674,0.020001321718068555,6.74362505815574,0.08512804696523672
5869494390063623334,11583,0.016784052749812005,7.229729396105469,0.07715092021400764
5870475524643403516,14137,0.015900547247745322,7.685822415669504,0.07292775988959134
5880096308850065717,10153,0.016453099463942814,7.405445406149843,0.07553829382074874
5887579269092845059,13089,0.015134360580163554,6.691267670027985,0.0780235161965222
5889026165507895500,13837,0.18964234755106638,16.556321785689743,0.2824347220037417
5889074921417263497,14439,0.01443539134992363,6.386545069641232,0.07887570755088248
5895744940494304421,11233,0.015463699682181515,6.97051325312975,0.07676722180971889
5898854273068803053,11886,0.018926466346454188,7.061132635709694,0.08148574322830883
5902650178287427300,11175,0.01149808287576612,5.74665536989659,0.0784204775520682
5903691683885967437,12666,0.013131705471287988,6.493677265704298,0.07620931549919133
5904885233752211489,14425,0.014514428079054353,6.411156102006073,0.07884137797085626
5905141379982161026,10073,0.01715656511697306,7.719030684951387,0.07463713215246934
5909146601349561082,11389,0.02345405906924481,8.718131016647993,0.07796194704589987
5915939809196412581,10714,0.01958191834169767,8.448696715943331,0.0737447079226505
5920680319641265054,11091,0.01658309901374614,7.290510460698377,0.07646101132072157
5922394027194223882,14968,0.027262971273989318,8.489510896967257,0.08522056156583276
5929332607728671794,12788,0.018174689706509147,8.137987988935734,0.07355273049393073
5931394324722477859,11966,0.015613106261166883,6.743051199210283,0.07842855354978832
5936386764146758745,13636,0.012503470182298672,6.210836660762039,0.07703168867166983
5939905004323634950,14753,0.02129089478420855,6.821319554065579,0.08660839313742892
5940933995490688236,12785,0.01638502337237728,7.071664960276347,0.07753726725077888
5949848252701088284,12131,0.014251335506514803,6.309586634889967,0.07907942911045708
5956564821583974196,13210,0.03085665591257585,8.713717924337866,0.0892974034509231
5956833103484671044,14956,0.018071018809501727,7.588372252485844,0.07685718777312048
5956856555279258311,14642,0.03166142926376793,7.5880320771540815,0.09761902324825882
5962820484113247311,13909,0.013660211203100013,5.797235553849828,0.08140450563946242
5974286833643249367,13472,0.014192293194141,6.960062241166623,0.0748909624693968
5982657660946565388,11309,0.01552086077424462,7.012308472207887,0.07659120882788015
5982791794638044353,13745,0.01714908211737754,6.825255975856047,0.08025686943087022
5990819878156080474,14936,0.016157738838400618,6.739610695482415,0.07928217011064283
5992489696086760633,11991,0.01681241813678369,7.456228108079072,0.07576720907416733
5994371498137213378,10577,0.3680148723538112,27.797748836625633,0.4840773605244781
5998272477758609185,13824,0.01793024162709676,7.20794649720481,0.0790389941173697
5999612594073698838,10933,0.023122217656559498,6.590439176413438,0.09086043104460682
6003767528746638771,11034,0.015888960396731922,6.9720705974088,0.07740700625475226
6008040670208785634,13083,0.017322888730959034,7.28346059509559,0.07763547584188965
6008573823108517468,13863,0.014344916200579094,7.02611799087457,0.07470791810194692
6008907654042678257,12478,0.012548154332769616,6.231128157735319,0.07697209961136985
6009030005354540391,11113,0.013904136089117187,5.9543288265400705,0.0807873513571709
6014567467314852932,11177,0.015933299291938784,5.9405616752865384,0.08397368796757242
6019855893943562213,11657,0.02968039741337554,6.857338445996503,0.0991966338276391
6022456408562916383,11062,0.015537929891493454,7.013803349337292,0.07660786395850225
6022965442821056458,13462,0.021203012134705528,7.17893162499451,0.0842210392668121
6023037425525304048,13104,0.018710876610449387,6.091712907355929,0.08726418863865412
6026625848976294661,14660,0.017510039231413064,7.863746045381464,0.07426530326723292
6028437935092472580,12790,0.01394123466088657,6.85084349959027,0.07519558964717893
6038969032799170277,11484,0.026401863755556032,7.905861032996417,0.0875824451853915
6045154477199059043,14261,0.014188426355544459,6.392241479950561,0.07846257248688714
6055660505516631788,13226,0.03469505308162768,8.38754105272649,0.0972157067795505
6060107994930382819,10105,0.09631359213124843,10.769079512839319,0.17633484417437026
6061790806642231666,10759,0.02019406651300509,7.705544994535032,0.07936195727294144
6066852286394690479,14710,0.013632615245463196,6.008732791073004,0.08002982793250442
6067517897214405522,14223,0.018550461780412905,7.802584857931174,0.07623991672814129
6068617208263740352,14646,0.0185463735483084,8.293226259087238,0.07314241853458246
6072035626323394601,14661,0.013810211532854468,5.705113355504737,0.08221404464493078
6085092005364132706,14730,0.015425299428360706,6.964958724614379,0.07674356039583449
6086039122826677102,10441,0.019303937740257897,7.043946663715427,0.0821706192994004
6091009592487671795,12142,0.014426600086170506,6.501601946780587,0.07813737052002447
6092431822110670998,12960,0.01223861194760633,6.089991304288354,0.07738848916917586
6095083938144799374,12330,0.01452811478885535,6.385802863642343,0.07902202114453877
6097259681000077540,12606,0.017981984507799854,6.811936279254071,0.08161306854223159
6098366945849055530,13112,0.013145284863583517,5.922019964661853,0.07983174693361299
6098644278410081229,10839,0.018042622752312568,5.358007602423697,0.09086607531747053
6101078498537689289,13804,0.16698801904798344,13.638636366522507,0.2662123497797347
6103227760653447691,13631,0.2506057934270093,19.235282736834787,0.3586792976719314
6110569394750729645,13196,0.016857683344250418,7.304011843923384,0.07679538119859472
6111915764503703844,13805,0.016552093763796953,7.091969405469954,0.07766454465823763
6112016045595685512,14276,0.017271941939347245,7.177178037139809,0.07822727948667299
6117204060434410055,12749,0.015165608560100893,6.5027735838631076,0.07925884264499294
6118854242705523317,10347,0.058175377968542594,8.864005820343117,0.13008055652036662
6119371611801495364,13004,0.019731930879600824,6.718088633830517,0.08487743624760143
6120577469928310333,11365,0.015904734577327446,7.106762886157013,0.07658248195822992
6121747578262429302,10967,0.017951797116140183,6.711012251069108,0.082202821631927
6124213414099188380,11643,0.01204239968508428,5.382470267457042,0.08154645897444758
6128174768457412924,11701,0.01624423742294566,6.7819225170117425,0.07914771606389888
6128705902841385291,10897,0.020045295369954537,7.476003557848747,0.08058091608929814
6135102101669363326,10400,0.026742461227379846,6.865453278522134,0.09465773578899639
6138912888685361596,10646,0.019758424755097377,7.240074611868561,0.08162916857984832
6142229741577916124,13808,0.015364933588322662,6.2370499046585275,0.0812374908758753
6142645432362079195,12652,0.01773038436144806,7.280638286655801,0.07827571738513647
6143826569206920768,11847,0.020486334125383303,8.345185462611502,0.07577839140065554
6145377634960197850,10887,0.01671791956302493,7.517677749113489,0.07523570078542265
6145976583322605660,14984,0.024782191049259696,7.1414479149459,0.08992448827532017
6147142514922743485,11860,0.03886990538092647,7.0461625109310235,0.11204416393391234
6150978249529075136,15075,0.01931238439825966,7.192190640526749,0.08124952052483259
6163614797075415918,12845,0.0185924998604461,8.297635786971828,0.07318509569583465
6178674640230712290,13350,0.014612521248518126,7.141334181792534,0.07439077961135304
6181932167706479037,12082,0.02294931296671736,8.579206545086965,0.07806621907421209
6186309511692597123,11224,0.03978806091912543,9.928823002534864,0.09528465997194722
6193597545454311484,11666,0.015936196234319182,7.193697709629981,0.07608281338893107
6195081983468416825,11221,0.030997596024070168,7.174179782465167,0.0992124500443756
6200535866038023917,10457,0.012767701388689559,6.330432780636846,0.07668180110433327
6207728106666903473,10675,0.01768267606009675,6.969523207791451,0.08016300149646825
6215916617706737676,10088,0.02527319413831174,8.352836567314727,0.08304223464271898
6223313106315937554,10356,0.015571576498100365,7.017187703766716,0.0766379370938645
6225129050473800081,12519,0.013048759907804325,5.851375257861964,0.08012939489502227
6225321712359648055,11788,0.023692455849821124,6.191502873637447,0.09424495564227647
6225660395764923728,14163,0.05930229915083973,7.015899039902876,0.143445829944235
6232162763134383371,10857,0.02433143465607615,7.514693807375722,0.0868843358299681
6233528190965223875,12276,0.04634151922020227,7.834735074635559,0.11848889246517022
6233947636321092387,11757,0.01760367704535255,7.224919291892736,0.07843322258557384
6234081498570086384,14392,0.015182195827660167,6.843702006024263,0.07713618340090796
6234292251889244681,10655,0.039759601309688794,7.688212514281917,0.10935800365656799
6242361513351223778,12587,0.0704640229738055,10.038043440704518,0.14145482396253567
6244420900419927800,12034,0.017641487215687437,7.608330769440241,0.07607532020911897
6253382002380852573,13360,0.016840744016433748,7.268812639006048,0.07699127618647905
6257389242339240948,13498,0.01375825492233964,6.18031247848165,0.07914071934524664
6267826724884820587,11743,0.014577032012839877,7.126098013571638,0.07443256337367946
6268944721273345658,12921,0.03679660484288164,8.524718890884463,0.09956159992001512
6269069742862328950,14627,0.019602180711253712,7.634962325841399,0.07890253827316136
6270750599993019686,14828,0.014718035060107597,6.647068817815674,0.07766604045215648
6274444500446072698,13635,0.014820215142834731,6.092037001069329,0.08131906390813909
6280123819549133287,14895,0.016289976589758372,7.310576752304081,0.07588683315183957
6285388038897379730,11461,0.26680140142576914,19.8020807144643,0.37984742163830704
6287371275816822135,11638,0.044494489506999725,6.747962014300529,0.12251464928047448
6289585619622749271,13976,0.01731519447350234,6.706401397101568,0.08125944553397509
6297503053973808952,12442,0.017923203296906377,6.990498463083052,0.08039825968021669
6297549934651847640,13632,0.02721226891586575,6.732447761989556,0.09621337115226627
6314014069216056338,14880,0.03042752855553492,6.776338767659208,0.10084822840599003
6315209140344296059,14203,0.016098280894947452,7.259394874291432,0.0759164811762327
6323502153005415804,14812,0.017086703877225592,6.2358812833013575,0.08387490091968801
6334931484490754711,14117,0.016048878043397795,6.647646576776012,0.07969529629691996
6335764822456971151,14505,0.014842356610949684,6.703356429889253,0.07750130840024784
6335858829944089961,13742,0.01723668282834298,7.223528366059472,0.077881393166033
6339306154138254442,11972,0.014184453760181171,6.403473543453028,0.07838573738350778
6349410052940917624,10737,0.15188922653449308,12.891093784578073,0.24785840821231203
6350096315538029514,13304,0.012287031502786826,5.491119574350936,0.08123560251287149
6350892429097026567,13224,0.019307169223472576,7.177472064202981,0.08133428762000923
6353119758345740410,13006,0.09886454380690109,10.751277350698457,0.1803436480567948
6356922562135620031,13102,0.01806113956125819,7.588577658750624,0.07684080282566165
6360044576469768527,12050,0.021652264706499592,6.866010351460938,0.08687882336261368
6371536225865549470,12378,0.01582447914190473,7.134642313428369,0.07628423730534972
6377932400419866706,11412,0.014128888019687785,6.932545206452136,0.07496747871389857
6379907932753712701,13687,0.014564337210873352,6.251262400542026,0.0799250149860235
6379992378030240988,14169,0.0164544597430044,7.383969529191416,0.07567567900678783
6382555761429819106,15067,0.03773851817122578,7.82494502935343,0.10540927450027414
6383708971147380458,10913,0.01697403069076641,7.301198071704598,0.0769908326668919
6385013429776311123,10747,0.01545638786735176,6.091495044230006,0.08229424823508566
6386988001840993166,13830,0.01610309002176204,6.564730215547707,0.08030051543670387
6387471007055619883,12616,0.02002424648954889,6.665189586543631,0.08565724256800021
6387559236833210525,14275,0.015828975655759525,6.992743152537675,0.07718513201083434
6393976143955252408,12851,0.013331775952249963,6.582684916452998,0.07595414142030997
6395083259194317117,14551,0.016904942548499842,6.445484153110279,0.08227666708378453
6402910263211797036,10151,0.14634461741479526,11.18070211149967,0.25016508725037356
6403994431170382629,14079,0.015189190742478244,6.830529765804894,0.07722985912650009
6406501800050401325,14923,0.012678642353336886,6.290228197843929,0.07679906748171154
6408763922213971753,12644,0.015973828154540057,7.716329888367676,0.07284748801908283
6414477914457961530,13778,0.018075747101163574,7.91008695113971,0.07483746842571608
6426613354779015525,10206,0.01694111194990954,7.606342556580952,0.0750180060578784
6430079597788753393,11153,0.014175290818227423,5.8872522733129085,0.08162415832978605
6441924556768850938,11426,0.01750129724815335,7.35059656027175,0.07748501366242033
6449041974812114958,12876,0.12228356453582637,11.399852529717398,0.2120304840311944
6457484654133893428,14038,0.014673262608342171,6.480639208135635,0.07864622803028073
6471334917576001426,14989,0.0127160520316578,5.721142166154949,0.08044170016415571
6475083718266923317,11858,0.014614036531399786,6.60022880822951,0.07780229244190492
6480537590480732635,13133,0.13713907370058936,11.781754949051267,0.23231649557018733
6481354312186155616,11298,0.021591726564769476,7.6316622190910595,0.0819624114771352
6486428202693577986,14945,0.09555129452155309,10.847892784360372,0.17467385774698718
6486992663784321056,13983,0.012830841178505158,6.358872602751343,0.07659906551788793
6503102128086177842,12669,0.018243447370163403,7.100487733362354,0.0801944604824093
6505739337772646733,14582,0.01410079128418218,6.357315305855396,0.07854875774411667
6510322380215754642,10480,0.21901411777921825,16.761312009445735,0.3260093092014578
6515893428564558242,10896,0.013927205798774812,6.284057781577732,0.07874515569888596
6516572564625997244,11796,0.015718242221697362,6.895900718294485,0.07762613319467082
6524342007271046004,12870,0.017586122982462763,7.080045556366873,0.07931917559145997
6528712317461439773,13453,0.01569223620383545,7.0813472746611605,0.07641801473207772
6541036926570233253,10406,0.01593932453518119,7.171219729163484,0.07622921295863186
6541268763968848981,14765,0.02493724172995522,6.9892114171674455,0.09112048793931886
6550750783106104113,12681,0.017622615434689706,7.448009068256242,0.07705658924153126
6555441774392562022,11372,0.01478619720875741,6.669356464489903,0.07762973801425993
6557277454580315022,14130,0.03065674688881665,7.741042398039469,0.09512031447889953
6563489071841227794,11781,0.011961866794127746,5.350494533575777,0.08162490393892093
6565668223083606503,14983,0.020957515026822342,5.940022585380558,0.09165169979053187
6570382460453304643,13437,0.01710988377630322,8.183367078435163,0.07164030485983781
6570708928996498956,10259,0.011146779300385472,4.92834299085323,0.08303957493202048
6580068157588414033,12113,0.015708244376384958,5.907592716335213,0.08383762966926094
6580522928075870581,10809,0.02096088434679591,6.27596549344784,0.08954026069852276
6581709363502117156,10579,0.020285914938685052,7.801349493714947,0.07889864820640202
6582640671807029280,14082,0.014338013933518027,6.295751054069966,0.07929900272896344
6587047122279642084,12496,0.02809086410121553,6.372704475050145,0.09982198580181176
6594360974358903425,12575,0.011617710069084379,5.16740444790807,0.08225274275824523
6596016486109512425,10946,0.015632134093035713,7.5736635623154624,0.07322440142612167
6598694227138539932,11969,0.016069608781973336,6.959491210573626,0.07776220677098958
6599378311482870925,11103,0.03437572625854947,7.814279892581769,0.1003397206421823
6603536170587663935,14762,0.07266195446033799,10.171454029718564,0.14397167484750564
6604689646838672094,13493,0.015051926680483945,6.65149393803862,0.07814818808785297
6610075279745825117,12473,0.01526347619566159,6.261089677110182,0.08093105119075443
6616055689865646749,14553,0.022744356786508588,7.62504662740319,0.0837647640912468
6621654296279906491,13696,0.01507778731800698,6.779373882061648,0.0773819918289078
6623450723098446777,10309,0.01680648344390144,7.569233449015773,0.07504616109339876
6623809393991774446,14294,0.030916552058805037,7.995709999813886,0.09391265719675972
6627694592977454561,12461,0.015604528122716566,6.1337855133243036,0.08225408791338973
6630227700416561662,13592,0.014204144575262187,5.77843015457726,0.0823538596433004
6634926705920350776,12377,0.01763483161526391,6.5382480163921,0.08280713839372414
6636148844797842443,10369,0.022324997419817853,6.132866175673645,0.09252556524611302
6641743215796841619,11102,0.01859017322194305,7.682199334381594,0.07705905788482294
6644869202213573039,12595,0.012052373762081535,6.004418422597598,0.0776431518930361
6646007480604898298,11457,0.10431063941207187,10.922879671203498,0.18758152650651716
6647631611111394550,14793,0.014009451407356467,6.8805898921296675,0.07511237727959873
6648298622290970379,13206,0.0159790403382188,7.08584934787716,0.0768277502168375
6648680112428611118,10367,0.018093337683448143,7.799750994239971,0.07555950279386489
6649599799809776717,11415,0.0180733374490996,7.570866826817597,0.07697102131620197
6653538205535892542,11180,0.013503320816143615,6.658609838746406,0.07573782060237977
6661644311666721613,13338,0.01697694049828734,7.632519479657334,0.07490780911033043
6669013611075605979,12673,0.0185978170779792,7.980544976577662,0.07519102731146496
6669399910621794207,10556,0.01775214384278604,7.060278853481678,0.07969731540099811
6671249042316819203,14643,0.013868062219330934,6.818877401767486,0.0752852171710493
6673898882497500392,14536,0.014061005181805447,6.337626952512925,0.07861202862942333
6674829172039070224,13908,0.013274837591499337,6.557404745318543,0.07602644267534184
6676781867452391182,11998,0.016541097191649468,7.415531972693196,0.07560916281540017
6677476125992905586,14933,0.015130210596703365,6.717248099356388,0.07785348903638577
6680069070970830620,12604,0.014596010766706233,6.268169944435473,0.07986687228661794
6680774855293000935,13673,0.01898952930297987,7.050632332570254,0.08164822993056953
6686379412699920116,12188,0.01607464556153989,6.571679090858048,0.08021328488766084
6714360264506509353,13268,0.01727703775527875,7.240506717347761,0.07783606536108387
6714837462532267630,13603,0.016479870345069775,6.869998087910054,0.07895273701097373
6715286747534335730,12599,0.025239257332912855,6.507605604623107,0.09461614952944021
6715318014390428187,12502,0.01523732276560915,7.407466876576516,0.07366842833627149
6719238600446117673,14168,0.01636965869655104,7.880297374238475,0.07241906290933027
6721291303876970362,10597,0.029217295030891877,7.758183987444931,0.09281351629027473
6722119811126033760,12017,0.016432219377991497,6.872907234668074,0.07886162008127211
6722465595848055465,11899,0.019196034644184345,7.054408913628203,0.08193987791315496
6728107922898676568,10184,0.014408348933342214,6.506028024864621,0.07808160521833993
6736526556683355933,10386,0.017209597824088027,7.728995473342108,0.07465535845787219
6739640252641637791,11658,0.021628809561235224,8.340409988478976,0.07755363878755983
6743077331844737541,13037,0.01760573504541331,7.38036683277732,0.07745697940263607
6746666481978060402,13736,0.02411450440142042,7.722479727220348,0.08524382815087354
6748774494621887002,10543,0.016481977486959773,5.859893121123184,0.08532005447493043
6749491814323813231,11954,0.015609086140738096,6.551178517123095,0.07963129370949458
6749944006494235800,11622,0.02333216100963635,7.062655080662264,0.0882059600663032
6750101030890608299,11491,0.014977857075636626,6.6344903712813466,0.07814217474657463
6755234906208855655,13819,0.032717598026164765,7.708233757452446,0.09847502483202313
6757286978531798845,11799,0.034732199396301844,6.913922471876128,0.1065568839665348
6761554004910121217,11266,0.01360059461512966,6.133405108412326,0.07919542602505443
6761686173587945424,12409,0.016875395441234453,7.0397322802434275,0.07848751257685598
6764250345240400378,13611,0.017190572857358352,6.319983494138335,0.08350368303567096
6764436413302056394,13159,0.04618706669626492,7.737432297356884,0.1188660120051469
6769267637025841636,12966,0.018137956971007348,8.12498229045444,0.07357856185380171
6775827180598071425,10710,0.01964996421560315,8.720764203780881,0.07213450669696474
6779596721554382316,12500,0.01476110977285921,6.668760866634724,0.07759516885225956
6786865447746105751,14766,0.11554391450345677,11.54250871015966,0.2008367041514598
6792241497687693462,15035,0.017690468718017105,7.433754399866328,0.07725004741495078
6797761978353598005,15005,0.01602119885423351,7.058772038096405,0.07706274718393824
6803516548909967253,12197,0.01364987957994721,6.723195690925655,0.07555477394350038
6804207944597021892,10332,0.014037797697787966,6.892935061752041,0.07507789703279312
6805476310395763575,14724,0.017140357176924668,6.875632350227535,0.07992614889010038
6824333672840337588,11252,0.017487327508796686,7.410876665265974,0.0770838837679349
6824850986444199524,11631,0.1483313098714057,12.680610483555714,0.24374973738576372
6827923720261828550,12911,0.024002647387289064,7.452257429146438,0.0867754812683583
6828218596514643494,12642,0.018567220469203366,8.288069201892831,0.07320675442194878
6829910148527270333,13305,0.01577780187531835,7.634613872224022,0.07306289926146589
6832779360938692381,13854,0.018320919688581155,6.898240161146597,0.08158704868374544
6834824250375175311,11351,0.017145990943435108,7.190178872968618,0.07795297529087628
6841612378485118798,13968,0.014709656376370627,4.995171560815309,0.08806090993383521
6844686729502423766,14759,0.01206271446976999,5.19074426415272,0.08278544717111712
6852174405637856878,13011,0.016906511058354695,7.6024905724010665,0.07498942149831764
6852913787778440568,14884,0.02645921616305119,8.50490790846314,0.08389579767013977
6853001839515967895,14937,0.018765102277605673,7.112065239741948,0.08091835810962986
6854273119955210389,11381,0.03709214815053813,8.691659893950405,0.09896124910284453
6854459604573235188,11263,0.015996851280948996,7.211051951901556,0.07606612624906817
6855023811925885244,14792,0.01781659611938789,6.579475236472916,0.08282503888309847
6858763821820688700,10508,0.021723410551301024,6.836676916433644,0.08717231376632015
6878031381505222221,10622,0.02900914822441105,7.487680472681791,0.09419985612613317
6879096121344882687,10842,0.2894080048603854,22.14027974845757,0.39964790781876797
6880445275903875835,11387,0.015614553467884007,6.915400076390411,0.07734489162635068
6882323704691824305,14707,0.02259924953813547,6.9244364594830135,0.08795725661798114
6883581203980957444,13258,0.023022985385695107,7.526668034709525,0.08481020399260149
6885645436942306506,12456,0.014263354237209895,5.929067909815515,0.08149522078738161
6893598237797016233,11738,0.01274732518477369,6.321243533107678,0.07670857218186401
6895205789261385359,13245,0.013961387134057469,6.859636605146628,0.07517097268132565
6895561348794566758,13950,0.016841196221239967,7.41171917213182,0.07609159389128832
6895943020749923737,12740,0.014785579050442019,6.670505122754899,0.07762155671742071
6904813742649213077,12603,0.01724623141656404,7.7370725180066175,0.07466042830811842
6915426504324951192,12044,0.011850669875520933,5.911163204268209,0.07792259241928674
6918639739022400051,10524,0.0270988640827573,7.868768077620414,0.08888083231880625
6922814391124200205,12206,0.016369379443803133,7.3497086653804375,0.07576157499952928
6928158814279887636,13241,0.01947649886485818,8.189123108183558,0.07521910317875502
6929124324894745335,15064,0.01631446866348571,7.04195980869954,0.07761664848630076
6939169942706733546,10058,0.014072684633873206,5.756108468813232,0.08229368757904945
6943131903521633462,11138,0.015276979555637105,6.40227920718215,0.0800621227246852
6946993691176104202,12353,0.015800119758042123,7.027570053329493,0.07692162934663127
6952532162450242706,12443,0.07838038845747326,9.066205172088981,0.15967027241652562
6954715377577661054,10419,0.013810189497534354,6.098963980058921,0.07973258147997839
6959363752836027076,12129,0.013587684561447797,6.695818647246683,0.07563225672736772
6974403733800709176,11166,0.015360876536241016,6.810941729061119,0.07761552658962778
6977102151082847455,11063,0.017256487278281454,7.742120799844835,0.07464428803174576
6978929242702068395,10861,0.01871494866485487,7.352113707496402,0.07932933790226997
6980083504110690164,15077,0.019575149889342943,7.701351567007415,0.07844296704441574
6983948644852498411,10920,0.05846845501582899,9.126922693348101,0.12887174888241867
6984811418531727565,14254,0.019217753777906455,7.099227831496318,0.08169067584071778
6987600586303446331,14761,0.01782470354013735,7.989569136210345,0.0739532209125539
6990979165540928493,10697,0.019798730302263548,8.189234698952454,0.07571061669671984
6992671951811101031,13476,0.01422292982697118,6.973342279512152,0.0748540907001136
6995620115951133884,14482,0.048681349803919985,7.898220607732632,0.1216630559094894
6996437088048185014,10958,0.015945849025640235,7.186511860191472,0.07614283223289016
6996489648792834781,12549,0.017965540491052277,6.959136910766456,0.08066052216605281
6997096839526688416,11087,0.03185197380278562,6.563087876116462,0.10436767715654151
6998227850788853132,10228,0.019943837141012936,6.779937149247642,0.08481145593448275
7001140406896353101,10417,0.015271192729889884,6.764070222174462,0.07777384312279863
7003141458049587385,11160,0.01768353016738839,6.602595954867502,0.08247610677081303
7005737928177866226,13368,0.013731034024196506,5.549898007332779,0.08307102293304626
7007055222090717078,14182,0.01632536262502107,6.89606065272212,0.07855251715467004
7011414240345239820,12486,0.020793338217402545,7.584791522913441,0.08103815897270836
7015567098696044435,13319,0.012337208715153447,6.135092764918044,0.07725493946537913
7017232479537342774,11459,0.01992877895170677,8.069068353212304,0.07666636928508107
7018416908972812024,12905,0.01636347516062684,6.75463069921957,0.07950180496524997
7020199019569514395,14806,0.018394263447012924,8.225368108795136,0.07333760228175162
7021563889518455434,13379,0.01043627898414374,5.238735850528045,0.07999865846821201
7025835054733680867,12763,0.01544068195168493,5.621199477595455,0.08523332280339126
7028982108816371060,14366,0.017001584057029676,7.639190287685104,0.07490342378369304
7035897371103905882,13044,0.01409910601495739,6.349252229738058,0.07859698432471854
7035925527497829619,10596,0.017728769949541794,7.684508443511295,0.07572869443227505
7038861647494307063,10685,0.02186490296732679,6.823997734485312,0.08746833131169049
7039617432231133314,12705,0.0427816438520471,8.477056308183604,0.10900419176303297
7041783302000510519,12557,0.014747640192018012,6.496360926146653,0.07866078801918105
7044861961170149126,11661,0.017696564852012413,7.934287436178543,0.07410578451018726
7046122700650122990,10442,0.061806080540895106,10.112781229694646,0.1277587196945048
7056397958249933395,12786,0.01599150331084552,7.091010660855578,0.07681426921250148
7060845151998755015,10465,0.0190942197953272,6.02793458088823,0.08825158602924736
7065638465187454154,14750,0.03834630253147657,6.5309479608400185,0.11449042226948576
7072374542797951199,12963,0.01477164257479244,6.6648251567525385,0.07763605464766982
7072841271088581186,10909,0.018927270054260988,8.909647488674791,0.06984052677455753
7087249509515387097,12895,0.017934193115011227,8.515761678110612,0.0708052280793781
7088565824977948908,13428,0.01600401688652485,7.202156712145081,0.07613311575384572
7093026737963985495,14231,0.01777211741544061,7.305335315412812,0.07818386369287425
7093910121042365531,12163,0.01887314720676889,8.315476346006689,0.07350138829533279
7097104632720810775,11209,0.020697745141562807,8.887967485130602,0.07268156520826323
7107813630540750677,13406,0.020010918621694518,7.623188980814375,0.07960107283719504
7114691981539583489,14609,0.0391012695481959,7.982329484435942,0.10649932111907173
7121257063318398139,12983,0.018039198320684617,8.088320031858766,0.07365869364990048
7121718191737624044,10838,0.35049353837347086,25.52324791743687,0.47164342504207163
7122427175150081081,10218,0.015889605666488622,7.005801140463959,0.0771954748910245
7123025053125160417,14201,0.017125696557775065,7.703132035713983,0.07469014803111876
7125205689406811554,14279,0.019895753341711387,8.572040797204014,0.07344697761205447
7126382895490295648,12463,0.018407331154774907,8.23756553089362,0.07328071449078605
7134286682499733837,12688,0.016973950018233784,7.627774855005257,0.07493313426731127
7134308852437150343,11868,0.036430013241393944,7.362263175124596,0.10632559652192858
7135059895189877532,11756,0.022461174027318495,7.435695268551205,0.08452519090270161
7136023366517978360,12794,0.014024867291761587,6.3214072263675485,0.07865901839685464
7139261045472151300,14632,0.01830735522348199,8.186185437678366,0.07345171559190185
7139943912521827933,10491,0.013173748513600828,5.922299322085931,0.07987346579888328
7141914323223870823,11853,0.041712405463460195,8.5702499244741,0.1067837432112573
7144868682687671902,11243,0.019793860899363552,7.160145317490475,0.08218688734815909
7145664445914984699,12602,0.014994300406500377,6.589421316996454,0.0784512469068717
7152281711696856717,11393,0.01215144647087927,6.0500030760030405,0.07750728487766478
7161195799222660129,11506,0.016442502296987266,5.621382743482278,0.08676247380831305
7161347826975557777,14210,0.02731718324002748,7.836094072047236,0.08942018068318165
7163689635951983933,13253,0.016494548685208124,6.508706041549815,0.08125145490522602
7165159585313818130,13413,0.03569347299878952,7.180106023541464,0.10634818180555311
7167416341770463979,12874,0.013152064958877697,6.502757689781422,0.07618320452193153
7167646061656521301,13679,0.016276964700502432,7.337345964548668,0.07569829953474838
7168506915994647564,14972,0.026837939034359912,9.120106450874093,0.08059828908751637
7168710736910415309,14053,0.015380649754292692,6.949985371698312,0.0767696955089348
7168947285142564292,11150,0.018701690819520632,5.801927650602295,0.08907592973219822
7184181796425271625,11928,0.030973217579929102,7.115396566553959,0.09954557107896647
7184586611047434363,14594,0.013011678490947096,6.440037856111532,0.0763639227925353
7189693002432235666,14312,0.017796536857701144,7.981834414349972,0.07395892769745313
7191219066953407873,10621,0.027923053715381202,7.886425915983185,0.09002855058831435
7198252666632006407,11231,0.014503032861300016,6.544825285625784,0.07798179774353277
7200661085251785555,12199,0.012459353667742989,6.190775949664382,0.07709069075907561
7204170333291471454,13539,0.020804353640512117,7.1221267370227554,0.08396997383153755
7210447980583190136,12651,0.016285314864625203,6.6060916905280225,0.0803182732410169
7211274568647809932,14431,0.013818754079272435,6.222048804413145,0.0789701763933989
7216611302521805347,11577,0.35191669946421067,26.07130335051992,0.47036435265598714
7217931226968353354,14635,0.014440840529632388,6.520598422973139,0.07803943712684124
7224189830046272074,14878,0.01579880633268798,6.2771334819251825,0.08164769845911315
7224343176590247704,14282,0.012609022619891176,5.670907451214215,0.08059471051807897
7225640824197132536,12998,0.10288107701719537,10.556411343078983,0.18770674333639586
7231705424810889085,12435,0.016098750596863796,7.244776755197184,0.07600929913884993
7240262943312627184,12528,0.01614322237758264,7.150361364944006,0.07667208874578398
7242065407048456280,14155,0.015813402684870255,7.139479738975375,0.07623683986395337
7248337851418246296,14503,0.014236262722050655,6.433734050560929,0.07827422256972251
7253005213882143230,12619,0.017819797890979306,6.630296291629282,0.08250973501204842
7256494243118178646,13799,0.017274501024728852,7.754983656176201,0.07459076291484626
7256642419290563104,12817,0.016593205153514857,6.0775573929502595,0.08411857834070889
7257838748223338477,12120,0.02147820820500581,7.177161351072544,0.08465256164648939
7264224863653311326,12512,0.019685114555396305,8.052414629805243,0.07639909148918926
7268840197793948820,10706,0.020011128891819066,6.614744513839901,0.08595503091408378
7273160443749111201,11318,0.018123523097420203,8.117246096173812,0.07360525512492265
7276840623522638655,12208,0.01583685992409034,7.142436153490793,0.07625404469232018
7285735695889913046,12042,0.014578476492586567,6.572905858849198,0.07792012000657673
7286542786601864237,11331,0.01520694346966835,6.550236861855231,0.07902294354725335
7292824275017428333,13544,0.3111539634199789,22.442562130166834,0.430960894039368
7294600580882495408,11986,0.01296524452215681,6.419237343876283,0.07642404597814065
7294687078874809499,11891,0.014499964587933296,5.913370472120317,0.08195554967777516
7294922847726948118,12718,0.017887322306339232,7.031174509594744,0.08008717385959103
7296211798194461114,13120,0.01520849110599499,6.866581257581774,0.07703220090343164
7297366220398490298,10325,0.08699887653750274,9.550905420253619,0.169781407254497
7297452190899123034,11172,0.015403661810993636,6.654021752464239,0.07866954598023224
7297471437376489293,11709,0.01816882529086393,8.136681205368069,0.0735520057546336
7300127495539939618,13296,0.023624398858830806,7.121524689654437,0.08828145666532873
7309320612798608717,10162,0.037172940209632126,7.931863104044375,0.10387170982877307
7309499037402120040,13214,0.13527195303974304,12.227664140017795,0.22665500099522415
7315419657863729861,11425,0.013656097163387207,6.725930038306769,0.07554704388516502
7320820930100890447,10128,0.0180756809628616,7.306208089046721,0.07864206575980565
7324802014088191655,12729,0.08099834474620865,8.800303114283864,0.16534456431398825
7336107885936495773,10531,0.01658921748476439,7.45815289241312,0.0754141375151777
7347774580121550838,11720,0.01891248102855355,6.922679058424171,0.08233669780412653
7347775572569384526,11597,0.014023563708543288,5.958795082968893,0.08094164068610667
7348382082446120497,12990,0.018146651428731116,6.779121576646669,0.08207134822459226
7355935366570004711,10473,0.035253893897607046,6.860241933986809,0.10769199601553991
7356499450014091657,11002,0.01590989100296882,7.066193400909053,0.07684596385458878
7361567491875167687,11077,0.01702696936170073,7.646715196789208,0.0748947902858532
7362216075880075755,14981,0.015455084574803291,7.499317014192,0.07342236930589226
7365072129106354227,13053,0.1652470404975974,13.441354977411141,0.2647959196472562
7368253337570758435,10916,0.017766955193471167,6.2267854220326555,0.0849713097015391
7369231576094373910,10275,0.015226470167875478,6.853600080932591,0.07714145140542568
7372089688989218723,12826,0.01513383869809555,6.808864799067109,0.07728180616611009
7372240394512133236,13914,0.018909928484648793,6.84501001804023,0.08282214732111294
7372666664497857380,10283,0.013329908269425348,6.01093640563705,0.07955355172182181
7375026688967947530,14464,0.016746606147331557,7.516160735205814,0.07528907810577268
7378246011659088187,10489,0.019090316188710137,5.617500498934195,0.09083153564152098
7384929765731035146,11693,0.027716720035312892,7.883931876308362,0.08972908425624919
7391256774057526219,12191,0.01986322638569038,7.682709117835197,0.07900046660851988
7395100855390017122,11105,0.018389833869061283,8.229706546892958,0.07330350195160171
7398101135700089415,14902,0.016547676271360327,6.742688336483094,0.0798584188309164
7399415806093229184,11409,0.016169664043118006,6.809746261106966,0.07885850172132328
7403129534850953808,13938,0.020947186364624344,6.873227698869074,0.08575632612841261
7403439649654430902,11361,0.014244362856809249,5.904251321816998,0.08162256623042485
7403951004125352534,13724,0.024338710306735553,7.023147644689205,0.08999240327465127
7407503686841834792,11826,0.016043937875203904,7.226824743081801,0.07603867678527598
7416731635629395736,14502,0.018257794960174656,7.3471471169685785,0.07866231584418944
7418503035098946446,12650,0.018221255396141077,6.6381058965924105,0.0830737675087257
7421563924016032780,14458,0.017598662289845354,7.886675498396889,0.07425621172338952
7435365834824709250,10561,0.02229571072602894,6.632966868864032,0.0893299781349609
7435589993928001395,14746,0.01424127963403224,6.077060426641554,0.08052908432903194
7440323808197093403,13125,0.019260709311617514,8.170075153194087,0.0750094895994115
7446723019912675915,12546,0.013866954967346707,6.26211106173277,0.07879139488523457
7447381355418589795,11949,0.01881288546409797,7.91855230742519,0.07591013031953912
7451096017873063773,14437,0.014059691548533992,6.902463942202226,0.07505130436429949
7460973124701787857,13272,0.027235685936636164,8.160148246907553,0.08725400986726653
7461943486491787306,14051,0.06033666541272049,9.08306366457107,0.13200181791282625
7464129084413036553,15065,0.01627203046351635,7.3286531582369365,0.07574553080870389
7471132496210900934,13714,0.015284526531576529,6.898327244936974,0.07694833345061182
7471934180870513038,11543,0.017663570506679507,6.737993464307441,0.08159255494127479
7473280265675203677,14112,0.01798860919634629,7.21109231817092,0.07910833200621546
7477442804882046175,13144,0.019708013148164682,6.184068452866216,0.08820545973017103
7478305758203214845,11696,0.02417125385015305,7.038542089034662,0.08963961767824456
7479029096634579281,13058,0.013732891032104566,6.009961487436795,0.08017526038791752
7479876268897210450,11971,0.013599178963401879,6.131785443683963,0.07920346817083851
7480654783854215962,10608,0.06222767003108351,8.687623389269733,0.13738181980484748
7483206512142354843,14547,0.017017262245239022,5.766590035192993,0.0867255651942986
7485589329641692745,11879,0.017933253769817838,7.768010122803831,0.07551495184441678
7488369900527187072,13645,0.013013845793284656,6.4410080414845154,0.07636112081309485
7490355233856026093,13024,0.01339393658447061,6.031446063369792,0.07952213684994971
7494400475393864214,12862,0.016366894151526708,7.879156918164032,0.07242202536477477
7501393111027635086,13483,0.014336266519387679,6.459090033917695,0.07826722719744421
7501395286306039151,12324,0.03369633491415269,7.618314075285971,0.10053660287293346
7501873163995983183,14406,0.020184448379816256,7.590895708531069,0.0800696054883919
7507942496088313010,14136,0.016279276804779443,6.426392039132077,0.08144123558243128
7510001368000785226,11704,0.01429473982430531,6.306381351108103,0.07916592496855371
7510358789290884987,10908,0.01644312516985583,7.393329653685631,0.07559939232448487
7516764361528676638,10782,0.022159419953972068,8.324892899892868,0.0784619238253244
7519845460611436954,11227,0.011705296504192579,5.84357012961347,0.0781263965988282
7519967244924199908,12446,0.058561684248227344,8.987723025806307,0.12989117705981448
7528650683129334341,12959,0.019452075086093385,8.38254174622031,0.0739631740588866
7529064090977883264,14388,0.02082131405826205,8.106688903646377,0.0777927132455425
7529302286261758337,14032,0.027177249064089276,8.047025006501457,0.08787747148793044
7529671627801753077,13154,0.023968346896455675,8.396585179638848,0.08077341260766063
7548060221158527407,14947,0.019295744548679612,6.340900956257814,0.08658759642959893
7550554912663736356,12768,0.02706903813194421,7.588462225846468,0.09060132069461349
7560237226800365853,12302,0.023857484805980617,8.025587617336942,0.08294151330482112
7560338186091452342,14742,0.10425442624142302,9.467847143748434,0.19666299455655997
7570622976278828451,14311,0.016733419786364823,7.155124079090673,0.07754362290230664
7571061716417288316,14113,0.021637180250222744,6.776510664712471,0.08741966826546912
7571699566353468517,13216,0.016779331417127362,6.714270192412473,0.08039132448098983
7574320891119442400,10924,0.014503076029108391,7.094304842344909,0.07451990450481213
7574554595713127986,11867,0.029670454591604917,7.080831015365678,0.09777334594016988
7580127959034583274,11734,0.012193051143671009,5.457733585599475,0.08130239134949827
7580500881557475784,11775,0.021599785860291373,6.224693106171476,0.09083923700128951
7582919966108500276,13390,0.016294155706984448,6.00575056026272,0.08411418696841215
7582932567055389877,14019,0.017017379674278008,7.3446554525497065,0.0767832490044468
7585313194236375301,13590,0.09988493250567934,12.488553451428718,0.17095672551834673
7587558959689347878,11995,0.03517789783072359,9.289197495793951,0.09227243813735235
7593035562449711579,13787,0.014285611234135664,6.2654006900384065,0.0794101767313675
7593864240990937263,12696,0.013436313936781803,6.628995436644754,0.07582204947533737
7594603229499439022,12544,0.024452317819200382,7.372848033540871,0.08796267769453624
7609271814157542576,12358,0.015111549334425555,6.821681409232266,0.07716700841033897
7613308589494345103,12513,0.1580392765500431,13.647550803900964,0.25248675675405025
7615363851883944242,13153,0.01735486681114605,7.285761233121327,0.07766982814405614
7622123315601922464,11199,0.014455040392757799,6.516142458600337,0.07808920227863764
7622390980618565974,14183,0.05265141080611998,7.2540566818386525,0.13178593519700463
7633635177573649226,13883,0.012470062048197957,6.195647749695642,0.07707635362821942
7637524222000127320,11555,0.02478112222285058,8.451632069651764,0.08166812802060176
7637680816442015177,13242,0.013574344342936598,6.116531328177764,0.07926164020032556
7640008421987169780,14269,0.022992827292604493,7.776469225867119,0.08319028106094044
7640086767209213192,14159,0.038313127560299,7.781432525706675,0.10656115234579054
7642553961859656553,10444,0.01185863664584915,5.914858120198262,0.07791148228985036
7651906028273518524,12152,0.021767394097949054,7.010583316886992,0.08614381409592074
7652598371426838784,14638,0.015044777896570844,6.62954003029969,0.07827558726810739
7655961383188763098,14058,0.014360017603990603,6.473826931232832,0.0782106587384027
7658374028663980104,10334,0.018592759763819706,7.269729288046947,0.07966174881875365
7665359884509828646,11671,0.013195109741448729,5.928400449555425,0.07986765586386424
7666348253350142842,10182,0.015178490101205467,6.554946321771743,0.07894980867748769
7666872255587977997,14787,0.05699920576763316,8.481066173875776,0.13069660965453575
7674813523926108009,10580,0.012222055741310214,5.476653087008815,0.08122749554593234
7675141714699307062,12728,0.02160269067387691,7.840692713524033,0.08066217678541987
7677517127332917243,11703,0.19463400318629925,15.310585241301153,0.2979082806987525
7677789187196965618,12317,0.013197333269191761,6.5229288842027175,0.07612526573859586
7678883859118780823,10279,0.014201103062691726,6.9638821042213195,0.07488035297260544
7682946026846925078,10769,0.017950062118355252,6.918318653269013,0.08089405126424089
7687324905573233259,10381,0.026347882683751697,6.7451489607148245,0.09481297648896551
7690566777603867802,10587,0.11922463089205496,12.322117394238086,0.20154721824032115
7694860477908661481,14376,0.11854150435180649,11.435066248024013,0.20609253173669803
7702856596065082324,14436,0.018051458312985193,7.740573171935787,0.07586837691651352
7709292446357595774,10188,0.014259358065352452,6.126740911374381,0.08024369101580707
7713422500546779964,11341,0.014702836579828626,6.64810892322139,0.07763627127850586
7715150872807693010,13297,0.01651679635386901,7.13115688431656,0.07736372889261531
7725365822043585973,12957,0.056076974686625564,7.965290468314381,0.13253748890869854
7725759570236785556,12627,0.018064317190382394,6.557821044750401,0.08333986980703037
7726291181034780853,12122,0.015053711215710534,6.753476915301568,0.07750837708604588
7729331870093564626,13780,0.025038133344597573,7.388193077342025,0.08876084515461151
7732367865904985848,10422,0.014759835217166641,6.658311116458161,0.07765905988827028
7734651842340529760,14723,0.015953480936340112,6.892133047928715,0.07800920417583293
7745355117524496544,13282,0.018750162137438464,7.779732930005714,0.07668894106602202
7745531613273623081,14716,0.021312270852771358,7.475720956429004,0.08251803337108275
7746340945625287605,13823,0.021503217743816513,6.322978885635337,0.09007248380895141
7749976495392166666,10343,0.01324574798361803,6.544473720984389,0.07606347862454195
7762804967705349025,10746,0.04633495746225326,8.66213263767017,0.11326590623511273
7764813722798141845,11736,0.01655863353768957,6.2881075152655574,0.08273921237532375
7765514292103938462,10686,0.015008047883173854,6.775965429238011,0.07729693782511736
7770667386377219914,14540,0.01960189203052275,8.292427282971357,0.07475978333805416
7775954774026148244,10055,0.01793009258564829,8.514120803302358,0.07080930264004401
7782823394499158595,12240,0.01603417950286922,6.898809677110132,0.07809040760121384
7790434061254683493,10889,0.011704721575142584,5.84330216373612,0.07812720668138948
7796528208314918149,10108,0.0155223089310512,7.527580467999665,0.07334698419365042
7799793827390333440,12563,0.01590653026840447,7.1715136851387555,0.07617726684512943
7800826409480582118,14488,0.02001095854521184,8.189688607144673,0.07603194083305309
7801741239371457608,13989,0.018593662556983716,6.613257406356199,0.08379918502062447
7807842829792498748,13326,0.01758924960494882,6.7014349539692555,0.08170936235122606
7813560860369983441,12487,0.013642266149523383,6.145023749445118,0.07918587786677958
7819109258186403243,13426,0.018574874216545346,7.81079404489352,0.07622548590239431
7826860994508550558,10878,0.018905228029090542,7.338948583084167,0.0797029403804552
7829041971788074077,12914,0.021170177832332555,7.706080649455331,0.08084961689350108
7829070917329769116,11357,0.01719914720706109,6.978844251425847,0.07936567245595665
7829147564681630440,10328,0.015355561478514312,6.920691318918833,0.07691593775888696
7834390689916223806,10723,0.03220509883253257,7.4505246984328375,0.09931584816436381
7853715607208669105,10607,0.014283101725438193,6.40985333052178,0.07849622919870072
7856244934906422778,11925,0.02557749297499659,8.11870845157375,0.08498216726080805
7860032252384809265,13618,0.028434274738817236,6.675183009119309,0.09844080838497772
7864804819578263980,13090,0.021394052689994017,7.273441815368233,0.08391740336768361
7865721901725457277,13023,0.019180660265851912,7.1770407073292635,0.08114375975503914
7866417933880875109,14325,0.011583142937486695,4.729499352597712,0.08495893234983395
7869504366968235945,14472,0.016901100131823766,8.09833940769448,0.07185709376558062
7872610885450883264,14318,0.02127830215099908,7.42256042515185,0.08280107969874252
7872880214527129025,13782,0.3382847057230155,25.187188278989836,0.4551114487684116
7875825144225540109,12908,0.028046129382483027,7.020621182063376,0.09567149654182876
7876061571860844366,15041,0.021102033861153075,8.842342676833853,0.073586582401038
7877483472825002999,11777,0.018873159781201475,6.984401331982981,0.08188775655993046
7886831530192892788,14335,0.11301057532205008,11.80265976362877,0.19532790082193557
7887445545238975473,14492,0.010654878816037458,5.344942183824097,0.07966342928824828
7890044566156988587,14012,0.018970757259296166,7.972601408471432,0.0758107506947978
7894011713251742730,11428,0.021886930183172858,8.711347645006008,0.0756108566163512
7895101358287339781,10481,0.02226666911044852,8.37545588104787,0.07830718091762998
7895713798669711655,12527,0.011752203764126265,5.865415677933553,0.07806041219737007
7901372000889207322,13905,0.015071582428997185,6.792502609822897,0.07728979703484794
7901736078694117376,12192,0.01443443405283636,6.396380718061406,0.07881227641089655
7905727326388742070,14530,0.030083389135973866,5.962825046001018,0.10544803559356847
7908512222485215898,13239,0.017715874407563857,6.574014937319696,0.0827055861960212
7910439080856464934,14029,0.025441238290941866,8.20224994786236,0.08424768721241521
7910515955504009116,11662,0.03203606560116155,7.581812699560687,0.09823047440551257
7916313038715598909,12040,0.016643055608200674,7.213431677060741,0.07703822623841973
7918906806593037817,11285,0.02485992247944585,7.629436334162151,0.08696868659956362
7918918731548632736,11952,0.012320943439430595,6.1276619836732955,0.07727691098949033
7920003138456751023,10314,0.05302364489805769,8.498511548486517,0.1245139274773326
7920539012258400100,10120,0.019110366540520375,8.026806842707666,0.07568248965593194
7932070691147255054,11673,0.018910220770562453,6.996760455676932,0.08186650031722968
7933823716720717502,11183,0.015108608811906976,6.791350968867271,0.07735361159852704
7935455851261946096,13036,0.011959725485843092,5.961659103716813,0.07777103155887104
7935663764128041737,11326,0.018650491691337177,7.3052193658974085,0.0795263329227589
7942184406472489124,11308,0.18660126736230975,14.075581677242917,0.29341913293214855
7942457296976356494,14741,0.014411719398955997,6.500453102842293,0.07812187811210436
7943253896826075270,13853,0.016329212322467968,7.361785892601065,0.07562412695409684
7958195462557169026,12168,0.01243735486809475,5.568569054457115,0.0809772599500592
7958520797855898523,15023,0.016433901585043036,6.941985413115821,0.07842896725372293
7958604987065932090,14483,0.01578389467891779,7.637158978897862,0.07305617089721317
7962307250227517039,13815,0.015615704849653187,6.5348481122761495,0.07974429257605821
7974941449630778934,10152,0.028504842028178656,7.361673225843458,0.09422341601231679
7974968262963026849,10487,0.017328105849537628,7.340542015276145,0.07728380745289751
7981382627235030618,12347,0.014729332695789816,6.6428883072277625,0.07770963690073253
7983928265790040350,11122,0.016586156083320557,7.969407197770821,0.0721883376075533
7985537234077150821,14583,0.01586906435164484,7.034175379367777,0.07698532752477255
7989812636441663424,11291,0.06583140987779455,8.429163523679602,0.14451503173348892
7996229330114856826,13273,0.02868792249922863,7.2208296701060535,0.0953904514138759
7999191672463321483,12283,0.015619551388862295,7.0374751922234315,0.07658339997713752
8001966020092587914,13466,0.0137712101340581,6.217555853680082,0.07892585936220435
8005957839591334619,11739,0.019008504679761312,7.972399682880074,0.07586968178320597
8015808972882944106,10258,0.013850996615301193,6.8114133232986385,0.07530617596056677
8017027779592537907,11844,0.17816155831244077,13.358852274145393,0.28504297170312276
8017743769061995514,15052,0.019632905133883785,7.480683375847925,0.07992149479879866
8025264227835337445,10198,0.045559301720840134,8.510144052909487,0.11303866657846534
8028018910308228895,11131,0.02941180212342504,10.153902005926696,0.07801656967813697
8028950904527213681,11419,0.014210558738873148,6.410371548428966,0.07838215297326308
8035160765789706242,11977,0.017488908019991315,7.54372302653344,0.07624930842861698
8040549646353233999,12759,0.04152518527484049,7.181735128870626,0.11524600424292131
8043536607501254383,10418,0.015691253493742802,6.529070349436861,0.07989609742951707
8044663332536488611,11976,0.0192786722342012,8.095270893385504,0.07550822764677355
8044931005187058044,11390,0.015655464053622753,7.583438446743274,0.07319845251976549
8045648552439868171,10137,0.06826315106407843,9.703301388869505,0.1402019569169068
8046166187997801766,12623,0.015001142911011237,7.3073273561941665,0.0739385800426135
8047594475973028122,10991,0.05413873095147391,9.242569318601708,0.12152936314970567
8051702511333228886,10479,0.017443614043498167,7.307417503731268,0.07766894787953475
8052809490596913645,12248,0.013228964906172442,5.900554010882695,0.08009481509909988
8063500696639991787,13638,0.014705238603515441,6.628130481248294,0.07776581326661741
8068724893774388463,13383,0.015469477704567691,6.672386713136921,0.0786543741996316
8079244713037685856,13861,0.016387164337392165,7.263452340647033,0.07633219407188753
8084796132701574091,10160,0.017214683738800484,7.72846590107691,0.07466646385454873
8084890864574208341,14718,0.01804635241314188,8.078523112290862,0.07373134654141705
8085014163102441814,13564,0.02603448144657218,6.433428546372268,0.09629822186451158
8088629248845506149,12944,0.023731855494657797,6.500977240827527,0.09235531704421547
8105261334521937634,14461,0.017810066168475122,7.990276981316154,0.07392640223014979
8105523783665121683,13045,0.12512655644934517,10.525575922192564,0.22188154662064985
8108937062550130933,11964,0.015867709393505538,6.0415983454042275,0.0832369229763862
8111428919397166208,12189,0.015503440583379526,6.970253774228275,0.07682956186072182
8112761957947260308,11144,0.021499125563426383,6.569079713630651,0.08851569110202955
8114619684829284508,14744,0.015824470126316232,6.576824570066348,0.07979871689943423
8132013368310270543,10501,0.017355582487251546,7.113525973640155,0.0787560780844465
8138398394571690455,13175,0.1199676544758058,11.218201031950022,0.20963735653902313
8139975509737958749,13537,0.014490560279488977,6.533098153217153,0.07803663157556676
8141710062796986636,14150,0.014244690470916867,6.98276859976288,0.0748279407285713
8142787912148375561,11783,0.015328872087789491,6.9261503079827955,0.07684077505104106
8145796615021345977,11458,0.02341312232765309,8.371128926057283,0.0800856786002985
8149805570472901298,14858,0.016881290769801546,7.461754273664752,0.0758375965089331
8151991706499290753,10856,0.018622592794578667,7.2853777094638,0.07960872768812711
8152222102072290794,13825,0.01463469082018259,6.261110651208868,0.07997043364131151
8156221337678435936,14135,0.029774433991606522,7.78685806772363,0.09348390087742783
8158775145935391375,13054,0.19620709210356635,14.569241971465479,0.3049819970688293
8161849076883336007,10064,0.03572815875363515,7.295617766366522,0.10567339115829534
8164454929337351489,13320,0.18676175154251612,16.070280628034983,0.2810968092713694
8180488230334381690,11388,0.03351107965023222,7.117054404048219,0.10341177383597033
8180959507555696597,12690,0.011898571189329613,5.304295231987434,0.081819293926127
8185014856060459213,10478,0.015014589346283854,6.754932023507244,0.0774394496391465
8197787472320624097,10168,0.012814421518872953,6.351481820452284,0.0766205492060316
8201481081066831811,14528,0.012212832357328503,5.45779682319779,0.08133220922435293
8214700552461562651,10195,0.015301691794212098,7.4346646145575335,0.07359539611081829
8218891836916960181,14134,0.2783765514474223,19.80932143203863,0.397483133439376
8220464295977586311,13566,0.025842449027830124,7.2223878453908945,0.0910341022669159
8231100819430163202,13072,0.01549881433570804,6.988529064870354,0.07670735290578175
8234487510784575026,13897,0.01643397445836941,6.385641621787177,0.08193428539901847
8236522272584560831,11195,0.022599358649904568,7.408946357539513,0.08490480109726409
8237249960816714657,13285,0.28657557339482786,19.72585082490122,0.4105332457124819
8237741905125252575,14264,0.017357499203367745,7.79168967991629,0.07448628086430184
8242233908709589315,14111,0.01853510852412114,8.018598853463299,0.07485548252051427
8242556489106439448,11167,0.01641058465319499,6.590493324983218,0.0806079024377049
8242877983062634629,12134,0.016516716183719284,7.43986034355871,0.07541864094267249
8243511546585935106,12149,0.014567170526094781,6.568558152346647,0.07793024229359245
8243582844250188987,12469,0.03872434727824409,8.17752938254603,0.10469371901873915
8248411449687635831,12950,0.020459272720095827,6.465761208373774,0.08757824117852059
8254816807664640818,12116,0.015590339715378494,6.921194010205137,0.0772714002208764
8257605764400312856,14022,0.03835458410672811,8.295005534907105,0.10338874587970438
8261216827102856691,14372,0.015386172651095764,6.950803189716487,0.07677297926437555
8261347820093902691,13942,0.017077177429781768,6.50393457557345,0.08217149720156292
8266148579097770026,13395,0.01898095250912979,7.550158917787946,0.07848789483893982
8273762298126646245,14386,0.0547671772165268,8.050005636035179,0.13000299823506822
8281112076343609652,12979,0.015429790404534564,6.633190564821,0.07884070356485592
8283061917598082146,12553,0.019924195774860848,7.476878218361799,0.08039042268586567
8286933853013002150,11337,0.021270874517113236,7.723594875918244,0.0808930863887181
8287105053907913230,14498,0.017544416698525227,7.865223103802957,0.0743085096011861
8288945813659220185,10407,0.035109383187099955,8.943678910414823,0.09434469703063045
8292374915193863156,13136,0.02984174443474951,7.369371795317697,0.09621706358769426
8304927412328937895,10074,0.3808977497115217,29.521401325911473,0.4928965210582987
8305119414107127937,10568,0.017543890527864234,7.860942594022962,0.07433467492776615
8306193956122764447,10912,0.018778701196581777,7.616122099458376,0.07776335428320565
8306617460423355483,10906,0.058542361512136924,8.198099193609924,0.13483663321366016
8317311647481068328,14259,0.015441271222913168,6.96081592829166,0.07679405912290455
8317950253648090979,14838,0.01703049109239031,7.6606488766779375,0.0748123815998875
8333453515922812634,11538,0.1679421173610746,14.918811454772296,0.25960410135965273
8334886513260432829,10271,0.016965024874049613,7.615723312888471,0.07499543082079353
8337820844190523141,14920,0.018719461026046963,7.3073211869745185,0.07961844292521604
8347156333738340737,13400,0.018901061470700756,8.438568768894056,0.07276849245870019
8347611411860204140,11127,0.018155859756749812,6.67822765006919,0.08272108960925788
8348754273683432343,10036,0.013877407823819852,6.822963526300448,0.0752737484616895
8357853000613511387,13025,0.03452278899747877,7.830580224947767,0.10046166350447808
8359216973383648716,14237,0.012668355058986246,5.693443011155737,0.08054335851682237
8360848778232893079,11490,0.013940699664353769,6.2880398686629615,0.07874067904317629
8362075760480116882,13627,0.02005066561149601,7.373464837852483,0.08123515761165165
8365612040496716124,12468,0.014435923801954223,7.065386407367695,0.07459952646108112
8369733178718400314,14240,0.014051443468210925,6.33150200442204,0.07863601269811235
8373024544640931245,12640,0.015913987199257316,7.691421194711577,0.07291301501930159
8374415899343078929,13012,0.014682405702449459,6.622185332661851,0.07776839244943519
8379564894361913212,12079,0.04035631351902706,8.819845466950264,0.10313971880087716
8382820216111262599,11659,0.013660706039054563,6.100157084170305,0.07949672468201258
8383859419506411720,10934,0.026015842859995024,6.282751211879552,0.09721908342025498
8384133313695410115,12319,0.016301982797365472,6.609154143544288,0.0803244391452773
8386613200459395834,10148,0.6220594106978682,59.12331003084172,0.6747721510430459
8387680318356581229,14342,0.012994306648904115,5.83465003095505,0.08015159235169787
8387922682256867123,12737,0.020013731957181174,6.312225424411661,0.08786500844144281
8389824971006141336,13658,0.019029756691118546,8.343271723964673,0.07356549028471368
8397030280114792450,14446,0.016015434088143106,7.217242302974808,0.07605551005959386
8403783937988942179,12920,0.012097230968075169,6.025075575229667,0.07758152339036939
8409238584145269694,11755,0.016855739420617813,7.572655712205978,0.0750998390907943
8411163953601788507,14359,0.016067223457636552,6.591161330149839,0.08007920089312416
8412900341837574137,12796,0.017772167067641363,7.968892836066526,0.07400323978099395
8414437061267332470,14238,0.057758708975488834,8.709012308856071,0.13042061044932207
8414894378964581973,11571,0.01784234353602172,6.923965391033074,0.08069393153941538
8414995713269395691,10342,0.013442696605835537,6.061299216452955,0.0794085312099841
8418429633975455768,12803,0.014867606446703856,6.721269468858943,0.07742701825315046
8420710703213133151,14298,0.015583943830487581,7.553456594304146,0.0732781022433749
8422355578177620192,13394,0.02195693748693702,9.652440393523538,0.06978850263686044
8425798286615006736,13758,0.02759804932869827,7.52194159126932,0.09182850734908542
8432363431114985561,11188,0.013298482474217933,5.979146846300148,0.07970583602425571
8432804866677172827,12812,0.018929420329664874,7.356847619857219,0.07962712304179674
8437401224759940793,14682,0.015159678671294002,6.306790724582183,0.08048456148206422
8437685684065541409,10606,0.015160250719745092,7.374848815469622,0.07375620676797422
8438092443125091326,11100,0.014453645312116703,6.355589182463942,0.07909862643088926
8440366113374690152,12689,0.022205567012045787,7.802051679933986,0.08182654073226388
8446672651257179628,11505,0.016027820920987985,7.181307566614011,0.07630083565875023
8447110839802094643,14474,0.011066901826929373,5.54275904552582,0.0790464728527234
8447729432922657486,12138,0.021429730528032116,9.353130365373152,0.07086896361179364
8449874639384568685,14016,0.014589265038715006,7.1313513618029365,0.07441815125797112
8451695145908254004,11560,0.013667437317774495,6.159935930992384,0.07913037425448903
8456401398989198921,13252,0.014615038889823052,7.142414549980043,0.07438781858400642
8458437600941689589,11072,0.036385202200060515,8.187845425203859,0.1010556208116821
8463547301969056111,10323,0.016540462287376892,6.941735575120685,0.07859331548199983
8468345037233692885,12410,0.01629967086423369,7.330342959668449,0.07577710573196848
8470007927673057063,10492,0.17231070012010916,14.432501134802926,0.2693411865269267
8470951370426300970,13283,0.01795170131176826,6.974911824837984,0.08053999368268619
8471613187109559562,10569,0.017774231165145093,6.699182095856658,0.08200612029747795
8472244008819520120,14654,0.015628751568597034,6.470579504316829,0.08016914182979451
8478499923859304579,13510,0.017319623336302978,6.364715234826705,0.08341898153423428
8485184211428487526,13212,0.09644702557875427,10.786938367198733,0.17642614858925806
8489326197506197335,12661,0.018511101795122477,6.377928478972319,0.08515574554978408
8489525323135204125,13173,0.023664767783971943,8.149413231729273,0.08186697823109586
8501636162687739999,11008,0.017086268393547818,7.184366106535341,0.07789837054663952
8506586633830684096,10234,0.07190646332307332,9.04151129889562,0.14993677178590778
8508002212291877462,12929,0.015029106280587255,6.789085255042484,0.07724644446982522
8512966253282641106,14023,0.019823454587224572,7.361350688860187,0.08096441146864776
8518092727839558010,14299,0.01752975110746563,6.471984658726568,0.08306411313818184
8519312157835623944,13431,0.01745085814666035,8.321489983467496,0.07129091762666545
8519607704951784201,10227,0.015582483013996996,6.879599753684196,0.07752146074273931
8522580413823108011,14647,0.017374508459194568,7.051779656415442,0.07917401652034005
8524132942509600931,13875,0.012049179050288938,6.0029461016996795,0.0776475481500858
8524979888233820877,11040,0.01336613127467855,6.597919111377277,0.07591063800972894
8525924720470693418,14015,0.02760833673312654,6.826946371758968,0.09622299249175821
8526297269693353162,11073,0.025745374054699132,7.698625322114998,0.08788531546043363
8537181147086792062,14489,0.01625891057559161,7.153980880716219,0.07682600084773084
8543396480154836242,11975,0.01672826505400727,6.927571854851192,0.07896942648171551
8546654691308785594,12480,0.0215420361140353,7.492886167275817,0.0827608572978194
8547710764818174678,12657,0.01599278676501953,7.2141476943885126,0.0760404130808381
8555567805105336129,10819,0.035632771847410996,7.419904753100303,0.10474462342765768
8559512985190627969,11029,0.018617220262398572,7.305713286489857,0.07947239806841792
8564897279845994475,11230,0.013112418377904854,5.906583515317912,0.07987879887004178
8565845571819706887,11486,0.01878399289507513,7.89873494447272,0.07599085416619333
8566063934259101040,10056,0.033228538332308946,7.971481853347051,0.09759692192882995
8567720440061687233,14747,0.03763482270801573,8.406220603345943,0.10158858922623847
8573753748796353901,14280,0.012686682414689537,5.6955526062811845,0.08055806264858521
8578658943278203559,11967,0.01615286686438971,7.269720113964754,0.07593480912954212
8582263333310438157,14349,0.016054823570472616,6.71130244301069,0.07930331871270821
8583079413033821592,13855,0.015151106371606547,6.794699558904208,0.07739743011749561
8587894931087717845,14395,0.05655764423462884,9.674168228666467,0.12250505369811665
8588381486104280165,11526,0.01677132602893163,6.4611838149395915,0.08197364983606244
8595432639179726813,10844,0.020341355364284865,8.59050529179936,0.07401131154514114
8598742208954761204,14416,0.013812625481717133,6.214596247554134,0.07900776914299704
8601994376623869957,13597,0.021494345037352577,7.191329447246,0.08458794592002526
8618714642526902426,14378,0.019544232082061876,6.526847822829071,0.08579562156788346
8622183127362183328,14390,0.028826424013664892,7.637636286393857,0.0929759537494859
8626325824151542730,12118,0.018943317852139242,7.671233848740767,0.07766758245742517
8627454428844772941,13979,0.046384294663389336,8.021631171700037,0.11737670667219614
8634330887387059298,12266,0.01599709748568155,6.658540121701946,0.07954756614774881
8637649319731015781,11996,0.013850595424361288,5.901472326600585,0.08103858549226389
8638051354916946711,10752,0.01365606492566429,6.164423570553616,0.07908472856805276
8638775016026226119,10541,0.016696746583841127,8.014774058687125,0.07207143649440635
8640537315515336751,12701,0.01261285522967886,5.659565200982122,0.08067202601410371
8641907938829428555,11050,0.01595548217712901,7.200250548135446,0.07607098742890295
8645086652570777316,12279,0.019126145571950973,7.698573262655566,0.07777460622882662
8649730811948687069,12610,0.012666151466920555,6.284580852112452,0.0768155680638728
8660934645488757758,14071,0.015835738719327367,7.140142845209497,0.07626678085934321
8661248130922774915,11069,0.03293802567351255,7.296349392080944,0.1014067834647907
8665778782425345636,10672,0.016333847841164772,7.240396422511431,0.07639601405847377
8665822201199581840,14574,0.017235209752369085,7.550810242933789,0.0758171254404557
8679540980941273419,14063,0.41590989017030655,31.938698287317173,0.5311484244337816
8680827383687804732,12426,0.01650187132594566,7.129362300878574,0.0773522371916604
8684530431654800421,10483,0.01676295160873348,7.095240396593855,0.07796602663479246
8689847652452702761,10477,0.01992639366201534,7.903396692805051,0.07770652890581842
8695980204563785093,11763,0.020794622271092866,8.836163497628942,0.07315593500585568
8697685721705456166,12038,0.014456985743746114,7.074461684856593,0.07457452092593678
8700209699167926115,10708,0.01862626279249578,8.321750887720667,0.0730847338412376
8704953364519221594,14504,0.016226284325190424,6.981222444906995,0.07786461639806845
8705365128269248845,10547,0.018522566104356913,8.278802208088479,0.07319692983602581
8705692007876934614,14156,0.011944814651586479,4.740389643975802,0.08544278139595986
8708854454337809805,10193,0.1839051867821468,14.151790431988637,0.288820654186162
8712086594472747371,15032,0.02188922628027709,7.561073637897537,0.08286158837324911
8716131489186673884,10086,0.023307909174903316,5.8999680569092705,0.09549434657340682
8722039520079962714,11369,0.018903933982552284,7.99956861569397,0.07553877138196809
8725058409004233693,11654,0.1027377567159209,11.22074028538255,0.18330225794063607
8729943119610158874,11680,0.016827263305443815,7.082552542192383,0.07814420333929534
8736914394507259819,11071,0.013493696061698262,6.082892346947844,0.07935038808187833
8739430086561421388,15062,0.011866071162895104,5.9183053146463,0.07790111988282075
8740003308768691736,12775,0.02543684952474177,7.60189064291004,0.08802350688991428
8745913646583235156,13970,0.014917475131781162,6.712707310936533,0.07755713922118859
8746463622025449668,11779,0.01483936869368968,6.704063098689196,0.07749229196233941
8747040266520129353,11193,0.016449265312979005,7.058794908631347,0.07771648532262052
8760741516809953746,14471,0.020812600504583646,7.097667468632395,0.08413667510667727
8765565296463137693,12658,0.013986073475353387,6.310717479977244,0.07866710990286203
8772224540073091507,13984,0.017664418763943833,6.383342323831557,0.08382830645453467
8772594940278125196,11226,0.01734910965588517,7.17306196666581,0.07837108813227713
8772840802820331640,10428,0.015495289203865167,6.438327247798054,0.08016847791028905
8776145480943905254,14418,0.013180250716344283,5.938582752949207,0.07978080540981872
8781729674150330406,11117,0.024418724804327593,7.236348980513882,0.08877136667302002
8784130105863549566,13014,0.015274816779762529,7.423314031562525,0.07362585744202883
8784709485019802479,12460,0.01475415695414468,6.658332924904063,0.07765024879668714
8787145409427503052,11663,0.02201716754433767,7.168155749849106,0.08553257471879336
8788013883763805975,11450,0.016021811649749196,7.088913131383731,0.07687378130306813
8793932187178463723,12531,0.020009433343494042,8.401766236546457,0.07469343013639376
8794020688156887840,11284,0.01892001650240424,8.425717765929233,0.07287841362844585
8796623840336778199,11190,0.020343981361440625,6.327393981152239,0.08827390419795172
8805911671551013987,10634,0.020299033433210906,8.510478565236472,0.07445086677155177
8813794805644037238,10461,0.04940457977203088,7.707557190584554,0.12396906989430016
8815343241865149625,10696,0.02209572142960467,6.526299132166436,0.08969654241505073
8815697058779818495,12570,0.019669837372650545,7.416387282321547,0.08038300295304684
8823958083644163415,12087,0.015296232884714576,7.432359624219017,0.0736015799272788
8833416507601623903,14375,0.019377710742987223,8.627219219890277,0.07230800661274019
8837507734756384465,13302,0.015560711449937401,7.014468776916037,0.07663847087745981
8838773094838190088,12825,0.016266160453821874,7.328769071744973,0.07573583391663091
8839066124047307084,11930,0.01563648899919901,6.483370444939522,0.08010037248326989
8842835730564947163,13817,0.01872173304610813,7.871448010697603,0.07606767018847879
8845846153872107991,10831,0.015568401347483288,6.108903621620943,0.08235567005344087
8846046892644923066,12864,0.01379576778444615,6.065101553543538,0.0799238999045215
8846896516339826608,10523,0.01976739199711141,8.368070977835142,0.07453600064275037
8857150951394769316,14651,0.013022079618385578,5.851085326112368,0.08009046678054547
8857807805709881278,10462,0.017744567562439147,7.458346135925579,0.07717774616676049
8862377881786730726,14370,0.018292364647309416,7.141785367923372,0.08000898986484382
8866157052421346413,10589,0.016571896121133637,5.7235013856997785,0.08631673444223419
8867550101705139860,11472,0.014405846490430774,7.0524183282333714,0.0746352871295283
8867802635933956486,10048,0.015407488838460687,6.94174973260498,0.07686258097497314
8870021620756029776,14804,0.02304475238889367,7.00125174825014,0.08815380378950706
8871076177278929481,10194,0.049620365591550336,8.032941042563928,0.1222486289498037
8872236509602598386,10825,0.016758222700813074,7.543938901641014,0.07513180820320568
8876237705932338638,12897,0.01359886087560808,6.117362399370561,0.07929385370934684
8877437019898620174,11677,0.01457614582084122,6.223500393046773,0.08011796560392026
8884644858727747385,13580,0.01528543318838476,6.302289303285281,0.08070501555902307
8885512645873843787,13792,0.03182634048641782,6.572600849497269,0.1042685857718007
8886380507060720526,13179,0.012271966672294434,5.140425346257591,0.08342211612448827
8897393032661304718,15007,0.012784697901347205,5.733127443075734,0.0804710460135052
8908776284776551801,13032,0.03360228948877443,7.907753246124932,0.09856935400309412
8911097700091696815,11028,0.01712742742440453,7.688799589274128,0.07478309259296706
8913174095117396542,13960,0.01741100288967792,7.812748701579155,0.07443532812785757
8924599270217440304,10829,0.039034418353154625,7.796145943956388,0.10757024118323695
8931236961143426109,14938,0.015021372462453254,6.77440006008955,0.07732715395713857
8936270287844508343,11375,0.014717901189672056,6.648851604456995,0.07765460363377627
8942094304512186749,13886,0.01590995975261237,7.171351290160002,0.07618352862681574
8943583400646386112,14776,0.019413237625494004,6.358704807871038,0.08665489807028863
8944136240875271141,13852,0.015501416307526437,7.0028555238175025,0.07662106458693818
8944412342671079695,14227,0.02051102238859531,7.402995768253896,0.08175230646339732
8954685658151173784,12593,0.01461717139075167,6.608288269993989,0.07775630291850298
8960130539249270950,12703,0.02007064428065291,8.132526205999184,0.07648326017164184
8961235746888630656,14830,0.010353403053275813,5.198233994080073,0.0801272426452647
8971357333311011834,12635,0.015808773750058347,7.135456431192898,0.07625511763159998
8972070215811102379,11572,0.014854534904666724,7.244887007128529,0.07410803388347803
8977986172067354950,11994,0.01392785429521148,6.052235817049585,0.08020672506854833
8992356508292968720,11601,0.016508884676601058,6.4440138364151265,0.08168094240056534
8993812282929434559,12636,0.021237302943342244,7.896772826616965,0.07975070887911591
8996501063609096754,12560,0.016959747062010228,7.174453557156443,0.07776755939914547
8997217360323192007,13671,0.01597285428733523,6.626593875348683,0.07971180924277593
9007858175232384144,10217,0.01789163815901128,7.564040710112351,0.07673647859303537
9011653767275910450,10448,0.014121741459644652,6.208755045326549,0.07951675364218874
9015276388754940585,10952,0.018065028962687434,7.982536030609579,0.07436463562358823
9018324661830422708,13190,0.018997569030289645,8.057148846765296,0.07531902086878924
9022084311902769956,11462,0.020858578906668493,7.083954366154793,0.08429330675153993
9028689130829120794,13767,0.014985434098343294,7.300647296726076,0.07395667170565366
9033171847135564382,11632,0.022227830160663882,6.599220723846481,0.08943890420044025
9034186928821037419,10730,0.058057300064735556,10.817521343437091,0.1175921957324965
9036269920467047001,14958,0.013509764091395149,5.7562100008800305,0.08143317266094321
9037928506503093061,12023,0.014118520866168768,6.9280417637668075,0.07498001626663313
9047783493523535494,14331,0.016566855294718887,7.449764779272336,0.07543282745556755
9049952697394724717,10129,0.014085373186928221,6.913634553400295,0.07502015402155042
9054560945498065099,10997,0.016113387619575648,6.053301930648876,0.0835384649619081
9060630032825489603,14535,0.025958050968957758,7.198645916864221,0.09136027155822828
9064156628929924785,11471,0.026749662826916473,7.052697715147122,0.09348901536911508
9069180576174732116,14794,0.01984292099773254,6.694217647576749,0.08519737398339795
9074277032069741946,11347,0.019664787052737945,8.610264857668861,0.07285334268790179
9079342434632109660,12856,0.019254226366181675,8.134423570284255,0.07522420715044306
9082233725382704712,12128,0.02231414890910733,6.746009773197981,0.08864592366675936
9085578608518353223,10039,0.021708020815523952,6.37104141636491,0.09008251086975423
9085787406990517956,12154,0.016521013306596888,7.427328050858961,0.07550416377700746
9092055654195984275,10303,0.015685846012937738,7.0756947269234125,0.07644386705427526
9093909340080822275,14734,0.016599507309591175,7.024454249197241,0.07816234476081335
9095324292343161716,12083,0.014415884869567928,6.514598089138936,0.07803912143310347
9104431955930026591,14532,0.015282857119900753,7.426710576386723,0.07361673955950605
9110223823727978382,12422,0.016508351725572596,6.1432912607385255,0.08357481076969504
9113288366357302207,11240,0.01615771335027879,7.281209025513119,0.07586982713964723
9115123910402962210,12778,0.015140939437370066,7.366666892425481,0.07377825795930766
9118545328057922899,13796,0.018334097102431068,7.241064566749026,0.07944723528594728
9118615302969565273,14839,0.015865719489612677,7.046951909365878,0.07689972049196503
9120343371775640138,12571,0.017795999145567662,7.70490462933674,0.07570288390839816
9124164440478389640,13363,0.013851632126396975,6.222289932044457,0.07901887922502207
9126759988144223252,12151,0.09403426808546524,9.227645548174127,0.18256482117763523
9127685438489290862,12776,0.01781121671337675,7.47893275608818,0.07714984979069074
9128195121169023798,12126,0.015486959169943647,6.667200027629115,0.07871375594063988
9141505701479574708,12006,0.013822882945968624,6.2430108261705115,0.07884441352524262
9141574125116149095,14373,0.01533296371925515,6.913316338777134,0.07692788468473831
9159145308242728969,11492,0.025710133821026188,7.223545558960606,0.09082469337895503
9159327288519505027,11855,0.013654127771090416,6.152848493145628,0.07915469751660344
9161215140039989298,12274,0.014337289790394796,6.4720986569808545,0.07818683031039045
9168169260135509816,12005,0.01809723599049569,6.759110827492213,0.08212194129153157
9168315640998484328,11280,0.019672597139261675,7.059470999923333,0.08263594571980062
9174034637306960827,13957,0.015770509081181158,7.102224668009531,0.07640604189211227
9181108812116632899,13730,0.014522084503099764,6.545405030847945,0.07800724695738702
9183628624907979839,13254,0.01222137485479272,5.477549999927808,0.08122080453490085
9188347390309155700,13403,0.013641206459198554,6.156645378110885,0.07911103786953141
9195279024144350253,14782,0.015764760119350324,7.110238174359191,0.07634677164845118
9196390475703711197,13322,0.012582378148380327,5.500386008381447,0.08162836936087396
9202601813766668491,14493,0.08670998606169555,10.842876391289558,0.16120014316929357
9207938845352565300,13551,0.025926102852581,7.526382318680087,0.08924658874147205
9210032580251336526,10468,0.016273709090325286,6.870134819341208,0.0786369590655927
9211564758100154629,11923,0.04636016492794369,8.62359495549314,0.11354721535786139
9216495221463328832,14645,0.01778877509195532,7.847376572276206,0.07479421404267572
9217210501358403468,14018,0.021061143051279548,7.1857531730750805,0.08396135198277721
9218638200596366377,13152,0.012962328064833242,6.4179299632921945,0.07642782808044798
9219785790905313612,11717,0.019312871360898983,7.60759915120547,0.07863301084802718
9220476964304982643,14681,0.015415299731155272,6.963780778935377,0.07673570717592543
9222463958113138087,13223,0.016456726694875197,6.374168186465919,0.08204132762140962
9226476053661825271,10968,0.01590242931707755,6.877212555727548,0.07802522711197014
9236690277247653297,15008,0.019113502335495202,8.016538137116278,0.07575197695371193
9252382178084828107,11665,0.01380175414392296,6.221164756996948,0.0789497784481258
9255479658557550425,13388,0.01721860876548431,7.202379721647374,0.07798703020146247
9258393696723492324,12415,0.014734539990139385,6.525420911546886,0.07845768663936785
9263631326931957078,15072,0.014009827720401049,5.732575001839,0.0823459431039396
9264519085422410611,10378,0.01413854337541328,6.936738375730113,0.07495580872905462
9267207790746191417,11146,0.013579310576675597,5.512827903147518,0.08307281927922554
9267380535049115674,10402,0.029454758633204486,7.570177844291301,0.09436076801251948
9277636541193857571,11563,0.01631086732400722,6.887175905265962,0.07858635297628565
9282630760158278083,12727,0.05280839271944402,8.045794739397856,0.1270374363474424
9287198924058141341,10416,0.015197532881624898,6.853239621707093,0.07709952002542385
9288129286093134222,13405,0.014134648169256386,6.02955750464996,0.0806654910782689
9288391875101413090,14324,0.015651621757019746,7.0624797939987385,0.07647484844712327
9290629042650541738,10993,0.012945870267689546,6.410550251487907,0.0764491837636765
9292659269750514657,10985,0.012647341986538583,6.276072797011665,0.07684044054351366
9293309162727888962,10690,0.016126641580377132,7.125061163377452,0.07680616338993437
9295568337912058301,13049,0.014730625331317014,7.191943932761595,0.07425232320530005
9295578717241006995,10848,0.01646403604293685,7.288667141380476,0.07629075336192419
9305117261788653941,10136,0.019190455576956523,7.22139234366956,0.08087928782102251
9308596886511631572,13831,0.01875884579619804,7.879275289811883,0.07607504559511274
9319088735599235942,13073,0.01762571496292687,7.270013203719358,0.07818277488241776
9319563267692451034,10614,0.025431752362383146,7.7074345331115595,0.08735074862906254
9320504852661516516,10326,0.014228287437182331,6.975663581050876,0.07484764937883157
9322213752059586745,12883,0.016837860319668198,7.266361527521692,0.07700231433136323
9331546595924919383,11962,0.014460174690649735,5.917085503956471,0.08187136330398859
9335505223735426500,13985,0.015444561220192658,6.976634482737288,0.07669942093233399
9338446917106348555,11155,0.05428221661601357,9.283979694110318,0.12148763779473541
9339218866570105242,11678,0.2577806817017245,19.322189502157116,0.3690915688850658
9345684816891639586,10409,0.014433901514453803,6.5184065657500305,0.07804264725719415
9347462731746982500,10244,0.01522517893781307,6.102857770050882,0.08186948071289014
9347753487871013051,11835,0.014052890990139278,6.33623379414152,0.07860841149959918
9349155929493584229,10430,0.26625615816198595,19.800805449221777,0.37902258362530067
9351359262683135893,12892,0.01689503142002702,6.561731566430312,0.08152911853798833
9352985078618301136,11863,0.014628523920121272,6.437567021982614,0.07884926199060707
9354572566254172952,13757,0.01874882638957924,7.647338688196312,0.07752104173907085
9360520104000202040,14423,0.017622276648373843,6.511326358004117,0.08295757847467695
9361901063704629511,13356,0.015381263580728485,6.940525692932609,0.0768302332172514
9362400189933669196,12539,0.015199782681693481,6.725961349569002,0.07790486488812298
9363696971016747686,14686,0.03688554117358112,7.608850260468527,0.10546782141229356
9369147774426777757,11322,0.01601534738148747,7.081203991550793,0.07691247789111619
9373757245452623507,12445,0.021208971516995294,8.087829105176795,0.07850369461753932
9376823528619010864,12471,0.015058916588867852,6.801050733900399,0.0772165927631922
9377164306216040941,12757,0.055600132505842906,9.649760764458236,0.12119620815480923
9380996097750966808,12172,0.014320776202453733,6.460235389694029,0.07823634911307935
9384711249286940534,13860,0.04942478109689185,7.349311134197642,0.12625703322998744
9384791332652716623,11760,0.02251087373534218,8.884541393957052,0.07547275038757288
9386369672854674913,13849,0.01538210789979938,6.622473473120363,0.07883538966420144
9389010146176956623,10657,0.02065018208023681,7.955394742450568,0.0784845236033382
9390852200130208300,14803,0.014632123854262932,6.6011598673035765,0.07782405520502476
9392102102523468258,10072,0.03170805445406095,8.76072066380235,0.09030179842415426
9395550987647073234,10627,0.018027794522541205,8.052892450074788,0.07386448317111662
9396289877990906635,14429,0.017467265145458533,6.7362347118044035,0.08130377448969746
9398281143964349052,10564,0.015607734080277862,7.011838888098655,0.07672686856109474
9399996928875536267,13489,0.01656275203313428,7.340072391003038,0.0761176691729798
9402227763650015443,11754,0.019381850672904273,7.096801604834175,0.08195662423494858
9408704602088959939,13318,0.015576523570514951,7.024700345860639,0.07659816097203088
9411172016005763974,10272,0.015214309266030686,6.699202537887754,0.07809564671181989
9414952116614544711,11708,0.017499881660013775,6.417884883469717,0.08335933882329091
9424604164524897664,13553,0.014985356727174427,6.637188960627978,0.07813662837046048
9427525690740762966,13842,0.015404579708832071,6.376176486955731,0.08042149359545354
9428324224421196004,11048,0.05782634817809848,8.165814364609568,0.13394631332432702
9428854356198444989,13605,0.016999522785620606,6.47904456276711,0.08220969564858617
9434369744364509456,12262,0.018159955078498737,6.67538963325968,0.08274522605076343
9438645621686713713,14084,0.017356193529103527,7.5264823338399065,0.07615520755175177
9449249217881407267,12414,0.015039750233826586,7.323734390050065,0.0738941822758698
9462702708395721182,14157,0.013204477966210694,5.7939020207791305,0.0807293644122634
9468807061772293180,12526,0.016435655976970054,7.116591668222343,0.07733155210481163
9469221342341205717,14345,0.02454636611792613,7.660825425602045,0.08629195653682126
9469489398225656375,11747,0.017237997291493418,7.241866665064794,0.07776786181563075
9471726604542122517,10080,0.013994286320282866,6.3226412039853725,0.0786045306038755
9476386197222580978,10791,0.01781451659036689,7.983586212050637,0.07397535510505569
9492369596345211263,13097,0.019542119479157797,8.045778430446287,0.0762224738601587
9497587782376001274,13882,0.018979025167782482,8.21167973172225,0.07431708315431736
9503157647630463551,14228,0.017198497827830964,7.571206415877432,0.07563254233377152
9503217564488992777,11770,0.016685279736439358,7.48774402404511,0.075374438064906
9505790252562004190,13834,0.01797133225842515,7.00419787554455,0.08038546564239425
9510692856890995093,11818,0.016457697632625126,7.117121521519123,0.07736188298042627
9510732221608328594,13339,0.016190910271004867,7.289481528505136,0.07586841591564035
9511659858908673054,13419,0.017053836400660605,6.73886198984055,0.0806556987418079
9517857909189707174,10732,0.014093958729996046,6.36589790832959,0.07848424673395216
9522697579367367377,11065,0.015333489730741327,7.448085391896241,0.07355941154540124
9529601194004925354,13798,0.013441269168841906,6.057315634106006,0.07943144905825365
9531048252932805676,13497,0.09679901496249656,10.401190825508898,0.17939419775953636
9532976079969945971,14059,0.01824209133638018,7.901821252778895,0.07514364088908493
9540791438702100424,10797,0.012631942012125549,6.269103402308199,0.07686082690200997
9543016227774397746,11423,0.01549878755005621,7.517696109155829,0.07337333043677366
9545145571779464379,10357,0.016228474420234597,7.316247779972853,0.07575715711775219
9546429069463142099,12160,0.015268931541208317,6.735328906465155,0.07795147183687405
9547608574326184267,12738,0.01722412664053096,7.459952974592415,0.07637263584910377
9548760204967054931,12441,0.01615846708239311,6.803373826816927,0.07888154717931722
9550663092211317888,11816,0.015317066150025628,6.914490074989442,0.07689620570325807
9551762535255604061,11250,0.016510168761073363,6.891836116318307,0.07886142956328877
9553944363767697132,13515,0.023235078597195064,8.544856362342843,0.07871915425712975
9556131214675429602,14780,0.17039560471295567,15.044944235326431,0.2625571735723362
9556828905036280401,14719,0.02052223564907203,6.2446699348225385,0.08906738940355854
9560001288039074284,13121,0.03926035243029782,8.6195396635081,0.10272762411007731
9562175431901057709,10220,0.01830709730635155,8.66447621823197,0.0704378825590258
9563729733858139737,12821,0.09984797489828026,11.084031945877188,0.17974936560978957
9565619939990988909,14810,0.01918956202115034,6.988880715392857,0.08234284684757541
9567479150547211334,11314,0.015348752999174951,6.922209227610636,0.0768959741540949
9570468865082223851,11215,0.02738097894052454,6.7740376571287895,0.09620904558748385
9572275024162817073,11380,0.08019860338683124,9.716745271992028,0.15834895687411066
9572873573786303865,14043,0.018157526509392827,8.129518261803394,0.07357987622967632
9581836128278251159,10824,0.017533472137482287,7.868780297498354,0.07426937964933322
9582820609269793399,15060,0.015070489500237875,6.268891788796397,0.08058710249921151
9585389239164966035,12937,0.016433585143861017,7.205142465348527,0.07677048048348349
9587549922101130261,12158,0.013938356265622011,6.226717641598149,0.07912345603118219
9587655415490083648,11866,0.01969828062719854,7.231477349060259,0.08159146339773016
9593339908288989463,11099,0.015200589866676474,6.865980491104525,0.07702391665154394
9594061523710337645,12766,0.020360229782121153,7.374232366555033,0.08170318886940867
9597989944883986817,11111,0.01530081642989898,6.890677980347175,0.07702141035783575
9600515585473993745,13020,0.017965113933678615,8.049408369718245,0.07379068821748438
9601802428698002228,12567,0.015434163009504094,6.833004245851449,0.07758847010164131
9602842288816277095,14911,0.016962647856729955,8.123441233626362,0.07179295708171288
9607052629155142355,10988,0.0432222796306931,8.557090058562473,0.10917302665803268
9609855818134889207,12255,0.017473344121086976,7.365442685177072,0.07734877754444602
9610410767588543516,12231,0.01533799583056662,6.099420084824783,0.08206347024682888
9613328606822417449,10315,0.013750723586713332,6.193834999185326,0.07904401730468759
9613986795052692442,14988,0.016437518361083425,6.710214033139329,0.07989475204021206
9614970349300444723,12917,0.029827039158901753,6.91820656741137,0.09903713723932724
9617510318307874780,10033,0.04650557967406828,7.554801206249386,0.12050320352189016
9621992115513356507,10209,0.017383174727050695,7.300968198569264,0.0776172587260984
9624988024772523386,10269,0.022086421002812474,6.812124320203099,0.08788151330907326
9626428393842877330,13022,0.022367286291363735,7.581398705718312,0.08346378027931298
9627551742671201016,10914,0.20997294623762347,16.172412906920947,0.3159090127029118
9629942102311573248,12256,0.016202274478993542,7.305007508132527,0.07578795463214151
9631033105972316032,14047,0.4764432037059113,39.21215273550539,0.577788663346036
9643509329328848241,10594,0.023727979797112712,7.368387260532071,0.0868843380328628
9644232315745295743,11168,0.02355682309880589,7.901786202684077,0.08326224754847487
9645712448868336337,11973,0.012166599048692241,6.056962376890594,0.0774865842100797
9646743865988326490,13151,0.019168693656829106,7.97011150640171,0.07612879095901338
9649495217715415993,11857,0.025422728519195074,7.7139796169627735,0.08729572761982901
9650562722430281228,13684,0.03166543682531202,7.0626199832317,0.10093546863860667
9653832165802504449,10774,0.012950525693744299,6.412638109936402,0.07644314063108455
9656583174857365857,12430,0.01879707550449333,6.769659210300267,0.08312450429055698
9657014340657100847,14297,0.019312605051584754,8.250826449836016,0.07457999350048032
9664171118440872206,14161,0.01569189647758905,7.084972835633241,0.07639465318743102
9677936876186261618,13523,0.01346094847337307,6.053404237656352,0.0794861531802226
9682101139173453312,14095,0.02036176871272613,7.136421618775131,0.08320385032769399
9686836509625693499,13678,0.031192352535946197,6.90015501533587,0.10123642020116237
9689393674752997997,14572,0.014278686574474222,5.895879550983419,0.08172774235043793
9689871657974627339,12045,0.016748890215935924,7.544486179576666,0.07511410451089202
9690131767194391101,12958,0.019085502129832635,6.954245160309961,0.08240211175546541
9692286325047848072,12844,0.013298491189868505,5.977148804063336,0.079718437869044
9702294411460168512,10532,0.016872006835498426,6.88720206149035,0.0794433428334346
9706342287870280372,12730,0.018876684208541654,7.373100540058871,0.0794441668602961
9706624960305894870,11511,0.01637721851788208,7.883415688609413,0.07241096399465202
9707697453770949984,14339,0.020700441429244747,7.1576469814528405,0.0835874524040527
9707716020161615668,12477,0.014518924888443129,6.564319919862354,0.07788324857435021
9712330116889617826,13626,0.06067189516613345,7.671729535167836,0.1414059059968344
9713073832850018097,14317,0.0157422382787512,6.946273517973568,0.07734541731891728
9716188164169609540,11722,0.015379729085946729,7.467584065341834,0.07350719323085413
9717508068737586846,12747,0.0204195097705897,7.573704752370515,0.08053697811683361
9718377195397203219,13443,0.09924266257339505,11.299975936771022,0.17746419521400095
9719218260865574087,11533,0.018823650977408884,7.653107335519437,0.07759899319386579
9719995774983190334,13057,0.012991493772969667,5.850207965787296,0.08004927388593407
9722306973537529609,13354,0.01853731486838043,7.767521229898602,0.07644075053299393
9725478342371870450,14381,0.01523485174808694,6.70410648784835,0.07809612885889125
9726515883895235643,10865,0.014568540135737267,6.353480493759363,0.07928741680259727
9728192208673057301,14935,0.01959032518080473,6.573540212314437,0.08557184765468975
9729061917709026759,11557,0.021860727020326178,7.05305012197459,0.08601882320778406
9730337373962097862,13132,0.014695169247088219,6.114122460756408,0.08098890521078526
9735306182103654699,10537,0.015418984643821593,6.8181594575972895,0.07765881336310518
9736888750569854507,12820,0.01618548559005778,6.963882817267629,0.07791154247236064
9749595290024449825,12962,0.01359309041284077,5.9735228082242005,0.08019129090197527
9750167581290690971,11883,0.014895727564785903,6.709569058544179,0.07754369161732509
9753656274540595447,12019,0.016331373506324243,7.3520885205098505,0.07568852586050553
9754754047382877254,10319,0.017799380740513474,7.29850113917027,0.07826856737460386
9755585470400238787,13828,0.016965608486607626,7.630070317830927,0.07490592995897877
9759511068861591236,12711,0.32364757497926094,24.927562143206597,0.4343886221925277
9764373923057666602,11706,0.023983986239199714,7.317800900513654,0.08759411025892333
9765142107711571560,13709,0.061723704924830446,8.97181425615725,0.13482147494743277
9778976718932850384,12726,0.020423153286361947,5.985624110289499,0.0905481394972506
9779759430902276377,12849,0.015862498861805602,7.160756863911449,0.07617778040151263
9784647865559940728,13986,0.013772610002664417,6.173060252090442,0.07920833925693595
9785602060833553177,13095,0.014086406272873036,6.186444479551999,0.07960334448647963
9789638412132739782,11485,0.017535171822663523,7.8756504694199005,0.07422869090252802
9789980938414696764,14302,0.014999295666237856,6.628758890122656,0.07821103354397985
9794815470081965123,13259,0.017193654816401165,7.170474555062286,0.07814992878661395
9800590482531328526,14242,0.014862046400344088,6.709153519881596,0.07749486086892445
9803659209649981933,12309,0.01573766466241554,6.541711686472686,0.07988734575353328
9811787773296947798,14693,0.01939551160311517,8.008124574056348,0.07623576226155004
9817082225803614308,12626,0.017193809839254788,8.21744839103351,0.07155377699272758
9827355633098863845,14481,0.01820381860646257,6.821992466733561,0.08188856734555226
9836773101389401226,14041,0.015783482239475004,7.124891532220861,0.07628304765499873
9839315993397703365,11031,0.01712501708919574,5.968115964460629,0.08562046278400816
9851078273492360024,13333,0.011530253826488365,5.761746403500458,0.07837453943733662
9854555056028547492,12359,0.025893678223755438,7.197277977117442,0.09127055919111163
9856212186448945786,10648,0.013558125110543679,5.443569966120984,0.083476812947136
9862088871705512023,10370,0.018334666534974304,7.499502292083126,0.07781983551333264
9866163033095181108,14367,0.0143973250237157,6.490826279007829,0.07816054350293128
9866828875152061647,11157,0.019685121031981473,8.631848515461106,0.0727484169586376
9886439125219411353,14817,0.015861945000132275,6.960312816129813,0.0774398186742544
9890644387657148169,11174,0.012874335436756526,6.378433027415618,0.0765422649395951
9892512435891227886,13851,0.01481034724731911,5.054170855302223,0.0878429966531703
9894103532951191224,10705,0.06084384098097255,8.023125673154023,0.13945460968022363
9896069351602678325,11933,0.01740259942339864,7.817228485013559,0.0743942670469605
9897966149550024604,14805,0.011866501708552081,5.918504921973126,0.07790051993948516
9900711651947790614,14816,0.02336663914013197,8.371292030653755,0.08001364673799452
9901997803787672034,12360,0.018175898155257837,6.742654159254063,0.08234578385465442
9908615654992233827,14918,0.021389679665043397,6.18252061105334,0.09078399951127011
9909117120433828584,11716,0.014500164288135938,6.400980710879123,0.07888369904402308
9909433249727057376,12047,0.0165413271954665,7.158857954647146,0.07722667162732039
9909683902183191258,11727,0.04212486744158312,7.836504026155329,0.11203670614306066
9912217143063403799,12887,0.016462567195541577,7.300465906557241,0.07621417233027268
9913433154663131875,13889,0.02124611603238209,7.5662664190459585,0.0818465045983033
9918079326493364318,10873,0.020872882736864988,7.293977901884598,0.08299191697716135
9925523777473671560,13134,0.016254879257883492,7.31582773275324,0.07580013764774142
9929824756064383796,12130,0.022676177397899573,7.735541936560537,0.08296445006664212
9930000863495190099,12630,0.014511128619131085,7.0977693959276555,0.07451037684966215
9936657465414962803,13040,0.07536852370030112,9.065768657588539,0.1550723238242325
9942040951872762022,13744,0.019913940405399986,8.207994706744376,0.07576840683993653
9945417604262006249,12589,0.011747243433277925,5.863107169222342,0.07806737977247152
9945898797801999293,10989,0.016855776402209508,7.053895632049225,0.07836830875324585
9948958577812688129,11261,0.016707937409280012,6.471908287491034,0.08180925331084345
9950706488235748717,13081,0.021243771655605207,6.358180483362563,0.08945438810266253
9952366397892898841,13653,0.01918596464227946,7.261883868395238,0.080617313663827
9954743325288296953,12628,0.01704975717424311,7.667950759814991,0.07479580599617135
9961229518539412746,13885,0.013205928099013555,6.526755770290605,0.07611428351661159
9967541986033002460,10574,0.013096899750745393,6.47814162972446,0.07625403012457647
9969267471537511476,11786,0.01964023484410051,7.702073545253501,0.07853783716666969
9969517594408364427,10868,0.017600558006183747,7.4400603438249195,0.07707297637364066
9977820737922370599,10042,0.015060815994340296,6.798876203552822,0.07723319463555155
9978525836905553127,10805,0.015666343304486595,6.927319006803174,0.07734890747488066
9980104251068644674,10592,0.01553784231344491,6.8611482796364225,0.07756952323256135
9985943770910163052,11299,0.390163948959168,29.85641880291431,0.5049401172047983
9990870936179367618,11408,0.026279432093593375,8.450775883266498,0.08396222820540679
9995156841801690653,10203,0.01646956357439044,7.409390102884091,0.07553858986384444
10000555984801842086,10432,0.022694702222218952,7.49092030934217,0.08453396939299242
10003089801110767070,13205,0.01932595131393891,7.6071273051550685,0.07865596363823693
10007974847714738596,11772,0.015769286313449198,6.823655285256185,0.07815928183932706
10008025835323757572,10383,0.01505927849481212,6.30418503098187,0.08034761469700227
10013708151635591423,13746,0.017606671797805097,7.049607043049427,0.07954234023772318
10014789714620687718,14445,0.015086409724335158,6.187295675918901,0.081125511889277
10017855372965740977,12679,0.01627730908335688,6.6138901737311295,0.08025691038810907
10021693054672252935,13351,0.015772937757727024,7.096372422952706,0.07644662343471824
10023779714497349110,12888,0.014532931335742922,7.107146375566244,0.07448460201239589
10029793110726034390,12323,0.012507578480233034,6.212703423380827,0.07702620278665631
10036495072738756125,10200,0.01494657296953095,6.6220288001382555,0.078172900786378
10047415895608782130,12716,0.02045643792811586,8.615075222358264,0.07403230183925384
10048624405392147737,14119,0.014763866589287807,6.670706865309398,0.07758711932394179
10058399466690056296,14093,0.01436740596571004,6.494672012300179,0.07809061160749267
10059872355930025191,10566,0.015651513074350705,6.238862578302192,0.08166382758669202
10073310245696399101,14410,0.011996883267760005,5.978823558660634,0.07771964750123221
10073347875841414118,12292,0.013155821879470557,5.93087043981486,0.07979208066271783
10075784145247028213,13494,0.018748403082965527,6.727167205343913,0.08331787398196397
10077429976476594366,13712,0.015241595334872444,6.874221232267105,0.07703463329257591
10078352588104998148,10660,0.016808849788116947,8.060658210823773,0.07195358691539895
10082853675634438279,13430,0.01955389103466293,7.600995628686423,0.07904277948571144
10084050863261783562,13308,0.024626747544575493,7.2188867160978285,0.08919914644534388
10084389591151339167,11837,0.0465860138366265,8.056422392649203,0.11746563800009645
10095957111426075663,10474,0.017223431443576548,7.733616457900925,0.07464737545398513
10097906558873174625,13759,0.01486681172736679,6.687292074788857,0.07763987659720403
10102263131980098704,10940,0.02175979670257787,7.386133328327788,0.08376608116716447
10106834036469042563,15048,0.07714006558832878,9.49538558877878,0.1550716256840415
10123720396368346041,15021,0.014897382746727254,6.686181331023537,0.07769357276143188
10132870466965248693,11723,0.014860341974423243,7.247364363377338,0.07410129591064589
10133778922140839176,11441,0.014988352662628327,6.763979249276091,0.07734237100743117
10134100264123516672,14727,0.011586104171030665,5.148402183477616,0.08232418645317735
10134360614602268011,13031,0.015354634919485202,6.929465223736657,0.07685924301657436
10137460338466251318,14027,0.020995688555587005,7.540341971766555,0.08162730560305463
10142219177834653151,14952,0.016899816261663578,7.136070673417991,0.07791784239176677
10147425234974616020,10719,0.022808688118273916,8.506604103735135,0.07830883792101868
10150676933689109502,12217,0.0277089816190877,7.077359547344165,0.09479901861849337
10151437856082538737,10265,0.08852360886714249,10.717009305050457,0.1647635145655576
10153163826331842839,11244,0.01686038127189349,7.584245071823229,0.07503391165006762
10158669708613819183,13977,0.017311649765182454,6.644925081706268,0.0816413583147241
10158771227486667567,14234,0.017711653335626305,7.226158245807785,0.07859035312606262
10159151364979822740,12840,0.015532400671750785,6.712273183972666,0.0784991885668721
10160499488779037102,14568,0.017896386076254912,6.954834563683756,0.08058199371597796
10165746787144876866,12186,0.022615350641738377,6.867230692031868,0.08834227256674373
10167958564711389085,14798,0.017850684364304665,7.958725030440967,0.07418723849639809
10172001997079936900,11916,0.014204707047226258,6.965444506804446,0.0748760143362859
10172710786931752171,10324,0.01865002397071356,7.8280859902000595,0.07623133228905055
10174774053204904017,11890,0.015695276539044074,6.793318160021267,0.0782373670835191
10179622637946141432,13492,0.0173306033297619,6.174022279865981,0.08463720195163345
10180219546249632910,13197,0.01489463835253103,6.393229509603976,0.07953510397854069
10182777251331998141,12173,0.024463451276934143,7.512514416601199,0.08709972562928431
10187487458896939528,13857,0.01994575718004435,7.00025244044597,0.08342630709239895
10190193669487091624,11198,0.032062651071645284,7.173344305233392,0.1008446121630349
10198277291542047360,10567,0.01815323836818487,8.119013496619578,0.07363951055673496
10199102362025346579,13503,0.017896860768835274,7.455114770525994,0.0774307368538702
10200234054289984116,13728,0.02118515324842071,9.349047305061807,0.07052109074213701
10201217363231784763,13094,0.019765593402545592,7.538472971334899,0.07976007997184104
10201371345247333837,10322,0.020484161141475655,7.652245873403669,0.08014089162701421
10206244705953283331,10127,0.014735672543340444,6.515573372335855,0.07852146040458749
10215365014991722993,15020,0.024843177546982908,7.8058647542368895,0.08583153284103912
10219224457043890348,13016,0.011478916563463386,4.893011829381225,0.08376952453554433
10221639362851550993,12698,0.01933981000699045,7.321519195128039,0.08047658792457402
10223621949901773113,10885,0.01440172486485133,6.4637196945972715,0.07833804759166081
10225482614112379043,10590,0.017197606200968305,7.724745980863715,0.07466381459633518
10228482006317258089,14025,0.015383576119893907,6.931926412047166,0.07688794487252111
10233457388463821440,13460,0.017591260930484277,7.883568159211385,0.07426448354427277
10234811939489569283,13609,0.01550404897389255,6.961625377096206,0.07688485383122287
10235529314335635545,14382,0.055010942069126524,7.718203761510125,0.13246585065828662
10242872108656603701,13735,0.01747261045323542,6.65128446320745,0.0818471629379843
10245944683649343193,12366,0.13506305933613832,11.126506882654654,0.23327367824899828
10248342552498328986,14398,0.020065835648479625,7.645285186361453,0.07954574430605191
10264619211009881509,13750,0.022887341970904626,6.889410571181144,0.08861800328730532
10268590209128758887,12264,0.012219361801413118,6.081169469931967,0.07741466546596072
10274102805800517228,14916,0.12645455617766344,13.120845420826953,0.20755877764050304
10280820746101933315,10365,0.018198260531608047,7.62671483797461,0.07680997779513274
10285611171618811586,10458,0.019445700593997174,7.046406687181228,0.08237166639447861
10286642457006391572,14866,0.01601901432922312,7.208208759697363,0.07611789420241885
10286924808726054127,14068,0.015499357564872777,6.025976702993839,0.08277267944864562
10295348991835142493,12395,0.012275400823309418,6.106835933775426,0.07733855663694844
10296807174462368747,10068,0.014968214917289537,6.608547455990006,0.07829089771011524
10307099676903542681,11379,0.31771010589202414,24.774029178866535,0.42628631367734426
10307216121840382906,13372,0.018785718515535385,6.3493057596364455,0.08575556499349983
10309209769306480471,10772,0.018493124555581456,7.768512401537686,0.07636700391324147
10310704667934733148,11366,0.013665779567853784,6.7301872264298375,0.0755350118715006
10314787349117120903,13606,0.016389016780514833,7.375885751362258,0.07562664454441761
10316065269983195437,10796,0.01985705606710956,8.780159757709418,0.07207662697189851
10318787667372819243,10456,0.01615625387062778,7.081551755996193,0.07712552501444525
10319793264521976927,12267,0.013316868708347905,6.00890739528264,0.07954641710977947
10330913132235253399,11688,0.0192161250925729,8.07118116926595,0.07556446101683284
10336103238783473526,13362,0.012999169620395865,5.855406790158731,0.08002824408998045
10341628053129178647,11344,0.013241125596511354,6.542417992242752,0.07606936979388616
10341812990301103166,11271,0.01289420139775772,5.793314422862363,0.08025911130711279
10342834047818827061,12516,0.015601863102629664,7.5609729640256464,0.07325811799573351
10345481918270251246,11242,0.013760710940096493,6.771868746957693,0.07541741028837423
10348023548994568491,14391,0.012783534157321147,5.750587892709517,0.0803592599708196
10348181012857097974,13764,0.022362366431774767,6.459944710022774,0.09052191092828758
10348622963114483385,10284,0.018776701573800746,7.912892561392163,0.07589051737235603
10349784626092013747,12334,0.017888595301417468,7.367935025906413,0.07796738129278656
10353326993597079468,13693,0.014581541622636116,7.12803480214133,0.07442724930876446
10356878405858012027,14197,0.025824533327662998,6.957181647303049,0.09267764949111967
10359714089599800791,14629,0.014856540108911626,7.245742486760355,0.07410570699098931
10360203033885870615,11782,0.0186991378832579,8.340961986628596,0.07307501412374656
10362541343966160581,11035,0.01941106217170157,7.987899954838278,0.07638694000444632
10364283277264957639,14204,0.04771163909714967,8.276562750273696,0.11779807917459967
10364903738961394444,11908,0.01715972708468521,8.20361451867501,0.07158887411891439
10376136219971436193,12365,0.01664939630718277,6.947773462415095,0.07872167361969143
10378730107798734459,10841,0.014796022848215016,7.219906014619421,0.07417604632401746
10379919378022729960,13357,0.016718304802413743,7.520112687250653,0.07522094808343498
10383202384741307598,10385,0.024407766756423768,7.3909552688139195,0.0877805414065584
10386881791005570967,10739,0.038277479038158105,8.440332503068515,0.10235534311870172
10406822941429953513,12871,0.015551540997071346,7.019891245099296,0.0765902988831686
10407435163227818745,12072,0.01819895367145821,7.86058883128244,0.07533752913847351
10409690445949541185,13092,0.4454613561248706,35.61698379875037,0.5531142368084138
10415109698023623078,14293,0.017038895097003355,7.504998951485658,0.07580588086568302
10415767602351775177,12233,0.020974971181398714,6.886746485220172,0.08571359392287184
10416487770524005858,12371,0.01574042897991202,5.908768076870108,0.08387938717653293
10420652592170714940,13777,0.017834559136975275,7.858627930616775,0.0747932618873703
10422755387608185069,13035,0.03131866669496845,7.6769071335392605,0.09653549349722107
10423202201023717915,15079,0.015068284862069467,6.804962303077704,0.07720625845519652
10423516129910363873,12224,0.015802962491363804,6.584359149704899,0.0797183923337361
10424007319966801886,14700,0.022921615220625094,6.965797112228709,0.0881890882438735
10426503721368993130,14932,0.013034310152775189,5.863028004433332,0.08003390518241789
10428826057354248525,13348,0.019433120890382922,7.169846951123907,0.08157472345930483
10433180979160586857,10494,0.026902801433719488,9.345542532477692,0.07927702307939088
10438649561088833452,13295,0.017795553937463446,6.60808534684733,0.0826126403374238
10443420189245545957,14139,0.015290984439393921,6.27766177284182,0.08086865934152798
10445868480159120096,13346,0.02918522971563143,7.038230569784545,0.09730055405062925
10446481069826371440,13307,0.016005023680070993,6.660135669898661,0.07954962096347457
10448524559981720352,13722,0.017107965874422343,7.695176880573974,0.07471318489102542
10456152424525984374,13000,0.018182589859772065,7.863260119575483,0.07529570273329195
10461746356666721109,13591,0.014988947801191302,7.302141687562654,0.07395262366525576
10470198031292934258,13371,0.014247293292287562,6.983895748444634,0.07482481507853407
10470743046502104649,10215,0.04944924859661999,8.02659895229006,0.12202720137129078
10472127323219214359,11745,0.014697485621810575,6.637993299171951,0.07769183036860029
10473367150064827172,14590,0.018357695240012562,7.145677505020835,0.08008426183149793
10479721017911843314,14056,0.0218154854499931,6.875980289473802,0.08706533220744175
10480573563847186159,14676,0.017659093741840173,6.614277157330533,0.08236518288451965
10481908377876382652,11228,0.017255226036438722,7.742876707122106,0.07463759891003525
10482929284764877286,14160,0.01771722944828861,7.816263441086475,0.0748809524818553
10493298716921290310,11453,0.22998887380043126,19.370076141900626,0.3263371799409252
10496548276359246504,12367,0.028676674613480866,8.08460052178019,0.08993113953513121
10511454597119006837,11026,0.01449651026783734,6.509956584046157,0.07819152223977631
10513405007632035715,14560,0.01651903731940755,7.36797506241079,0.0758750949392107
10517187722962474420,10399,0.016253160498284767,7.315275830733928,0.07580098942116499
10526044476069219349,11253,0.020512821845869906,7.028671370654563,0.08411346099855575
10533379854714159506,14967,0.03638309505506958,9.149161831154816,0.09499569240584382
10540179700527634389,10306,0.018465845383997433,7.841383131421555,0.07586621713819482
10541507265641313695,15022,0.023037918462646807,8.023527049352012,0.08170258766713129
10543908472191378035,14575,0.01624655475542848,7.3121359799709715,0.07581068140319687
10546973622812042174,12111,0.014346100548911556,6.448433194951927,0.07834939162455054
10549002502220519035,14606,0.015202216640740068,6.303621647198153,0.0805695058553877
10553864471224320627,13256,0.03270004553082075,8.364715883834515,0.09431209124723236
10559065949198969927,14628,0.015720877239808383,7.094317675569122,0.07638004548858858
10559861735597903266,14951,0.013348394646719958,6.022722714268936,0.07950753127711765
10566450855659864213,14811,0.015363205554595544,6.627835306754493,0.07877273398463257
10571128757175860706,11378,0.01614582565526499,7.145963085359881,0.0767037763838288
10572339774273275927,13507,0.05458367297303561,8.142012661597779,0.12914300680096044
10578482710705601205,10785,0.020630289476602455,7.931026340577982,0.0786076686386326
10582040848368010642,11303,0.014377949444317228,7.040381624828095,0.07466851013751724
10582066322532767452,11578,0.01177820313699441,5.877509443211256,0.07802393093147904
10582371321196783128,13870,0.014625810822957403,7.147036245727518,0.07437515429676335
10584008613417832434,13030,0.017023137210538553,7.646691352410642,0.07488908680892149
10584135704319128456,10091,0.021961453505322366,9.385774384739143,0.0714755123123718
10591426432277889321,14571,0.030319587409938266,8.3459316920242,0.09079423041314615
10592474317740649386,12550,0.01564209903893724,6.933094166931063,0.07727548774232565
10602763903798567200,11084,0.10639518604408346,12.45382179706317,0.18112012525553142
10605772396375562980,13647,0.02756519967463681,7.138014053215938,0.09419723844302622
10606343390254815860,11349,0.016049833260984497,6.624737611755276,0.07984109181685624
10607160925810082819,11556,0.01984740456297942,8.509798037153837,0.07376527998677979
10614363363956238569,12036,0.015095706596226693,6.514405246579025,0.07907878113247702
10617517882734344350,10208,0.01807314304749255,8.083317039302566,0.07374206608977639
10621577433144874857,10395,0.01241869636500461,5.572634402009319,0.08092314516922859
10621933275536992398,13146,0.016154035480544733,6.72371036567392,0.07937669210278563
10625411432771079513,11564,0.018507475857049007,8.74398028886177,0.07024305573498445
10633153678045385490,10793,0.01690267645972137,6.791144425475983,0.0800953961602928
10638354710897131405,14288,0.01270087882454585,5.697465509326459,0.08056769590243243
10640074805709158376,11607,0.018765983303661332,7.918266878647251,0.07584028442012897
10641010369342122699,12671,0.02739772739924535,9.557023097852555,0.0787006157319726
10641048426909601198,13033,0.03434039883750453,8.637566118979922,0.09509869734292593
10641094609354672349,10106,0.01303837659855183,5.8732120882033,0.079975952641827
10641336812847978195,14412,0.015338439885272347,6.792344781445019,0.0776984228675798
10643907436769564290,10141,0.016710762883621954,6.7507811322313875,0.08005654959615838
10645867802729989289,13982,0.03582009882387712,7.999678497094411,0.10137794439577813
10652203579561335039,13465,0.028827219903153435,7.49612490301728,0.0938687524923214
10653524737515929029,11630,0.015647791266351144,6.498095847380466,0.08002486056658496
10656488787067822972,10251,0.016601253527838956,6.62208536829538,0.08070011036247356
10665699458044565835,10926,0.015027543297574233,6.786537477165688,0.07726010907816937
10666557529447553642,14885,0.016259240220362632,6.991978023587292,0.0778471925492749
10667202551373514834,14946,0.011841690262131955,5.272991886860634,0.08192963151704642
10669623018568956761,11551,0.014978950994708326,7.297889684777378,0.07396414275209486
10673865424200850444,14401,0.017953109393693763,6.952432817016711,0.08068377204767348
10674584227273253264,13948,0.0711618498858551,7.511158131139262,0.1584412438478629
10677773938203235863,14521,0.013742723367187017,6.1947093468715035,0.07902628799997512
10677889131211890318,13524,0.014018895165717632,6.8847037718767625,0.0751008836328668
10678220968684717944,10651,0.01900433065413473,8.127550293018679,0.07488578981729947
10679395961856703722,13051,0.024232714737707266,7.238406464141904,0.0884742686013219
10687734258786958146,10626,0.023015248359894463,7.062525026956605,0.08772268745415501
10693749326862309932,10929,0.49130265097408354,40.767222322423365,0.5906892291998184
10699048554389879479,11846,0.02342327105111501,6.880668174700307,0.0894917292590662
10703017950845659334,14655,0.012033580595986916,5.017644211476096,0.08383154974838901
10704257082892003832,11017,0.013134251064798975,6.494812897898362,0.07620604898236398
10714938782442521875,11806,0.014350485014734397,6.347242950920585,0.07899363136723002
10715777714484738066,14678,0.01524512871919987,7.410767250269981,0.0736595583422031
10721059730168930592,13866,0.027369344633052056,7.517262705581087,0.09150863420674463
10721545233718561086,13574,0.015565064303872181,7.0154111357365645,0.07663918270213409
10727795121443843177,14108,0.020257468319451948,8.477646294091317,0.07459423254702136
10728919799895151303,12490,0.013386521296283184,6.030698123689538,0.07951552215549862
10733115034095594797,13578,0.02838949327522068,7.106630400689795,0.09565409815792543
10738739540613459464,13910,0.015257554585088415,6.893281992186615,0.07693892040442206
10739116269171942086,11439,0.12966841771261517,12.401998840865792,0.21699707637387164
10750558577390901435,12597,0.039885187314721834,7.4317319546342215,0.11116577802710938
10759001932539318944,15009,0.013472201273765253,5.6790667044849386,0.08186183069346332
10759397553117349600,15016,0.016481231537822556,6.281031020082319,0.08266556386704059
10762624550694910705,12585,0.020015027840003526,8.42441728562536,0.07455926445085341
10773829137049951026,14162,0.01952393765887927,6.917826172026234,0.08330128840161274
10778513770032518577,12181,0.019097534759180523,6.269044186384974,0.08673755478396934
10781497021887554992,13306,0.013923052991064114,6.147514842418493,0.0795990918325249
10785518662607455490,13263,0.01664630135766431,7.994092843993368,0.07212468075774915
10785746101068530750,11205,0.055985968660469176,8.38530981813787,0.12975217111735995
10787876953975744174,12223,0.019869873853533726,7.609057401654502,0.07947465849146337
10788485682561213089,12112,0.020314467551793693,7.625681587442178,0.08004904692641467
10790424182786078229,11774,0.014109712274034217,6.924214415234732,0.0749906748749315
10793303921980558133,11247,0.023534023884381385,6.042181736419208,0.09494373468171295
10806779752245370417,11892,0.014654914801006863,6.485049660782563,0.07859041353343776
10811554680640907931,11235,0.028514312358642074,6.965258763961257,0.09673546497017718
10811717018942512205,13935,0.015437335656095666,6.970140767896468,0.07672929691810106
10817488694629621262,10962,0.017007871803820615,7.342811879230808,0.07678034080461354
10818226693770347234,11790,0.031480247528288915,7.550149649239535,0.0975809393133536
10818385981591074094,11859,0.01715715710550282,6.5862327266418115,0.08177515416480922
10824735331827690843,13788,0.01692733617384603,7.604813836418888,0.07500659481413278
10829860205405060351,10875,0.45105739187129607,35.79910166893925,0.5605149000607232
10832837002930426675,13219,0.02240239092859963,7.009055708784089,0.08712341224537744
10836803179952809597,13929,0.01440758419928981,6.493160262898922,0.07816150954114602
10838150046406483301,14941,0.01524236564382031,6.8750621796996105,0.07703051162575308
10838346057589931030,10345,0.023722652773328985,8.386859987564794,0.08045938160519985
10844162107741346000,12973,0.1498116761996791,12.510462316907951,0.24708304115365978
10851828468295618662,12770,0.01510443529561836,6.820111933890304,0.07716602991232181
10857864646024853657,13230,0.01748623538633392,7.747354159297645,0.07496226158780929
10858854579825920197,12880,0.022305610590783866,6.743107949849615,0.08865116391558248
10864048287638587087,11644,0.09755991732771996,11.371776669304703,0.17444138401065085
10864167820104290552,12767,0.01686297380314758,8.082774464442728,0.07189692072741138
10867064372097273957,13508,0.018149463727245848,8.601733422710373,0.07059240010511501
10873273119063093663,10352,0.01663724697773748,6.9317137673151805,0.07880429824912973
10880034730637301744,10089,0.23896518244640677,19.270406815719028,0.34067667605192087
10880046484545747458,13797,0.02388220815128072,7.869323903095225,0.08396380790892714
10886698253946118847,13085,0.02381663843085966,6.74572243619972,0.09094282437562647
10890120254369826867,11315,0.017282279657896894,7.7606152290769215,0.07456716362353534
10890774666856948808,12569,0.013148055216760888,5.911526560768634,0.07990209170651301
10893680650665930484,14080,0.01677498273748293,7.042895923863334,0.0783141973329758
10899877903337866042,12010,0.027727192842028493,6.564056326015608,0.09806086931572162
10899971054020403549,11503,0.015896434233757632,7.161267932254341,0.07622639757989115
10901431779949100253,12067,0.016066914932839894,5.180720408468275,0.08896511826103058
10901678786677600921,14402,0.01455347238139725,7.115976143549291,0.0744603476115734
10903212450170972366,14495,0.08064574486717833,10.315513827375614,0.15525947546359758
10908095562696369064,12352,0.015995498549536396,6.889625887124284,0.0780891833308395
10912736319372838000,13528,0.0341856190819389,7.905062673867464,0.0994773563315675
10913057793402779744,10778,0.01644719872841034,6.541524735510373,0.08097235467551483
10929023847555575319,15012,0.01998448278043315,8.87829394263401,0.07165298660134217
10931100409678450163,13119,0.016179700679307796,7.2867063011580235,0.07586877811787163
10934225223471770988,11463,0.03139185370522682,7.5490027313628,0.09745314161490341
10939560315532135400,12739,0.016128608144216648,7.780608857024891,0.07267893298764941
10940360003924568790,14689,0.01492014095391108,6.739870174155091,0.07739007352913173
10947770177205258275,14188,0.018813694162724142,7.727270174393546,0.07711652590644005
10951043976030893575,12220,0.018769278987677683,7.114332091751285,0.08091045598943625
10955463415017542187,12145,0.01722316204453823,7.717467573183733,0.07474870890776573
10960500265544003474,14075,0.014359060934955299,5.815977336712242,0.08235393475270454
10961892110035672094,13588,0.015480766550759653,5.290461328969984,0.0873783466060882
10963769284404347199,13163,0.017557029604127538,7.871379665433311,0.0742889871256897
10966059195805263443,14834,0.05187474350153795,8.211067641903048,0.12456997292893728
10966646209965286931,13235,0.01637972501121032,7.363296093185077,0.07569177143308002
10976053112997677645,11515,0.02358909068971595,6.734285380642325,0.09066729790729121
10976121767984766777,11817,0.022910433952488866,7.521464274867085,0.08467106480117857
10981541974195103250,14247,0.015125632286477942,6.0883858239687845,0.08180860023858902
10987909895496414431,11300,0.012650316334069038,6.277418495276721,0.0768365054519618
10989559046214156845,14915,0.016070672233838075,7.756573352029705,0.07274186852492608
10992279042470426541,14001,0.01634506273771613,7.3601607417346635,0.07565857801451166
10992815107753342609,14862,0.024219542173116476,8.953119559585856,0.0776507120614722
10995398317874714685,14145,0.012980010166303804,5.826852566643017,0.08017888151872395
10997941415829618678,15078,0.013998685338363018,6.17054067666391,0.079569549408695
11000804914303803026,11931,0.01286648875790007,6.374906018341896,0.07655250062584844
11001140924601463435,11060,0.013098788921830251,5.891525462667322,0.07995285178776985
11003503760566718325,13026,0.01563235665135449,7.056516410494205,0.07648299241462148
11003952139493505041,13554,0.015964460152711656,6.482642943333743,0.08060594020664884
11006346763393923098,12018,0.021517978266823,7.701637088985747,0.08140888712023747
11008388612079135174,12562,0.07795141434819686,8.960119089835441,0.1596833919871356
11010202147711020957,14593,0.012298681607761177,6.11748561269984,0.07730702102862555
11012376426440668909,13878,0.02152681075011444,6.752883894497549,0.08739993497555518
11018954516231491714,10667,0.014315298395701039,6.4552290801895404,0.07825952354415562
11029395910894625247,14120,0.07111334950223194,9.045641732094355,0.14869924704991366
11032153802769002968,14516,0.014553549071047259,6.578342861690428,0.07784778727350011
11039624795345447109,12363,0.014825581565349823,5.831409043199965,0.08296933026149629
11043181278422447680,12660,0.021495682039173153,8.8852677950203,0.07391744301368387
11043600452222170803,13404,0.012873012378938046,5.640208675375649,0.0811913770673234
11043706366069959705,11245,0.05526931716701197,8.459144697220495,0.12819227630377167
11064651699884607023,14557,0.03419745412239915,7.192983297831013,0.10398184311203093
11072318732226872386,14230,0.014045221631690509,6.324213987772317,0.07867242634827852
11081206699533626119,12420,0.016677543376470077,8.006903736761865,0.07209168955101548
11087149023978710355,14328,0.015572464195816711,7.031953482059354,0.07654626227627172
11087356379624740312,10910,0.01675766106123579,7.239415131351007,0.07704958192216325
11097279160253817081,13468,0.01878241715994761,6.965578899957873,0.08186773440757
11101436948427410878,10643,0.016731432141902827,7.048953012462481,0.07820951042647083
11101980983868446704,11843,0.015769974328482945,6.796363580057282,0.07833228236189498
11102015168460361088,10278,0.041136307685077984,7.060291688771163,0.11541713025642852
11104971997730003366,12479,0.014807153584134609,7.224660831518809,0.07416309139610215
11106506578113963113,13753,0.05041973443118668,8.408432756522748,0.12110392444789823
11107029125273477726,10734,0.02387789897726513,7.613894215888126,0.08556654318987728
11107767689401057980,11776,0.015337140129734233,6.9169686684210125,0.07691125299778195
11113884032152764260,14065,0.017629852046687194,6.7852542286971085,0.08124328586587096
11121861894681243516,12382,0.016109907278913333,6.403200323593412,0.0813286372431507
11125934161424425114,10236,0.0186250996853085,8.315978954141166,0.0731193228471772
11128161519717317311,13614,0.01772608490321491,7.678470997565841,0.07576263148096998
11130360097966819005,13660,0.0159581479696295,7.158679746004244,0.07633697355080238
11131420381676810718,10972,0.866549125884823,100.63452101554735,0.7866977050400094
11141824262929004917,13623,0.017963778314697754,7.537920503843659,0.0770112430987326
11146697657927764102,10167,0.017157527889585515,6.554344215377126,0.08197663197817881
11147057567473241704,12190,0.014671915302855365,6.492787743884878,0.07856762895085041
11148858056404375486,13321,0.01724347529353877,6.263664755684536,0.08393932527447477
11150916084768716751,12664,0.01781726350247929,7.713325581834109,0.07568231009824186
11153291822060352242,11585,0.012378392336452198,6.153890805918832,0.07719941267854806
11153668381512616651,11694,0.014446568502896497,6.3248239967377,0.07928165042164056
11167846276709266363,14040,0.01512426427347701,7.359598911293654,0.07379731757114211
11173193371588802978,13640,0.017452673735071336,7.823661226019881,0.07443022775745595
11181571747928786815,12611,0.01739653069003713,7.607685922057676,0.07570520580115357
11182283026260765595,12003,0.020282572837273034,7.997588647428795,0.07765715140620987
11187669759692158643,10911,0.018509672761156636,6.947546069198236,0.08156472515342378
11189767984642476276,14435,0.01931896186510992,8.601661534442691,0.07237929071789229
11192189217492838700,13898,0.01670861856166646,6.65721337572621,0.08064279147945033
11194884237201491550,10616,0.01606836059136433,6.666205148304013,0.07960812933864733
11204717429158030254,12232,0.05500377113986844,8.732362426421595,0.12606525807856597
11206890247244034524,11272,0.019839110066132315,7.402492622097778,0.08072911360728864
11208021035738204007,12246,0.016358332935678555,7.366909406352966,0.0756363290642966
11214987242081515237,14650,0.018508806211914593,7.78542322143453,0.076284412546731
11220018834333475852,11753,0.01853462576947835,7.779912786996859,0.0763585706907805
11225183919263724206,11887,0.014421845457442649,6.182570184016069,0.08014014597885924
11227068191063250724,14141,0.014953521393117529,7.287069048225223,0.07399347309553327
11229768061042228374,13278,0.019412898585775676,8.173893251002218,0.07521790685620097
11231022903357447341,11795,0.013641026622851264,6.154918030681079,0.07912164620190434
11232373470968004870,12020,0.012690768552130107,6.295708656326577,0.0767830612920195
11239393281656339624,14142,0.013141384198701173,6.497994673726086,0.07619689845729354
11242214386411890957,10798,0.02288188505292637,8.102377396395065,0.08096745139200978
11246349787656949996,11579,0.018099874392707233,7.021943173672103,0.08047001390731233
11247128131630886743,11518,0.02419764467232188,8.685303437458263,0.07930462063729685
11251965929897834663,14326,0.014697713551918908,6.628923438793244,0.07774932258595273
11258694166732601095,11362,0.015418036110389957,6.211949122201039,0.08147675210807866
11265047987458367766,13336,0.02365082038882976,7.876659916555759,0.08356413724675928
11265154101952356656,10420,0.01855857796012852,7.760907182616144,0.07651490180031292
11266584108325013317,14347,0.015993048712811132,6.869340309249492,0.07821324906989531
11268437098083045499,13969,0.028023959221828966,7.68822032525229,0.09143146733717217
11275943728769218023,10776,0.018490604702918884,6.170209355789572,0.08643315616433737
11276811281497437011,14555,0.017897895529366225,8.015112692743541,0.07390408803987385
11286059030174799079,10826,0.01701598805926413,7.645948924684769,0.07488284391756836
11289646097772744881,13579,0.016858244354327725,7.420669124851491,0.07606124676317967
11289914616434565478,12030,0.01356680902660071,6.0893893026342765,0.079421136331691
11290024609291543976,12056,0.019539150468639827,6.797338765593487,0.08408364919119782
11291104203329215999,11444,0.019141995330887687,6.94065294373969,0.08257404338543725
11296288421161861939,10623,0.017463443050058987,6.1217980336238496,0.08516915331906738
11305411650784004687,13892,0.018125397848781387,6.384686742337712,0.08452399312902362
11309174833588453898,12470,0.03778946083551232,7.167828012589151,0.10962721248846208
11316040727563702859,14252,0.01422195778268454,6.415114054314344,0.07836968545708992
11321048072266766387,13814,0.01392169016624056,5.701745146476707,0.08240555222404365
11321341314903762972,13005,0.012578284081712285,6.244794924728859,0.07693201700628914
11331932734503928122,13506,0.016061247358664602,7.236512665426329,0.07600407934816517
11332620713104157487,11338,0.06465376103663704,8.377259615260582,0.1430431607464259
11332921742199653172,14977,0.015546860710207711,6.254850281231689,0.0814032390278614
11345652021931857038,12781,0.05470854186769754,8.167471969107803,0.12917334250046367
11348934425741286418,13209,0.014494697472713366,6.543028342709977,0.07798038674737734
11349115756107860071,14713,0.0167547050643152,6.3976901643599104,0.0823482983932757
11349895859951737525,11093,0.02034504236261918,7.908324324318524,0.07831497906481032
11354461303185373981,12300,0.01433782194690199,6.457511038890302,0.07827955150442603
11356917518617155748,14422,0.01370707559535634,6.748332022905645,0.0754837725113778
11370299865664336888,15056,0.01939315495212989,7.10303257204542,0.08193463401251501
11375123019802362817,11803,0.014466948019120438,7.078752634956523,0.07456270370701487
11375232071846958810,12853,0.018618723980528027,8.023539977684612,0.07495207600108143
11377481176402602509,12665,0.01844945029990967,7.93334908717593,0.07526174788645842
11385323791538053409,14170,0.014092924025725255,6.18855456781842,0.07960000604721634
11386191839506179433,14403,0.014403598141526096,7.051448545275415,0.07463796277291943
11386915673988667340,10519,0.015282773679889658,6.495648422244044,0.07948270690285773
11388838638454407607,14626,0.014555979523718073,6.219419413700135,0.08011287301746844
11389546570851483929,13818,0.013647637435245365,5.528656135824472,0.08307746554551294
11392000211938776821,13919,0.017450819553723587,7.187410489144967,0.07843605064192326
11392650498697478107,10950,0.015736038081580035,6.592775274193174,0.07956313839307559
11393115140523927356,13199,0.01523842628034151,6.314327753136528,0.08055736388237171
11394318051109419242,14211,0.01915244768602361,8.390915784691957,0.07345272563466128
11397608160557896603,14942,0.03604848042310577,8.01696758101609,0.1016178742900948
11399146681152613648,10472,0.01923000342601354,7.550808773989567,0.07886423197429364
11399366927413173491,13309,0.025121857131950955,7.109158827390254,0.09064677195614826
11399855582366982115,13838,0.016657121452637633,7.4936340447364325,0.07529431590018375
11403905563660347194,11104,0.018130098273716415,6.881048275724385,0.08140388051877288
11407422731912104809,11679,0.014553656386870874,6.553676649634949,0.07800335901962095
11408131870618749576,12097,0.015087388146018753,6.504340437670667,0.07912948714656012
11408467004631985485,11437,0.01744927762137225,7.3431277183015915,0.07745260931918506
11410965852330579553,10700,0.018442816824753478,6.644271734137168,0.08337336069115847
11412052193847239248,11161,0.016162069043394425,6.745200871001676,0.07925356408039147
11412314711872344123,14725,0.014004435018444302,6.309507909592335,0.0787027784369111
11418294231711895274,12166,0.017219230065306696,7.214382894505364,0.07791235406509801
11422106010442518047,10552,0.015112900272950664,6.816763699587741,0.07720005570330493
11422827740748839276,10932,0.012368940963686948,6.1495788863581105,0.07721214243068102
11426437907437569464,10216,0.017782335526865093,7.450728311891765,0.07728343326857084
11428323519913270490,12472,0.014358560635313948,5.731303823187527,0.08288665033850244
11428689714329560731,10470,0.016191547612521468,7.291218223333522,0.07585844754120853
11432422450298542781,10495,0.01646880745775293,7.262725616137569,0.07646148466142773
11441122484895014555,14106,0.014149096391715736,6.377133595417264,0.07849768119801627
11444477923088587603,10977,0.012721367493861189,5.341989418066096,0.08283864618404048
11444526333495044984,11982,0.017859676633252927,7.5518286625681394,0.0767645977506213
11447438877947175653,12620,0.16640978594802827,15.028847349161346,0.25657015297269703
11450166515654865200,13604,0.017491034488674877,7.095436998224288,0.07907695278702699
11457864367381637773,14948,0.012682715453128794,5.690651711200595,0.08058288077699428
11458140049704919653,14374,0.014917865611182784,6.733681640677758,0.07742558832721556
11465547136147410267,13352,0.015108812946543681,6.813913828952768,0.07721176762912278
11466518197379830423,14769,0.017744865225547052,6.595459085569745,0.08261476297520283
11482332446039775294,12809,0.017659028625847808,6.69517144183836,0.08185541439171871
11484930988866926928,10898,0.022774844259383906,8.224191447833764,0.08003646262007248
11486096357932769244,10709,0.014092928877036733,6.9169196124676295,0.07501099823252443
11487261268082254830,14092,0.015593072586512022,6.438653817590314,0.08031578694429786
11488849822104932091,14217,0.019390484063716608,7.616992739758281,0.07869238251861617
11489173351796706617,14233,0.014238751588202916,6.423205011454315,0.07834436188142173
11489905065706377828,13397,0.01665886799197394,7.505156184431423,0.07522438931260379
11492567107643389669,10163,0.021698550565462556,6.802507358101724,0.08734962253135928
11492829048078655501,10795,0.01535077972300133,6.9047373289133525,0.07700915055408983
11494631905064862308,12579,0.016671226564325285,7.170339579370374,0.07735275695718419
11494827729984027835,10922,0.01732179097945423,7.252019606870431,0.07783189084141807
11507420739246922922,13128,0.03598483145221439,8.467905004216654,0.0986795478331682
11514954515473892145,12099,0.018216859369192234,6.686561939776722,0.08276175840985912
11517583686907698541,14417,0.023538344789113947,6.937932034003759,0.089306720161162
11523941597581464090,10285,0.03937222217790344,7.93199564843952,0.10723033301021777
11525253588752299027,12501,0.018548307103833764,6.081219032640756,0.08708197560259524
11525415044063453085,14094,0.01714671235888582,7.692902757249661,0.07478669907794573
11528748737231691393,10613,0.07209732614949989,9.859357566622453,0.1450755338482366
11529284596990397163,11960,0.014163314559119242,6.947491392520672,0.0749258986695959
11534563645459488135,14034,0.013638279373674466,6.155008247207074,0.0791168813068205
11544373386752815528,10482,0.024185529030643,8.416454860355536,0.08097997616130684
11548637524673071184,11207,0.01573171368173472,6.311349323492227,0.08132963813479001
11552405372620913338,10371,0.016557143090575,7.415660978825879,0.07563286053323322
11553504254459422121,10067,0.017288311323822386,6.673426518460968,0.08142613686614066
11571816984545894648,11791,0.015331905697342933,6.9094698781119455,0.0769505028978131
11572670600863115697,13425,0.01845334464444629,7.758707785335945,0.07636801243134074
11581068138567154300,11517,0.016753407889045193,6.927347599301788,0.0790092456988038
11582478198298675752,10517,0.01546790830432372,6.45252091947125,0.0800372266221156
11600176979333654446,10784,0.020065483741858552,8.41220125429536,0.07471330339212649
11601957000512782976,10276,0.0157915955340529,7.090699330567115,0.07651086659413858
11608299050657701596,10768,0.019333653318096857,8.333243229022258,0.07409288385221362
11614107899155298114,13881,0.011058510001108114,5.538759788059995,0.07905885118273341
11615201376823447309,14246,0.012412920351416036,6.169632592834189,0.077152975010764
11619938642916764896,14393,0.015128725545130926,6.818502524693789,0.0772132738515404
11627752180538635115,12684,0.016061652344575014,6.064948430766245,0.0833860600394192
11629691750623179449,11669,0.018221452030277963,6.334284244469402,0.0849882758612372
11632937670544476782,10792,0.013640071103753953,6.145213159821309,0.07918133151201005
11634312271242973001,13785,0.01901071558224176,7.734854040596623,0.07736969941591397
11634582446541591908,10884,0.01635516989103627,6.80701286184456,0.07915908814755566
11637105622004322901,13959,0.014234528929428024,6.978367447367488,0.07484014788570274
11640460805944122469,10658,0.022581881258716806,8.568153254943777,0.07757459845600594
11643602964696456109,12068,0.052689648007542896,9.864881298261498,0.11539501768731959
11645281473047100283,14592,0.013477047846538734,6.64700467508461,0.07577080554061938
11646006552664519134,15029,0.011750875744871297,5.233004499688197,0.08204284792538621
11647128252822241648,10611,0.018480297414634646,7.808934985301302,0.076092730350179
11658502524366200640,11780,0.01779949218818868,7.4008052524744645,0.077624177393535
11665656218871886104,13490,0.013035346759890779,6.4506296137156705,0.0763333440058776
11666571392011305230,11793,0.02441552511344721,7.518116323881712,0.08699122277269293
11668752903748464589,14249,0.018609190898328194,7.843520680116177,0.07607171351766796
11670931366702613059,13452,0.040849760120853125,7.878053640478732,0.10982716722185894
11678428998227409859,13669,0.015810760649432452,6.974366786336123,0.07727308719822885
11680154603546817724,14728,0.01928671160120475,6.394626128115557,0.0862353065259146
11681898219320100854,12400,0.019594799480423846,8.44474082813774,0.07378930799096199
11684109039173855986,11179,0.012296509798091989,5.518582843657419,0.08107705035569403
11684612046871312319,10573,0.017110920228216378,6.116534026771051,0.08466383140575102
11686640885935087815,13655,0.029325268370290154,6.818661263093285,0.09889784832598374
11690629139980661585,11965,0.0168557236435342,6.8685254195994165,0.07953614078252193
11691234020563194625,12102,0.014239020409857115,6.980312930239017,0.07483475134985859
11694510429308601791,13408,0.018312743053765304,6.87280132062222,0.08173483438183235
11699222916389807559,14171,0.01797364952885996,8.041968588090715,0.07385060039913459
11700722735109457935,12621,0.01740720549226054,6.971829514467755,0.07972768257643238
11701886517783384050,11691,0.015569854974712301,6.340177315281633,0.08090076607422016
11702250608885316798,14813,0.01633942772489058,7.202258063013319,0.07664482565255056
11707669590884460698,15001,0.02984373010429551,7.447475255895522,0.09572801112057008
11713249458513950943,13274,0.014744990628804664,6.645311858202737,0.0777182853646846
11717348866416549006,10273,0.015697714020036835,7.083091041659176,0.07641539574618324
11721673507299907017,14239,0.015091210162797368,7.345580415823073,0.07383514918218788
11738166115709536802,14751,0.02251735006878608,8.480560452053732,0.07802789804108846
11740868932977132205,11137,0.018254108990489556,6.552803521176418,0.0836613941049186
11741999806586618121,13688,0.023128343579612125,8.382890136256684,0.07957657121498553
11768723398116206450,11270,0.015198093125599905,6.848553128525986,0.07712990274881254
11769572802274175898,14615,0.0188359226058353,6.947512335536649,0.08206329249595469
11775077188627461611,10452,0.017422982446223798,7.831159358355506,0.07433763208933739
11778992609666625113,13244,0.16474875420424123,12.249793336272386,0.2715421292454093
11783959289172761731,12615,0.014643340771402901,6.443352679238597,0.07883544295550622
11784230104465390568,14438,0.019077516195243574,8.219834296709838,0.07441615337357968
11785319066598834594,12643,0.017197197923460486,5.411243089278683,0.08923926110237154
11791455370138796680,11534,0.01381905372842792,6.7974332900637675,0.07534546266505537
11793084019677392528,11321,0.01320333007638827,6.525599086596815,0.07611760258021957
11802405672874426673,14486,0.022768267092954105,6.946146230841582,0.08807865420281688
11803856873655337306,14465,0.015085322621655045,6.433305919865259,0.07957388023253238
11805239622421844431,13743,0.014110702985935248,5.730326997187046,0.08251419600047616
11806347639047894526,13864,0.015114981809559952,6.285991789193977,0.08054732820736951
11815036559423186033,13896,0.0135694026449425,6.687762578037375,0.0756550873671739
11816416876684747533,11405,0.1771749721488225,14.078646903210604,0.27900091874238014
11818607261851136410,10173,0.017269321499854048,7.631483237998437,0.0753609571816096
11820568014953993932,13365,0.015005080665761391,6.752876526181152,0.07743787541494497
11821426927874695864,12449,0.017400920312597566,7.304394803070438,0.07762277645993795
11823235762128166970,13662,0.01557953533647095,7.02794434962751,0.07658232289127198
11825798484974956920,11448,0.017789199946939428,8.457665993399038,0.07094977535909475
11835284057030195285,14854,0.01800197797922974,7.6233992551069925,0.07653104089017021
11835735721250770397,12837,0.017446272735621618,7.8295865361872234,0.0743831180503222
11836378649605743439,14202,0.014400586684353995,7.050149525054848,0.07464154708666874
11840638207228386673,14396,0.019525203129227776,7.374615443236195,0.08042525120209482
11844155915219107579,14352,0.2666250917243089,21.11532527683205,0.37130409466586917
11848429217651380070,13763,0.013592959189185013,5.486000112946545,0.0832626945735221
11861879010611905258,11302,0.01413384437935217,6.372488975700092,0.07850364648300898
11863910053189682402,11807,0.0156809163056642,6.745599650915913,0.07851607874103286
11876355436536209421,14974,0.07482166587590669,10.741120805109029,0.14368154070704942
11883035672636996119,11411,0.01435071515303648,6.465946649286414,0.07824609820076436
11885096013258680971,10684,0.5759724308762868,52.126013081513385,0.6484591367200323
11886768283978311057,14822,0.015632953319834747,7.040670073655881,0.0765837426255541
11887565094651169973,11798,0.014551001434510127,6.562972815589538,0.07794073364187658
11887566986957886963,11888,0.019591900538174053,7.484539257525625,0.07983456552775282
11889173840583751630,14365,0.021396039519362652,8.264795739779776,0.07767447923508043
11889247692014878248,13754,0.016703913030042285,7.383935494255393,0.07605693958297605
11889935236619970730,13766,0.011627667429819924,5.807341808315804,0.07823607035828911
11892381582999115358,10433,0.017579628318050655,6.354518260303593,0.083880391009082
11892402344697432825,12123,0.016771384029385803,7.543264242542346,0.07515616310661849
11917619931921661736,11219,0.014644360146625098,6.602499433866238,0.07783430659846931
11918774301192491462,11237,0.019023143400893953,8.379353608723173,0.07332805681782498
11922570776489635302,13009,0.012611451196145875,5.665487064731712,0.08063257101143802
11923786868835584997,13220,0.017533194993765152,7.858685764236473,0.0743325562367064
11924987665403955081,14251,0.019330661731226953,7.627851614120143,0.07853258679671088
11926004026041015551,11239,0.015285166545592708,6.420654907927165,0.07995885368388267
11929018252700206600,12810,0.016016457774162808,7.734054860940288,0.07280093082672144
11934001632144572465,12882,0.013901595581665687,5.946201052465644,0.08083467916511879
11943687343428579139,14250,0.03680367035522661,7.238992056727987,0.10767302855107835
11950451499659021504,11481,0.02476380935852629,6.716412563111438,0.0925743165754638
11956955980376882613,12312,0.013447607391582584,5.736885356061244,0.08145998037737257
11958348052699865521,14837,0.02650952334271825,6.792939915727876,0.0947587829283066
11960902329421209517,12907,0.016683376726981447,7.374957288336895,0.0760821364515084
11961300717372501632,11595,0.030090850453644145,8.296144453053548,0.09075851015328384
11965881055836024702,14964,0.014393471818022616,5.597373909884251,0.08378379450097226
11967408423818916280,10728,0.3720023228855668,27.95639218883988,0.4891687692179693
11968113509876783743,13105,0.013066649383347426,6.464626812114546,0.07629297113502304
11978238844464353993,14078,0.014465987559522081,7.078338991903238,0.07456384271131022
11980805654435108063,13850,0.04106680679009906,9.021759251131733,0.10295287077444688
11984335519637752968,15050,0.017144730541608016,7.231045484012145,0.07769357264724319
11984910710131165741,10125,0.04500076796114279,7.910820489048908,0.11596149028718516
11985605346497221143,11641,0.2008434467514915,14.734967752582383,0.31102000067658314
11987601066724353065,14691,0.01957988981719095,7.327315007034375,0.08080679972028995
11989496579160265307,13249,0.014190901550045577,6.277661520146708,0.07918825677807201
11990483495869283444,12070,0.016874909614899736,7.58989151003624,0.07502052905161731
11991368080690670089,10327,0.014741680643080674,6.608595805302025,0.07794455631306377
11991878086179887784,13931,0.0202935985756482,7.463292919508995,0.0810402879789282
11992824571169183105,12364,0.0160695441386656,6.959946771018348,0.07775923779862048
12001363185606963701,12089,0.05269723553638916,7.843471859696066,0.12814236273246063
12005375005297184774,13593,0.0142220357696936,6.284923207956841,0.07919006329994055
12007390481234699327,14600,0.015067321507841654,6.794916492093206,0.07726807986738603
12010566203621588762,11057,0.019826045031016593,7.042145692564199,0.08297949815592358
12015636297860594937,14149,0.03557164622369673,8.082654925597764,0.100475639393246
12019726294091079288,13973,0.015185285733630274,6.855506839895947,0.07706652774375039
12023794935268946218,12318,0.014793899350827271,7.218998757279948,0.07417851874275118
12024278556169942172,14809,0.0157559214572158,6.624875569402971,0.07939126498519164
12028647849633757465,12284,0.06409924361189158,8.701257350834926,0.14015479544438758
12029482970114737183,11535,0.02115947850777084,7.167168225961328,0.08422865507020558
12032859555913500690,11418,0.018533603930507892,8.174296511498563,0.07387222154017387
12034137848688026726,14797,0.04804461613972424,7.9980105262637196,0.12006170959168815
12036858884805767411,11689,0.016178935053325398,7.270668085219824,0.07596865631133481
12038502318055242136,11525,0.017173463256703828,7.178915802450749,0.07806590215932914
12038864009973892315,11839,0.016698255752428174,7.512746201321003,0.07523673470929751
12051866009327024796,14470,0.011327676944052328,5.666441417858421,0.07866556086232386
12056250337027641805,14735,0.014487860683559868,7.087756703562267,0.07453791879378065
12058322807558923666,13961,0.01296889740266045,5.8338898596536195,0.0801175685003235
12065307224200681742,12088,0.012872034257232243,5.646964169082557,0.08114732042587336
12066358882446446390,13456,0.01540627862234696,6.38276002997886,0.08038260955610337
12067410223156984189,12900,0.020387007869015622,7.504864064300731,0.08092105679715214
12070440413637303449,14496,0.014097979787492596,6.919115290089468,0.07500487990476974
12071943554205269622,10822,0.043794003987072685,8.149308242710184,0.11261555197031192
12074975999033789776,11414,0.015923893504768832,7.6955468965357925,0.07290215344071649
12076139929863218260,14267,0.01778248643175916,6.687307297428435,0.08209354679680639
12086085725114963561,13601,0.02865762540064437,7.028753800943953,0.09655433299813915
12094125815430393731,12096,0.023727734849489656,7.39711114374522,0.0867029909651131
12096554734677070098,14588,0.018105095793846507,7.81385979156831,0.07548857206840301
12098066466443128327,14925,0.014680767174279501,6.055373992946545,0.08133704647427092
12102081648994360785,13642,0.017224933605950298,7.729265939682446,0.07467708019353986
12103407153354514696,14218,0.01755109162359285,7.750878529175732,0.07503912605740272
12115634904696828981,13240,0.02034254081730195,7.758962275793666,0.07925220348386296
12116053417999214410,14173,0.016628626351873357,7.476297241515404,0.07536001828895303
12123876936915945686,13761,0.018604831589461687,7.022306797350598,0.08123905768098762
12125994145127430852,10050,0.0166237985712811,7.471512097257291,0.07538279221442816
12128346538798647645,11721,0.01367763188953941,6.735396989399453,0.07552029282663608
12134052458103124903,14124,0.018553146729045858,7.26801784994605,0.07961202171760427
12148861939861530038,10051,0.02239860509319084,7.3459894176738425,0.08499480100010035
12151205728053134787,13806,0.015575894553037716,7.017578483351576,0.0766420709502643
12152340302472729531,14595,0.014014297506702689,6.298214047008039,0.07878899986012894
12156434671453168798,13963,0.014155212741124149,6.2638901456966645,0.07922050685213644
12158507500798121785,10116,0.01326611829837465,5.98546760525594,0.07961657541652738
12160307415200815200,11821,0.017193798819244734,7.726763892986901,0.07464528500512613
12161972236621327666,14703,0.018943618719794865,8.16254970489981,0.07457253936502195
12165100614158377600,10558,0.05744805967549612,8.201504953892258,0.13314360199610073
12170530211116892496,14214,0.017486544408527344,7.376716220432298,0.07729791315949246
12172245183449079828,13027,0.015010261115769115,6.771667269124159,0.0773273988635034
12172447253602353168,10196,0.016622262770214224,6.066778942573736,0.08423087348307015
12180924773197150840,11979,0.017013510727456733,7.520404780627128,0.07567004221004527
12182119190304367729,11181,0.013765461509841107,6.202706316556487,0.07901063670977723
12185092063851640574,12416,0.01286131537726649,6.372580191131997,0.07655925187611107
12191762779356502467,13445,0.01746695868685569,7.712406491088936,0.07515300139176023
12191997761163981952,10046,0.017647083786559003,7.81151174923973,0.07480374094389217
12193507545545972463,12453,0.01401273966514507,6.320265069464924,0.0786476892267038
12195864775934143230,11797,0.029905882891057882,6.495735839797197,0.10181932156381694
12198411306532936223,12032,0.013423049058165177,6.623126445647155,0.07583876422620252
12206723251851950582,11865,0.01758046125579087,7.5641367174193626,0.07626054319501749
12211802521763595019,12150,0.015476319238215672,6.672926195743674,0.07866142583950164
12214732538697810481,13401,0.07083826465926352,8.328605240545684,0.15279668849959077
12217667685430751411,13324,0.018029699025398527,7.261169711297206,0.07885558848437393
12225031524398633472,14953,0.015394625789457777,7.473861502020858,0.07349039774868552
12226734778485859939,13821,0.08822222952659411,10.313440207329938,0.1668458101727511
12228979199323393091,11926,0.014237236264218033,6.9795401547215645,0.07483689484316375
12229808483021749584,11241,0.019014675821521256,7.4162719516137905,0.07938295391424696
12232005137293081561,14049,0.01854376018815552,6.538249338776453,0.08419554121347977
12233106610603934093,11258,0.015200613532974267,6.344799023435394,0.08030762176454503
12234213182096617744,10756,0.025332848902543652,9.161728819854595,0.07803698727860056
12238528408110574255,12999,0.017623422648485806,7.896154456610964,0.07423431224917959
12241617358522090166,11724,0.01271956360469944,6.308714737526889,0.07674510251144298
12248833443218008689,11794,0.016858408970418466,6.599290472522699,0.08123653945474156
12252037211961876740,12552,0.013046732151860993,5.825991788754297,0.08028622429562667
12255341451699610369,11537,0.019526212758541994,7.570721622180688,0.07919123957817475
12255674788361253989,12209,0.015420452523360047,5.9878782051573385,0.08289218705849438
12257392174044580439,10348,0.0317953313958428,7.14346490385022,0.10062452783456799
12260397687993970340,10107,0.020199394408712927,7.64475276493067,0.07975311314173034
12263240550343354716,11927,0.017847323867082415,6.684354808193175,0.0822111895634163
12266668880585963057,11074,0.013996328241617697,6.87487152606755,0.07512835949810585
12268596626218850963,12146,0.02808290934112137,7.98579016888774,0.08964669623237845
12274648876800976152,12368,0.016592262161238755,7.321958487534202,0.07627687206919713
12279494541058786884,10591,0.024363299415237637,8.420918593389242,0.08122340142320977
12280429014282329883,10740,0.015250341492265736,6.8729310818900995,0.07705612177308584
12282316470827079107,10669,0.015895415617015997,6.661446996308812,0.07937392997867214
12284445452022232696,11214,0.3605263586876464,28.050517484705843,0.4710459164611399
12287723684089993985,10969,0.11343355823605522,12.237226242981702,0.19323606078892536
12289463432246048653,10602,0.013697644772224963,6.744190035636135,0.07549546300656125
12290461196636858984,12338,0.019250497782669476,6.377413249958143,0.08628843759846928
12294349550837885949,14336,0.013946275518052047,6.853043402969466,0.07518942933867001
12303597951675886586,10207,0.04086344626504142,8.499007556441217,0.1059357945534302
12320931437810572379,11785,0.01656885338332926,7.262991825783002,0.0766126300814732
12321814228913326896,10750,0.019385105990141607,6.4176583581624635,0.08624049339424592
12332118914842327508,12505,0.01837286324652954,7.803163609489603,0.07596498413574795
12333149481733142879,14307,0.014292908060013397,6.44033003861124,0.07831919216031358
12333174351562419995,10638,0.018816521254110586,7.888492572095859,0.07610507343080254
12334863538136367424,13891,0.013108726509701994,5.8786731610293295,0.08004900676850202
12335274108942506957,11182,0.017160104435715008,7.601872831135572,0.0753806837687962
12335819581347629948,11752,0.021873280252414223,7.09392195672013,0.08578048832421441
12338938682852939881,10904,0.01695528057336359,7.145316906408028,0.07794431024427159
12341867952392415675,10282,0.01637036229254276,7.381380135425919,0.07556353234786407
12344441261650944914,10094,0.018055469316953503,7.434608310818825,0.07780221495929379
12346789166635018428,10888,0.020825738453516943,7.762404817107497,0.0799686104694988
12349868569468004647,10063,0.01850940379253637,7.186718090156468,0.08005742698329497
12351674555062256800,12625,0.017504154451998724,7.754042882669528,0.07494749155521241
12352205972314413445,14877,0.01273953933888139,6.31773081905351,0.076718810727179
12352565587114501938,13617,0.01766508276413592,7.423655984904838,0.07727489412255395
12355205837369497489,12294,0.028786775807503634,8.722070830727159,0.08608298284040337
12355260078030059144,14144,0.02701677386676351,9.131551204212963,0.08079935686880038
12359473804111049028,12175,0.16664675498509748,12.263738805083703,0.2743535104641041
12362230210168930956,14419,0.013943165908847921,5.67483916264467,0.08260787630926782
12369342730156196858,11352,0.01828273864714572,7.379760128293526,0.07849494185498684
12370154606156022077,11139,0.017144649493182618,7.16153046684025,0.07813142355783136
12372300110391997271,11582,0.01622447437993058,7.3101235856422795,0.07578963203262007
12377831222908859366,14187,0.018775419893561934,8.38438337954883,0.07291796322376239
12381283639679361156,12373,0.016596719058712378,6.020388745438754,0.08448413315707388
12387629627752503604,12065,0.012426046359115312,6.175612547233866,0.07713534901360611
12390826304421460587,10945,0.15766103184294936,14.168565744520194,0.2486263587244921
12391763839572707964,14064,0.016228886137552356,6.764124625345134,0.07923640101661814
12398062061662002982,12641,0.015843322129758135,7.126593321636796,0.07636373257523922
12398812103473842616,14295,0.01576952649034486,7.114473836313355,0.07632736589476542
12398847010402737963,12462,0.01661822584039159,6.375996416181662,0.08227650297054788
12399759322662373808,10713,0.05443375569494428,8.020782053264453,0.12967780974093954
12403331659515814649,14154,0.014757628794993713,6.650552179495685,0.07770457418630239
12406180062000251045,13188,0.016325542781461574,7.862090439061739,0.07246638632129154
12413593609192125974,13695,0.015999688698340633,6.042363286869092,0.0834337052062892
12414372525775763877,11277,0.02774071886106599,7.900789184288454,0.08965953472251005
12415765434966510981,10242,0.02795348052538341,7.549512183940782,0.09219773072648581
12416464584168073091,11605,0.01514975967037996,7.370404356743629,0.07376818344221306
12420479181336770567,11094,0.01624120605214131,7.2015175250563175,0.07649945529815835
12421850389770706729,12162,0.013922275303979322,5.68336434385707,0.08252225305354108
12427279122900844965,12342,0.020799104796935808,9.167239942078211,0.07107685719206805
12428560608192705722,12771,0.017569123121236423,7.718598955129989,0.07527004491778048
12432302255846711673,13832,0.016458274300624322,7.097600255143194,0.07748575628776674
12438540455064912305,14212,0.014379995197458306,6.4959168972107015,0.07810199866009947
12440108153693915304,10250,0.014853792913591717,7.244570441372983,0.074108894974894
12443842535977700177,10083,0.015872617630769456,7.1523244194074085,0.07624636512678183
12448715276759737825,12405,0.037198959866218594,7.540263653797252,0.10637870163801139
12455170304080875793,11092,0.02691230520460367,6.713737157537171,0.09587305398464595
12457945854859855832,12965,0.01880690986163249,8.134514044357788,0.07454034996472346
12458424272895172167,12054,0.013771957561463443,6.205311624088375,0.07900414502549756
12461529458019455231,13359,0.0245857614524748,8.148390594241253,0.08328026217712119
12461857712804167853,12290,0.07199579589580493,10.350859940472235,0.14182376602626068
12469915480412089668,13366,0.03147050568254347,7.774121985983802,0.09615493567955145
12472955923824300868,13387,0.0186271639661649,7.026713825633603,0.08124540475872274
12478382221079833201,12801,0.015769186917071406,6.528911216368653,0.08001614529206816
12483112546585061234,10320,0.01808129493169836,5.701496374046498,0.08876102001866917
12492649698397078418,14891,0.015249699352823762,6.546436536931793,0.07911219792210568
12494732506210653415,11059,0.012245558444098227,6.093173397292856,0.07737905155243739
12499829849507925766,12799,0.01590397798911509,6.578199481234299,0.07991150461463516
12505206996871748480,12932,0.01660224518206565,7.4710095274189,0.07535303528042053
12506415979733222313,11907,0.014427074103557383,5.931539394567954,0.0817297355578729
12506865973023750366,11089,0.015313304893169809,6.396132608786799,0.08015633681911008
12514795300282439107,10110,0.040861028333433774,7.558386167273454,0.11185842322303936
12516945638353287917,10944,0.017341879923034993,7.345849862083458,0.07727140596138295
12517656043110987703,13958,0.024515044094135394,8.600491179277768,0.08032381015808675
12518689037041401022,11429,0.014956122687825799,6.6212612670891655,0.07819232401077975
12524991221383129688,12055,0.017391732225318125,6.379067654172071,0.08343870320985673
12526005234893910899,11018,0.05674246959056707,8.644014242765067,0.12927779531197894
12527879883329979915,13450,0.01567046168091643,6.754911941754506,0.07844143757468929
12539159271425208232,14566,0.3284299746826055,25.7541488174999,0.4364860034429861
12542964506425049370,14301,0.02136598232802659,6.609053753575621,0.08806045771272879
12567713186034645342,12633,0.015629359135847953,7.572500563217578,0.07322749000753657
12568271804794048238,13707,0.019134398662504156,7.176002016719504,0.08107963819838625
12569661252362803133,14413,0.0148615522252838,6.716801385359347,0.07744592113946264
12571670435946145971,10921,0.014262610899729722,6.440764845558501,0.07827017301737375
12574170464208531458,13043,0.015321551849590427,6.623016584485304,0.07873946694459207
12575190811058895968,12913,0.4441325595206763,35.59849808146304,0.5512009347520795
12580038144076298680,13526,0.017814887928590623,7.706251557054324,0.07572325076941716
12581601954884257865,10688,0.016468566607351156,7.41845297229816,0.075479966969431
12588025918374824870,15053,0.2151739920521803,16.885230429203588,0.31936268129898815
12592133204527752545,14341,0.019006911790679953,7.816780045756015,0.07684771971565042
12592254509216897950,12881,0.017154626461384975,7.550585004524796,0.07569545154548965
12595136254857475022,12254,0.01703440585156429,7.53259745145438,0.075625140928584
12596263632794564869,12196,0.021981909202648045,8.222684412842561,0.07883472944182408
12600548950407997103,11433,0.01687806239898016,7.584279933963471,0.07506070036778167
12601076757389698711,12994,0.018869424624626055,8.41713727460712,0.07285519407991403
12601577813515244611,11274,0.014407200040556883,7.053002130470206,0.0746336765043059
12610209294421366074,14332,0.013899503274877066,5.863296852353332,0.08135381547938011
12617960615977231914,13925,0.01857194417360091,8.288371554187224,0.07321206504828148
12620846011524538237,14634,0.015672675421303774,7.021069166248176,0.07676791333557019
12626321966573930783,12734,0.03681410581721145,7.545667634596478,0.10575678002339303
12629356143339876001,11685,0.017674972482495277,6.797211435448839,0.08123687288019744
12633272910699187172,12819,0.01788898230484385,6.635864703238035,0.08258033253162189
12635400481637717765,11141,0.015974648604602765,5.64623710860171,0.08589122231554228
12640918172216841202,12483,0.018233335432034654,8.095370829719196,0.07391081986785838
12647865396305770482,10781,0.40023826414864166,32.72124733651625,0.5022792254051764
12648103277205169797,10974,0.025271762178425906,8.153880290061986,0.08429355799979378
12649511419624373371,12210,0.01457617492056507,6.573281161423572,0.07791423972893449
12652221068184866816,10469,0.016966777852075766,7.636108126681953,0.0748696753833627
12655854328902278801,14045,0.01570580945124505,6.746999847194087,0.07854528180118486
12663016304627104972,12374,0.0322991574426055,7.93373569877532,0.0964150864725901
12663533440120528928,11539,0.01415622835124641,6.944416006445557,0.07493445057383383
12666638120194978814,10361,0.05774148791392008,8.808579822421015,0.12976698638997752
12668737457771125655,10876,0.019850736692528625,7.846873322557503,0.0779470827027304
12669776384548460377,11635,0.014467375765690309,6.52525792113093,0.07805061350791291
12672963627501528666,13177,0.01443562398870716,5.939370584800555,0.08169345583146152
12675135833052023522,13706,0.017675224017609847,7.234116079065222,0.0784845686347959
12680214850557659754,13178,0.016029952681637594,6.396646328848616,0.08124779759936875
12680918449733360611,12205,0.019047525589810536,8.34934192260673,0.07355438784197782
12683778299052308725,13966,0.015830797680548264,7.656740135215814,0.07300444664137769
12684882293506202801,12399,0.07132015543111951,9.583938107866596,0.1456236479885594
12687015809400704198,13303,0.014458323341877879,6.523850276914714,0.07804565447209134
12687252792100843442,11802,0.01772859417442362,7.41362577020993,0.07743510408837502
12697035818605536669,12260,0.05925178957310237,8.308029352105901,0.13522769473066096
12697879815777120104,13015,0.030101255078064104,7.001711758725412,0.09892989005109885
12698850705849781216,12133,0.015779672679655632,6.618301071875965,0.07946896775384824
12699726706215909460,14621,0.01567201237989272,6.45808799870952,0.08031392569735016
12700715495850628208,13598,0.016047187116006882,7.746821785164139,0.07276743351396661
12705477142440663359,11498,0.016006933506103695,6.65700552475026,0.07957225954060812
12706776771000902225,11097,0.01669767309560788,7.521950838641882,0.07517785148490595
12709283234880059581,10605,0.016776822048542615,7.400651706974557,0.0760629905544413
12710321601197822644,12591,0.014963364737839411,6.449730140137529,0.07928410681082614
12711296563808028273,11085,0.017944623341789336,6.9509584137980704,0.08068009876974887
12712330190630859950,11836,0.020444497955724762,7.412738250443259,0.08158930686954338
12723349542237735117,14966,0.01607552821955507,6.764483674162402,0.0789998807943067
12725258537845735902,12987,0.01716935796216175,7.719934588995872,0.07465097855683382
12727721448925425331,10382,0.3377953488227007,24.05822346478639,0.4614769111185619
12734992666439128781,12784,0.015530325009650903,6.425649277568756,0.08030187268387765
12737837996457816754,11682,0.013239639601294496,6.5417570644784595,0.07607126403014139
12742646713672381815,12559,0.018391101927402165,7.721215932070607,0.07650915003545222
12742887286514369338,12609,0.016345075594275605,7.870153823335332,0.0724454203688418
12743481958728395355,10765,0.0200846634147254,8.517927120196466,0.07407648207916678
12749360704799528923,14351,0.020744385404534854,8.21579326782191,0.07698779805520281
12759746891564748839,13088,0.016190218363938677,6.423757224076483,0.08132179706029719
12761327375335188439,10253,0.013360337413868885,5.88429098929012,0.08039795397299714
12761411511482133922,14546,0.016079772309351148,6.66137840455514,0.07965597159958775
12761912378782068856,13130,0.013324463232288017,5.442657620329712,0.0831256367516671
12764781124185376146,10733,0.01803347661329313,7.426546462869145,0.07781941368738304
12776498699142275906,10181,0.12042886927077312,11.812704700848416,0.2065962431008516
12776570298448889253,14132,0.01665644304158132,7.140525022139941,0.0775180193788535
12779792548794937052,14426,0.0246016377596058,7.757894131257316,0.08576481046866859
12782881095068554788,13474,0.01765157122548613,7.79417468738784,0.07491982661728905
12786036323464179023,12321,0.021045598476714597,6.997521306423009,0.08512354953623674
12786358049164816246,12769,0.02076154136700636,8.16886708382796,0.07730965949958432
12786456244793932536,13432,0.013784870663647841,6.782459793532734,0.07538758669072522
12797265363441618399,13367,0.017645119808036437,7.587601869473689,0.07621147013204176
12798449896195587175,11410,0.016765641683119316,6.465124220727675,0.08194014059252366
12799025069854475639,11037,0.018222502928758287,7.866317950066138,0.0753374052890548
12805663393119134499,14383,0.016421077137455567,7.9014970846145065,0.07236403850849882
12807902947129099861,10486,0.013920306587224918,6.286746097097862,0.07871767942846672
12814688908623679739,10907,0.01773177039924246,7.949143386639773,0.07406596294320617
12819071370723216464,11329,0.01600628144134806,7.097936593645612,0.0767932068007405
12840777439563619387,11294,0.015203139264641157,6.860584507502927,0.0770618079543717
12844638643932504702,14616,0.01581154466498844,7.12571869890853,0.07632070220418562
12847931082208818616,13717,0.25797312219800905,19.447270603010463,0.3685974614550369
12854136845686899056,11232,0.056862106227522455,9.449800701947472,0.12438373960339726
12856050432540769788,12396,0.012919688428757061,5.812306019819677,0.0801783880992617
12862935763008760210,13876,0.023639437100602706,7.918836716727405,0.08328101688177982
12866393557624656992,12894,0.014352653881441205,6.487562539953086,0.07811287018422541
12866731609738333080,11469,0.011051932524544282,5.535624341507201,0.07906855859380328
12872254609253810819,10526,0.18002956448003657,14.743423016397532,0.2791730025793214
12876124344824265606,13221,0.017414819986661476,6.996213867225874,0.0795856819243979
12879674006306029508,11992,0.0774576838457959,9.517280996011422,0.1554188449761899
12881411167585449733,14973,0.16916476766509514,13.437106052368096,0.27080711604913105
12882177992374470220,10171,0.017328104624121328,7.766739848378539,0.07459857465265293
12885861484925944677,13229,0.013831995243824424,6.087607568910154,0.07983744061190026
12888209829222612828,11600,0.029386920456090503,6.356920898649688,0.10190118769936089
12892683946329561566,14611,0.014237937867795428,6.979844047782046,0.07483605190230129
12898787689255695668,12725,0.01747857014176135,6.4185833283967675,0.08332238444007124
12902711276973204447,14670,0.03978009615264258,8.122982359352665,0.10665007172609599
12903904776904815327,10097,0.012730052226914746,6.313449458750387,0.07673129335022942
12906525806345914666,12982,0.01170693797222476,5.844335165238038,0.07812408392658357
12906709106274578529,13904,0.017604170958340676,8.383302312289954,0.07113566234333336
12907659221608592192,10247,0.014296291692293697,7.005100661320843,0.07476606122663708
12911577271634726898,12735,0.020017067932398484,7.601992134836084,0.07974401537294881
12911883921851830346,11067,0.018031224086951597,6.761754926301091,0.08200444748855537
12914918601571893553,14565,0.01672106040132871,7.497074902284529,0.07537030535237109
12921800700939602588,10493,0.03510858287705754,8.462070558655602,0.09737781573039117
12921946750380749234,10305,0.01344593405140527,6.062879073683891,0.0794035227043785
12925200009975935241,12455,0.016074062931832757,7.24091114113082,0.07599594315518306
12925427833995047862,10373,0.0192906132137304,7.033801650591167,0.08221418372786689
12925764437662064933,11336,0.01891146882675953,7.998827797093084,0.07555494852316261
12925841766233058161,12214,0.01646503490364305,6.549036688268324,0.08095227132404721
12931531729903563829,11500,0.01531042476817965,5.801090971420258,0.08390095737503628
12933242268907564218,13380,0.020975595462332606,8.182389959834572,0.0775514325139343
12934067727013473264,14883,0.014338557854703397,5.95646955659247,0.08143745395399311
12935310773081891662,13250,0.02659961930817051,7.498337821399114,0.09045209446830006
12936924706419058807,12316,0.022361880475465307,8.690897477543835,0.07646519999052212
12939065344065552972,13602,0.012938253807467083,6.407133827752866,0.07645907437913058
12942435064069053992,10763,0.023298313341798896,7.8651055027954255,0.08309847171766051
12946349948765103240,11220,0.014696684083887853,6.116370417732347,0.08097705605941806
12947777031923778280,12714,0.024762568728966206,7.9007897375211185,0.08511033234810025
12947900107178351607,13475,0.014024553014908382,6.887167957645536,0.07509400070161266
12950335867831707426,11494,0.013981487646884304,6.868402457814698,0.07514644804974495
12960595893996758801,13625,0.015445692990411604,5.486286244753509,0.08609098908629244
12962793666571931357,12804,0.01819182451279764,7.372270743041277,0.0784032546092405
12965959245055198168,13691,0.018792542149096952,8.282699724628735,0.07358476896142298
12969982112452690315,10202,0.023879226514061172,6.898575344375727,0.09007538971989909
12973349290907477752,14668,0.018329285290401943,6.336602607949452,0.08513838717185576
12974097440367536353,13533,0.014562322221886258,7.119778964160879,0.07444990654769092
12975246899124404440,13584,0.01806421565782107,7.546054663567322,0.07711341492589756
12977357733513214318,14164,0.013334769782724486,6.001689199329547,0.07961923920966349
12980134094131918298,11778,0.01412084661619544,6.929052162392485,0.07497720295909702
12985155749899851818,10504,0.016469904824470562,6.912562250961898,0.07866934176763526
12993292920533226141,13312,0.013915866095803222,6.277786818854161,0.07876734379970979
12997874061833098374,10511,0.02744280566819292,8.09921247591853,0.08795431219033552
12999736516468774362,13934,0.018017665076079735,8.063441763615119,0.07378254494398984
13001171978560634973,12537,0.017090414329706417,7.6522449642874,0.07495686413281519
13002516040266337044,13255,0.015185462889558828,7.385525366814293,0.07372745209126093
13003371079014286074,13945,0.01988672596503901,8.736005128646756,0.07240014176960965
13016593214430246480,11330,0.02031469701180044,8.246226728271823,0.07613969429636354
13022373931801537473,12746,0.017006072635885598,7.635048651806349,0.07493637429998923
13025831127137739136,12393,0.015170994416664769,7.379399189305126,0.07374394870814016
13031357563482565386,11810,0.014219071750995637,6.4122843771697715,0.07838310516293065
13034131866996071252,12989,0.017161143350854537,7.692776164814912,0.07480954036664157
13034401126433444734,14411,0.03155091877671881,7.502906904514843,0.09798654116656556
13037797033625233593,12271,0.02590486228147186,6.1037842096292945,0.09817712743009444
13042497693819345136,10281,0.012727684846869524,6.312380916249892,0.07673440939846252
13047880494787190990,13670,0.013194967700349341,6.521875442035453,0.0761282894148475
13048542285191516478,11531,0.017857909297196717,8.00300871461948,0.07391926837335717
13049238468634624737,14490,0.015611214229622626,7.036868136161717,0.07657448947376247
13060701511877914385,13064,0.024681796979996725,8.466424327979492,0.08142320859163213
13062257751643166118,11558,0.019540732853779476,7.133220419052511,0.08196986644205205
13062854053340159607,13888,0.04369511258580286,7.309809447870669,0.11775369886073163
13064375454048494048,14558,0.015834640533687744,6.82572088136785,0.07824609789689088
13064501094652188449,12995,0.013242069525096958,5.937835041062865,0.07987994609661271
13071131486214857027,10982,0.02375484970142411,6.972313129044393,0.08942082104652042
13072551030069756628,12411,0.036727636952587524,9.036152119172986,0.09623399890866072
13075278240245618840,10584,0.01741936103993738,7.003243366159773,0.07954832960931486
13076219638888640304,11225,0.0172435514439576,7.300199707787573,0.07740882249026211
13083917815242507883,13402,0.01720059999549529,7.726459203953314,0.07465759364499333
13084228077209856776,11912,0.017912698861918583,7.355641362385004,0.0780816554893022
13085088377068345876,15068,0.06063975428602853,7.438516175757947,0.14282615516325012
13094424033964008359,13930,0.019385953970653545,8.616903757367174,0.07238559023074745
13099946393948353231,13519,0.07435198193051944,9.18518236998854,0.15276717271599546
13103700847746639563,10703,0.010013435708083317,4.329033052946669,0.0850842763808823
13104406132003220308,10176,0.01941960481226898,6.707878019077099,0.08446468165525553
13111021966844993412,12647,0.016980487495963474,7.315924120795848,0.07690791511158092
13118091740793582504,13972,0.017967930554940385,6.584697508916237,0.08302330344418721
13127043188298413976,13613,0.0229887093517969,7.431691448381716,0.08535624011946552
13128453214785544423,14229,0.012912824494427084,6.395721857306228,0.07649213082297057
13140483768502857023,12345,0.03718873923918819,7.477709632305982,0.10675720680093227
13148765655572477543,15026,0.01839221938222142,6.599210172833475,0.08357997918261023
13156799152727498618,13581,0.06113611873539895,8.63863314154629,0.13602310764981845
13161648015253349411,14024,0.017249390111099258,7.451603019522495,0.07646383476608198
13162901716831401020,11596,0.0149484248321709,7.284899613309547,0.07399935635060624
13163163825271367872,12515,0.014662161990546131,6.620480242552049,0.07774821247881464
13165487844875204832,14879,0.01743467496224472,7.705310837523735,0.07514839288463138
13169848011745519814,12499,0.01637537963941131,6.888452872225938,0.07867685170833563
13171693955154558337,11374,0.02149308755226331,8.318239519502939,0.07748600357711527
13173769348943650973,11012,0.025857225514320653,7.676819684130622,0.08819355632835237
13178795619526596486,13873,0.01614118464414139,6.120893318112502,0.08315507059903839
13178825141077101091,12997,0.019215183361876376,7.417913748455741,0.07967889017097553
13181619919777013164,12401,0.015277832054816703,6.893208509905147,0.07697035771730325
13184834231233039940,12098,0.017283122067707678,7.495170925964056,0.07624086449514238
13185134055361822661,13442,0.01585178284912966,7.149264736015336,0.0762338168066728
13187337092659801644,11058,0.015154182031733368,6.84471285366564,0.07708702284834293
13189729827795233532,11619,0.020929168780149523,8.33153438474995,0.07654084012537972
13190443409980680832,14273,0.015270948739472236,6.891482438835724,0.07697071827605413
13193825672737032973,12105,0.018123186551888566,5.894000575089564,0.08761215068008943
13195541069594626310,13620,0.018738769401106154,7.32147945181688,0.0795587337512927
13195681358256301777,11667,0.019228700055167997,6.337742734498951,0.08650508245206923
13198894860207724544,11292,0.013499975823390607,5.458826609921046,0.0832918649918011
13205931693505095059,14978,0.0147305610779848,6.645005003406621,0.07769817718265362
13207380476048521030,14513,0.015194217032004343,6.492229009697221,0.07936897818601822
13209759273662261702,14519,0.09820647954182946,8.765073056896064,0.19185238566240836
13210072841002320346,13108,0.02253721504099712,6.809980909775929,0.08858361690260945
13218222145655490720,12755,0.01821737408245007,7.100707455143171,0.08015324854026978
13220506488864406123,13204,0.016979800141543214,7.51765441414508,0.07563587694605128
13222353887974832585,10816,0.013213159611963612,6.529974918319511,0.07610504780694702
13227015078235419692,14934,0.014263303433212577,6.990827293830083,0.07480559923175663
13229318705529563688,10518,0.014902466783699195,6.730162656268855,0.07742423735849897
13242761891830624757,13427,0.013181488827233509,5.937105357926621,0.07979200488367956
13246158625523393978,10790,0.013864468457562507,6.25076032655925,0.07885911122671123
13246643001820705223,13039,0.02106314530003303,8.112037831047946,0.07812841596275077
13261131395600859625,13621,0.03929471946029561,7.26437454688552,0.1113182477450937
13264288201367973502,14003,0.012268314178604614,6.103592652727013,0.07734816568495916
13270557039768067236,10998,0.01755356217218086,6.381706632349845,0.08366927579989988
13270872193135646525,11125,0.01267452042572629,6.288364835051393,0.07680451112667558
13271779211795749559,14763,0.01773733802651293,7.433298840323932,0.07732451167952782
13275762382167583142,11306,0.025998350749259012,7.30027132663324,0.0907815463876229
13282527566824847085,10197,0.019393440226698887,6.023742816564775,0.08873506266018395
13286655269248388729,13315,0.03596184517479478,7.336766527101019,0.10577109800373852
13288712198346838397,14543,0.020868467196223706,8.412424746344964,0.07593847262574402
13288929741739737693,13156,0.022643000816097984,6.229622590556239,0.09240171607807415
13294756664149163975,12207,0.016577312147020337,7.3342139754683595,0.0761768206665327
13297420921829917881,10647,0.015216861813850877,6.863407309082629,0.0770649846193873
13300804795308217643,11275,0.018407936385253176,7.386827080436317,0.07864165967535108
13300807647329920077,10751,0.021554285211629214,7.342603003567912,0.0837264171177954
13301072906289225406,13928,0.013134258277754305,5.914418983638956,0.0798627930200077
13318830103836602010,11672,0.014621485164432962,6.605999661401855,0.07777731154109459
13320174753327548129,10941,0.018800384864915438,7.659110065445088,0.07752563382631013
13331990860836959162,14906,0.023219420575575224,6.967156707502084,0.08863542734047777
13342760551040273254,11088,0.021554900031929895,7.4841336916053045,0.08283565164175827
13350029301002277706,12933,0.013237455456917149,6.540785570262639,0.07607404852922112
13354895818445227715,11852,0.015543887504018482,6.856495978096177,0.0776080689270571
13355069675739262009,12447,0.021349818970149204,7.442048135404322,0.08278754241609117
13356919237752737400,11132,0.015035286130798324,7.321838029181193,0.07389931114148841
13358354269311583884,11610,0.017981869544876086,7.520704087700295,0.07714734878364149
13370655984199447663,11145,0.014170978706700758,6.401611908083934,0.07837688301102169
13371274789687657684,11822,0.023327479455249975,7.052977215128853,0.08825978361896686
13374153406501368490,12744,0.021921405102721385,9.243461120522186,0.07231097257302527
13380123065242847058,14598,0.016062056901440108,7.239878333265326,0.07598411078001716
13385252033500075948,14087,0.01931652948305505,7.1182821475739235,0.08172150775989034
13391070466753277052,14849,0.02037873071477361,8.155300895053458,0.07681037950870652
13396111118424228529,12613,0.014854348792229778,6.686778531935199,0.07762407469414148
13398788178264613877,13705,0.01538660745342615,6.951095234105129,0.07677180342969263
13406442845389251695,13596,0.015607485327641259,6.4866718120849605,0.0800352686060307
13416423896895314197,12522,0.03363771247257808,7.6953589400265585,0.09996163961090287
13425220312654465425,11938,0.01730779531280563,7.024253915252458,0.0792455346092866
13426090724176286655,11735,0.02042492784402735,7.412899134484514,0.08155839939482498
13426412233055470212,10901,0.10530904100424834,9.540019879179969,0.19781922552034403
13428003009262840395,14031,0.01613127602546746,6.141320958023736,0.08301123195759513
13428590110459746819,11001,0.013417104970064906,5.405210316213519,0.0835030835593266
13428968858967664181,11147,0.012410187978602862,5.551624843525232,0.0810425177133532
13429552452432547838,14048,0.036000046848630174,7.573270955041566,0.10433937169443104
13431511502295792374,10297,0.01435900235731076,6.145154123498215,0.08027988895563892
13433066931476510497,11475,0.01623865003315989,7.30803108058855,0.07582446938590535
13435942858474818307,14914,0.018217473164416815,7.067550602447233,0.08036230242217124
13438159636136105303,12029,0.05192658601126558,9.120039436931169,0.11892224768985867
13440861560388400286,12497,0.013023660677873253,6.445400886536827,0.07634843646872844
13442439045046192138,11554,0.013711818332424224,6.180598334692445,0.0790679852736199
13445528822745958902,14542,0.012823620865367842,6.355623048103305,0.07660850991041605
13445781161067090326,13616,0.01829779140769444,6.754880860035983,0.08245494533938844
13449803944585798960,13165,0.014899610348149357,6.723446820111713,0.07746218675799908
13449919449934280052,14617,0.044358893323280135,9.058528423874288,0.10774995366327442
13452538408362842453,10917,0.015420658511904807,7.484826554241912,0.07346107880619665
13454687947435055473,14405,0.05357464262095428,8.792773801003356,0.12350161066263744
13455388929222727982,12691,0.018395347434460602,7.801453925429319,0.07601010104575288
13455607182680392644,14030,0.017097051401045577,7.003347090690086,0.0790553400569868
13463098377797939043,14020,0.015357963066196129,6.918142325471832,0.07693566600684461
13466569031475737615,14997,0.017177147530889357,6.3132021579864075,0.08352590086801977
13466829271373235000,14198,0.020681540838172602,8.746345937731698,0.07354908981190462
13467901808837351106,11629,0.0176881649145851,6.76577173772693,0.08145510836221138
13473989961027343319,10503,0.034236335318101545,8.627783561658392,0.09500137205947022
13475826886972955304,11911,0.016229031696961205,7.196738946438044,0.07651096578064463
13480506787523739303,13251,0.015399399396630448,6.825434639230752,0.0775830596126154
13480903408631368162,11620,0.019788991389071024,8.802701143024098,0.07183063598228719
13483214502082851398,13495,0.017230853084618393,7.4523549728591885,0.0764307813623521
13488674349832275482,12183,0.015823837831270973,6.973002928104971,0.07730165581841482
13500177728678236893,12710,0.03577237507926556,7.228037808008563,0.10616671570822596
13502224154750035814,11767,0.015045257743458534,6.782332386423791,0.07731366223059803
13503783219198196190,13762,0.0294063494771184,6.417237724788545,0.10155084388843152
13504622760934960830,10745,0.019429175124642522,8.397863078715416,0.07383166276428196
13505687266995603301,12884,0.019666728423003536,7.212075046091251,0.08166550952741929
13506703167372650869,10113,0.02000876770309696,7.382935920389005,0.0811114855858383
13511038892622561131,11290,0.013698520347635728,6.156955680081088,0.07919663123225064
13513255887586736830,10620,0.20418165906262808,16.671678188110658,0.30391708905463954
13518165524088153695,14213,0.025025250441750566,8.809399710662259,0.07978694890492337
13521343787087213098,14050,0.01855936978229837,7.672631871389036,0.07707228401993672
13523252725312912784,11206,0.016790182827129043,7.445489748056758,0.0758009004007409
13524328209326830501,14196,0.011094549454131998,5.555926419001498,0.07900574513998382
13527201721458606896,13550,0.019369768261838283,8.323778627599015,0.07420768142090756
13528338545138208603,12454,0.020665021093934977,7.7415502583016105,0.07985450343123215
13542643788836391061,13158,0.021389059156516878,7.059523160826129,0.08525755578883151
13550736161009734000,13992,0.019948908453433816,7.465296887786426,0.08050113931942549
13558377332622892022,13895,0.01634424930220004,5.837121346427661,0.08525314326719184
13559874072625396330,10521,0.018340237044076776,7.282447994631063,0.07919588068233835
13565706923419146991,11805,0.13704639364359084,13.240972040755173,0.22298122482013022
13567493576882662587,10542,0.015130323590046985,6.786867311100372,0.07741503045153071
13568448001931871060,13577,0.01674262348564195,7.242580926411573,0.07700666576901799
13569500602068527822,11897,0.03501636298478723,8.709834903635786,0.09567592485972695
13572841074052646050,13161,0.014519447806036513,5.947013382482494,0.08177334587569843
13574687180973902808,12835,0.017466787239662832,6.12651782014767,0.08514452495324523
13577856503309051751,13719,0.01447956203886314,6.5377190170224635,0.07799071804445515
13583876004126876131,12667,0.014923663898216656,6.73947122149228,0.07739796848931627
13584501079170078241,11924,0.01755942723536198,7.826085426783041,0.07457802288717572
13585284165890394536,14711,0.014900287908724483,6.588685193472487,0.07831227835979379
13586462178007469332,15030,0.015663830615605546,7.072174897049917,0.07643241443625323
13591214989149827631,11451,0.014418555263059078,6.497382402190124,0.07815166680964968
13595623142220395328,14348,0.015283038273175993,5.867701390221043,0.08343944933184877
13597327150338555439,13218,0.014665236910983804,6.629686339246019,0.07769490710057451
13603961746410535892,15031,0.015433081672664167,6.958435297637586,0.07679654838399856
13607883617582292560,11281,0.01727448956568538,7.290399628897961,0.0775178259870498
13608559236319395931,11121,0.014020901712149123,6.320718956543671,0.07865729727268264
13609275168971820454,11609,0.01844494716786452,5.936616290310503,0.08783515061459087
13612022029905102507,12503,0.014924034316723987,6.7132018944251755,0.07756404245023175
13616224495492190417,11399,0.019449056614087183,7.5506758355994155,0.07919967877280093
13620065111318804262,11006,0.018577498375892204,7.886210845126364,0.0757543358681518
13622847441322012874,14905,0.01909569160970047,8.520882335896623,0.07254718374797238
13625851569699009367,15055,0.01263282067424689,6.269501134854492,0.07685966319310521
13639702787216279978,11957,0.014748419413407397,6.080667151654994,0.0812810291093559
13640165311914812557,10393,0.016746987720389454,7.0192995442075,0.0784201016545398
13640849044398204667,14864,0.01427246573281801,6.315669127249667,0.07907338372405737
13646282704667922177,14110,0.013641507474609557,5.785010626340438,0.08145295756366072
13646662854504017234,11278,0.018558347988675686,8.001323167066344,0.07499982569059252
13648459019377000054,13164,0.015722991684987857,6.554717501099766,0.07978299014838211
13657135026105481913,11324,0.015747979473449733,6.612827439910881,0.07945504183981376
13662104253319239991,12106,0.1016539078532595,10.85084801525152,0.18397713316387845
13666452795150416435,14455,0.017312666237083094,7.773104885674902,0.07453488963836248
13685017038152290930,10354,0.015455254238000033,6.9644766557795545,0.07679235435995392
13688491515634392728,11305,0.021480931295523857,8.219530943572535,0.07808934136815257
13694307731612396061,14754,0.023682768261674154,6.677757737956101,0.09116654137399387
13695160149125010345,13370,0.013328242064174621,5.863656774264942,0.08047893201381415
13695471012699601512,14468,0.01815899799039857,7.682053050622874,0.07640134857461608
13704449819058191047,10394,0.022829668460998653,7.260731050039909,0.0861904257268873
13712935695850420563,11801,0.05404828843197237,7.665478652121561,0.13132756414979269
13713144992326511849,13237,0.28091355593948386,20.769780005422398,0.3953071663459218
13722365851804316726,12732,0.01676842558958065,7.092755524344488,0.0779900440489167
13722791203185872796,13344,0.027658580183524413,7.07660426440944,0.09472678777339265
13729900999754760546,10238,0.01871896806040612,7.319156734871977,0.07954312083030654
13729924357500549488,10680,0.018473161053275015,6.933082540643518,0.08160007909934507
13735085085353717196,10718,0.029082824171467042,7.518026899971766,0.09412120234533207
13749954549528109430,13893,0.02058765808522932,7.252980899799577,0.08281452804912055
13750732450610033593,13644,0.019116854528703427,8.112360664594547,0.07515337409036148
13759897783329581684,15049,0.018431042385604526,6.941800260139469,0.08148081637164335
13762139308678265454,11815,0.018268360355886786,7.883268384041976,0.07530065858207162
13762678625943076989,13439,0.01267776458313822,5.69293128961563,0.08056095586786624
13763204692759264340,13816,0.016629406684061335,5.845614468466764,0.08563521796019698
13764450237614791052,14478,0.021422943749131125,7.4427350393573,0.08289491455437244
13765823479329975769,11163,0.015736679014942922,5.923134299787734,0.08378314558498193
13775014104460075619,11566,0.018411830604784137,7.087559923469645,0.0805331208901581
13780121957547394269,10923,0.024308449285607665,7.96151757155413,0.08403404187415896
13780809946587876138,12986,0.019477552023914865,6.65194573093326,0.08490559511056708
13781125722328955182,11211,0.016858558931417363,7.429422475298076,0.07600657738880258
13785022914551447579,12180,0.01864262664674691,7.82626371214099,0.07623151383246271
13785124454791566830,13795,0.015455985300817167,6.970759110434626,0.07675388889154705
13785943172735340103,14979,0.016239412728943536,6.446570430221117,0.0812532096057234
13786768621405206847,12824,0.011883005589283197,5.926154252373701,0.07787753593616584
13794455414824690848,10999,0.0159387383097855,7.182036707361393,0.07616016583734626
13795123594043252043,12795,0.017156211275756027,8.202186963825934,0.07159249784655365
13797712968017118010,12043,0.017654912679567612,7.109723278517571,0.07923727107350817
13804448530414246664,13129,0.015885767873735343,7.149146772668806,0.07628647300279037
13805746955374020905,11576,0.04023428723824011,6.93823319890011,0.1148082927884565
13811379014650367782,14091,0.015041018276907028,6.790678161006575,0.07725460434499934
13813733656605586318,14123,0.041801965739618696,9.163988261398485,0.10317974011362105
13815467935847820258,13652,0.028402358804782424,7.42915454803636,0.09364170876781588
13821317887430357585,13271,0.01535714986247148,6.918238568169551,0.07693381744711866
13837763219225351956,12387,0.02484291983092514,6.925083279245366,0.09138044391891115
13846657791191709727,14743,0.01494354805137962,6.73699375451644,0.07744395114600072
13847682995460265810,14118,0.020891587537133587,9.236627057450699,0.0707809580157923
13851463642782130864,14697,0.01617032767477984,6.482510811968257,0.08092124048560688
13858413479551886577,11698,0.016050814681249,7.105451370078914,0.07681388609357317
13860826941385443595,12970,0.017142258176433674,7.703846124707179,0.07471094724834404
13870408039098343602,11742,0.014645830396796006,6.575795072517131,0.07800480148417008
13871903501005900637,12996,0.044830388471396934,8.014294276788126,0.11504930167522513
13875952370851900757,11095,0.01873870650632784,7.951828685461851,0.07558716451124681
13887011911890039134,13932,0.012369342913578649,5.554151772915561,0.08096420510438317
13889313658263472623,13017,0.021506673327829264,7.945972638518794,0.07985219876279515
13895698646275557872,11648,0.01960438497102282,6.612879059579947,0.08534547256142037
13899186276034458516,11327,0.03261465729542695,6.777137499759546,0.1041840899557543
13904448594155819441,10500,0.019992978727542708,7.893311760579664,0.07787177870111056
13907851425567978694,10112,0.028166264856712465,6.948408736742319,0.09630997616611076
13916492518741287609,14292,0.01386999411922658,6.265817025207137,0.07877268809093503
13920814255025612983,14400,0.01342121432029622,6.035433268333192,0.07953868315629072
13925586806040865264,12241,0.06450574539233633,9.569820676558317,0.1353034119776222
13930035044179965887,12980,0.029846569096383162,6.645647391792352,0.10078421055545132
13932094639803108449,14035,0.015332288462593806,6.584384629984247,0.07899926543403314
13932657842567870036,12736,0.037986356346331435,7.717980310103803,0.10646177757378966
13940448827601298245,11946,0.034773029001203354,7.3276930799507936,0.104012318181574
13942280139649109646,13668,0.05693506476077899,8.08917632005954,0.13306770846132898
13943383491627894680,10971,0.012796754774910993,5.684266279080957,0.08079730968393341
13943745513815094601,11530,0.011853819044847579,5.912623875462062,0.077918199993161
13954930950487870870,13008,0.025684983304808343,6.978052522920004,0.0923329877821375
13955075083049074229,10827,0.013158308130640704,6.505541126769993,0.07617520426461326
13956620177927137155,12428,0.01843241011929283,7.512257960835675,0.07788877504809363
13957219942151347937,12577,0.016923423969179854,7.279926746966596,0.07704754819079955
13967063495422097432,12782,0.02034472025054262,7.506355243843882,0.08084706632427764
13969982639490364656,13600,0.022977133690120714,7.787844256306667,0.08309464107211281
13971040929761069885,11452,0.015483729094993487,6.992265279486987,0.07666077005272792
13971667396528091971,13429,0.01577482519326051,6.638660074729799,0.07933329256186046
13973391549156705715,11842,0.014905575269400433,7.26664966459554,0.07404888515135295
13975986078307826229,12723,0.020131977073306648,7.729545246768006,0.07911590211609432
13979933117458140802,12216,0.015422229373915856,6.440418019507938,0.08004370442363577
13981270532207756171,11621,0.014235482150401046,6.429126647273277,0.07830205886309406
13986134889998698720,14876,0.01780914324184107,7.468392272068476,0.07721309212525641
13986749467825876637,14432,0.01427150217042299,6.43612102946579,0.07831301270851343
13987492262444991276,14109,0.09506783683210505,9.100116275756866,0.18494711296215172
13988016031116844534,12101,0.027037620539721263,6.592931284587949,0.09682560561525656
13988649020785127583,13358,0.018213078795643746,7.111082889475909,0.08008131765239462
13994711076020870110,12594,0.020745974064342577,7.831896279817571,0.07940894205724888
14007748028511815683,13538,0.011800263212631256,5.269590702460195,0.08188777959647618
14009315741254787282,10415,0.030194343454931834,7.54195031161176,0.09566834802501491
14010038417525553587,13900,0.016089255157485983,7.256684804629949,0.07591976874884633
14014231186827435225,13062,0.01494506664538107,5.791950714750609,0.08340045127075195
14014287819323583043,14755,0.015181395601374128,6.819963079800021,0.07728452655140447
14014853297273946164,13681,0.028842790872807906,8.180035999157178,0.08958360144105972
14017807807377089725,11038,0.017661451935977884,7.912607342705566,0.07418874263004596
14026460141016136411,11432,0.020232561633795207,7.671010773982162,0.07963834007945833
14026566259032799201,13546,0.01915760597803763,7.443943572890318,0.07942694010857235
14029085313761641174,13509,0.017517769668520408,7.858505445538728,0.07431012975209024
14032682960419703381,10175,0.030345820289222045,7.039425099857521,0.09906585915195308
14034132315226995857,14625,0.020394706915474813,6.623615556143516,0.08648506454018602
14036799997286837797,12541,0.016668800474601068,7.202065975386097,0.07714916100926794
14037597977652278015,11771,0.015254144937104502,6.739152581566863,0.07790479411978611
14041052973228590428,12975,0.016839024165552777,7.579323475346014,0.07503229632470367
14042570196777659485,12215,0.03311181706419475,8.57822700941717,0.09359587001410423
14042664918847598279,14577,0.014965075725087838,5.9814941055045665,0.08223681019082832
14042870737672577398,13375,0.014010941240224582,6.881238958160214,0.07511056363951162
14044651623208251134,12868,0.020566014233084687,7.915527107439885,0.07860713847619526
14044816966459184350,11508,0.3813030901536828,30.920854009826968,0.4846985307414552
14045545175048308591,11107,0.09789812359363342,10.217013723448142,0.18223350921857545
14055039163864508946,14192,0.13144856429072002,12.425496432470581,0.21956824983674508
14055778734490293684,14690,0.01586732981721241,7.111356112610364,0.07649640593476224
14058222477250614444,10892,0.023947352495685352,6.7715690621299185,0.09097964844510772
14059420070525113724,12243,0.014910485159165609,7.268741761349862,0.07404320401528726
14060549562170400064,12482,0.018238791952948065,7.0980817090632025,0.08020250821115564
14064978411787917906,12869,0.023637464739634698,7.920659297632636,0.08326652100198523
14077879021173067420,10800,0.01938811016838552,6.7159492204458315,0.08436572073407404
14087902483144768843,13410,0.01646581136727461,6.909564309307605,0.0786819772400685
14088434976183297641,13585,0.01948451801546209,8.175137737645208,0.07531946652331717
14092906448053238219,13915,0.022339462817275176,8.528696934581031,0.07745289012365165
14094478125190745916,12141,0.014029853357110019,6.889476110712743,0.07508755474307727
14096833036676444775,10902,0.015564691795473533,6.561081681871899,0.07950108600880183
14110347347878014754,11950,0.01987312986585032,6.711718530611564,0.0851332556432803
14114800650740545318,14554,0.01383351563325774,6.803764100965852,0.07532766673629457
14122826183348598030,10976,0.017559976445868132,6.76880209144695,0.08124020472603773
14123233913673547447,11681,0.01717896933795053,7.539727561094339,0.0758010424947071
14123235451818593357,10405,0.13181643665472717,11.10917713792761,0.22842356571657796
14126534243910461290,13826,0.01474869923569688,6.658405082214341,0.07764145737281175
14129908358816666657,14529,0.01671700778328063,7.5216592012620715,0.07520922314619272
14135807702706713178,14176,0.0409279972536047,9.629294134887179,0.09891310285032406
14138559538633415561,10513,0.01588270915931407,6.606983124922288,0.0796976665236244
14142518920146047306,12091,0.021180087624706554,6.127745614039986,0.09080894862564316
14150793801747790562,11413,0.1510940852401204,13.504476841480372,0.24277923107229502
14159612005913688652,15057,0.015504099710187753,6.987050748873845,0.07672474047864036
14160135570798340239,11546,0.013882105882009905,6.2697408248897535,0.07876646747448207
14162736247770167148,11013,0.016923628569657068,6.762233835525009,0.0803095502702151
14163629903975863564,11913,0.016591249188187128,7.168604825357603,0.07724151921436745
14163784910922838846,13575,0.01645651205573977,7.916093711210688,0.07232620116420461
14167057178601803504,11204,0.017733023751872412,7.835739314935723,0.07478237223605423
14179923347915626818,13467,0.013970845337097982,6.863761905645102,0.07515942914352322
14182277257645338273,14774,0.013750884806422715,6.189257218245554,0.07907310557431839
14185133138028694434,13382,0.0151951606275284,7.389630396042557,0.07371640216684122
14185525940740431086,11119,0.014089016679820628,6.358337862610417,0.07852432919075071
14186301273511041187,10476,0.028182554388649313,7.781735644446191,0.09108453841414092
14200962824584542812,14865,0.016896828859688476,6.296695430130721,0.08320170661390823
14204019428789232069,11203,0.016743764503582607,6.066170113212045,0.08442030631140426
14207809776448841626,10248,0.02089927163529441,7.869962076615662,0.07940327692934039
14209798580661358068,13565,0.015691977855073876,6.956297946479896,0.07720548502239391
14213901938800972045,12058,0.02885583138481631,7.442236075711234,0.09425198019735405
14215847506394917823,10117,0.014730935736082546,7.192076756633906,0.07425196050843123
14216432630884096186,14215,0.016107887787448205,6.578578575313949,0.08022059347986524
14216491673369487019,13491,0.021169937027191263,7.177867825523254,0.08417721860938834
14222172956342146202,12867,0.025594022772105825,7.670992742806509,0.0878282198038843
14225276702482727690,10576,0.019185764951427535,8.430389403022433,0.07325491770079864
14234940352855357540,14456,0.01582367322861579,6.935697842922622,0.07753644257665582
14235907696851131833,13726,0.018572375485757735,8.769670682142829,0.07018033093889509
14239061493954735338,10550,0.023433625471210265,7.716359185689034,0.08424233060061276
14243854687986535495,11980,0.019176679445991232,7.547439413729789,0.07880400668862715
14246449396574868324,13441,0.013202637920433257,5.905302564056336,0.08002468202773093
14250776622490531881,14021,0.16772528856570906,15.093005162087131,0.2581753941493818
14270162517903635023,13192,0.015287309618227406,6.413483790117846,0.08000730842888844
14275322343255354081,14940,0.019405833056708385,8.536614120413855,0.07292181551743127
14276336723148787404,10633,0.020056212106228783,7.381491890296206,0.08119305611442931
14280676428364748514,10557,0.018182296367808087,6.599261237258406,0.0832589947943946
14281549049170673502,10727,0.012215198663158986,6.0792609144016385,0.07742033089445538
14281889793756959576,11079,0.012349415259162458,6.140666864759726,0.0772384660238992
14284606396431909612,10252,0.014919807779757448,6.576645932723909,0.07841794800824112
14292712638964657732,11746,0.01892680105419402,7.040644769708686,0.08161533693155301
14298392275547357712,10562,0.012832940773959276,6.359817412280784,0.0765963199932921
14309793266193938561,10231,0.015283321103777212,6.901278210318196,0.0769278997695486
14311010996422799045,12875,0.01735358001796671,7.601537543032031,0.07567833502486943
14311556615042442300,14285,0.01836628776003451,8.22246286904624,0.07331317298811639
14313255996048131800,10135,0.017316156750355357,7.620162627319781,0.07550382394939534
14318333187773973537,13201,0.01586331333359308,7.15278756818403,0.07622923454202378
14326511980478839220,12282,0.0305317823756059,7.27332180443997,0.09787627035871706
14330607609717630148,12692,0.01493570150620291,7.279482582078876,0.07401405079443209
14336132636331123767,14158,0.017989013040510263,7.0287418616250505,0.0802578357377547
14336263967462677101,13047,0.014737417075773536,6.030288617097756,0.0815816293490549
14336342989423802459,14772,0.01510416218826607,6.476836569522191,0.07932839619689912
14338732358340978980,14427,0.017159832628837905,8.203657372188918,0.07158876534455325
14338790970220373606,12586,0.01662196457438958,7.160211266800987,0.07734132078982313
14338901889354191195,12193,0.014490952363953492,6.233291837960848,0.07992614012210508
14339399221013085892,11000,0.016801892188653963,6.318401885973223,0.08291992839948888
14346471990159839874,11123,0.01694288047257446,6.515854631656635,0.0818912537214022
14346575001903494917,10930,0.037518420943820185,8.09222348856771,0.1033891004276655
14350248411855015405,11876,0.01662978650994811,7.482965775113861,0.07531977580974686
14351934575076034398,10443,0.017825808734841415,7.8740696531769965,0.07468260588932642
14359453067370994622,10467,0.02181421233286608,7.703999341612077,0.0818465088581375
14360709119122681043,12561,0.017722331908137552,6.844829606007633,0.0810092004913424
14365213667261295464,11958,0.02572073803114204,6.84923424128963,0.09319921498530404
14367349542534874215,11838,0.0154880388543991,6.065674170549387,0.08250527859704417
14372163311168074203,11257,0.01598145183594768,7.198618195469651,0.07612094126167585
14373807545407119726,13396,0.024158253601139712,7.300135148140368,0.08797160990802838
14374968646843759865,10498,0.01818495295264792,7.087413294609003,0.08018748342165553
14385449254399896928,13118,0.017618924450839058,6.109692828849505,0.08548292308410614
14394372526857108592,10676,0.015794177118411388,6.834846285261499,0.07812679502039524
14398472369252303932,14963,0.019193111858338125,8.549957728363836,0.07251280805215742
14406788697153091567,11110,0.014076273390334315,6.909677303627215,0.07503118624182302
14414707502567174285,14290,0.060188645232976144,8.442490063440115,0.13581160449225932
14415182232729812702,12275,0.01836312785213184,7.951721563474772,0.07501413362875366
14415705559419405382,12177,0.01329836278223418,5.977872880854436,0.07971367972579706
14421333832117563040,11135,0.01813839706290212,7.605489754145868,0.07685226206830578
14427321375274537972,12904,0.01711905920591302,6.590753235767022,0.08168847750410023
14449143874821433598,11880,0.016241458494100882,6.172035772586219,0.08298602180313401
14455879367437544992,10102,0.01744422215527576,7.151548145837319,0.0786519212448969
14459947047514603854,13069,0.020020237710745147,7.968575605034758,0.0774392226647163
14465198708342408441,13355,0.012762498033169714,6.328086699149433,0.07668863417792682
14465685958850167146,13700,0.012769119391350628,6.331072065335166,0.0766799393684357
14469893343419073381,11594,0.022971842725792398,6.978307318280582,0.08818699229942205
14470825068603841760,10679,0.01708467933974746,8.173120994627398,0.07166635921738478
14472487191325859562,11845,0.023019112382518137,7.3538043933044985,0.08589340368876709
14473347996338813512,12213,0.01286906856959981,5.78332352743635,0.08028366725095701
14475901289162056509,11611,0.012925050836806177,5.81418855470574,0.08017471852673225
14479211919569787448,14745,0.018167354384077135,7.022961140917023,0.08056667764907359
14480257969480594270,11598,0.01693356304907867,7.2875886468308995,0.07701476260179235
14482855025978716784,14832,0.017788246700505533,6.629386360226761,0.08246727274058638
14485045227170732080,14683,0.013182932948691032,6.516515005593328,0.0761436791014926
14489807287872035328,11521,0.015739052113712338,7.618419245805565,0.07310574119054437
14491774135549538285,10170,0.017147707021745857,7.710110966501258,0.07467979927946655
14504848916994154650,14039,0.023442185254108776,7.282146026987562,0.08699113683427714
14520038122864010068,14580,0.014608655566335654,6.5916032223806775,0.07784841780950834
14524923385455767370,11382,0.015832376256554016,6.595768922229869,0.0796914360881701
14525066727764802575,10554,0.019817742839107994,7.5594952534849655,0.07970729005984352
14533115913583093191,10786,0.016742849243535033,7.525032899689892,0.07522744086251416
14533958668147254240,11045,0.025413866266797522,6.923617632263404,0.09226181310485942
14535048555177963306,11342,0.018437759528982592,7.721416944888429,0.07657915422219468
14544618576285787263,10894,0.018665746039643036,6.928859368180185,0.0819208653031594
14545442773160236355,14779,0.01768919388406259,7.931251336699893,0.07411365391370607
14546333685041458438,14623,0.01917184000956877,7.9937477727328385,0.0759846783772003
14548764809950691331,10853,0.06383342012289621,9.818095476400487,0.13271217953290648
14553963334546597956,12811,0.013881752083141092,6.824862601237325,0.0752684194320041
14565053073589881373,12637,0.07977494132455826,10.702358840400969,0.15149201013170632
14566777427282372484,12680,0.01663109051922487,7.487085876189676,0.07529580929543356
14566978448600033127,11570,0.014726364480242513,7.19012059127648,0.07425730248962546
14572733168329849033,14309,0.015067848245979296,6.807600109313119,0.07718897219151034
14580463024333319228,14077,0.017626475443502456,7.185813234087161,0.0787144328099548
14582449157298695140,11650,0.015945763685837243,7.186322314795689,0.07614389609228718
14587443463031542575,12322,0.01811077269740382,7.1374246778455595,0.07975907785100186
14587928853911214354,10806,0.017667861906363283,6.520434468905181,0.0829698260542825
14591132621886308787,13142,0.02731999341624902,6.935965439843369,0.09509567351271855
14592028400037787738,10992,0.019960937294223276,7.842057454076897,0.07814575893794802
14592211157788515085,13280,0.014355630889315185,6.465485745962587,0.07825651100155258
14593635467528184330,13912,0.018067542970226662,7.071696922568511,0.08010715668436763
14595011197797120034,14815,0.1277316767754375,11.647278571158246,0.21879372066050953
14595914396353234045,13248,0.02310227747291783,7.820700374392244,0.0830787935600518
14596563888966995210,13106,0.022803826528550883,6.25059527980508,0.09251524435511278
14603881995391728568,10760,0.01679201143234558,7.02128704393754,0.07847635439272702
14605538522333244772,12542,0.01694377801005317,7.617054032369467,0.07495459159505016
14608808987421636987,10154,0.013714480298808215,6.751583415691843,0.07547459819860516
14614512297802800763,10256,0.015676071480812986,7.071335453843288,0.07645640152007618
14622885007574261205,14614,0.03477574472152863,6.6963920764575535,0.10799393624130121
14628803997721361606,13879,0.018525284673665685,8.277221877004319,0.07321103928895577
14635117914482888498,13052,0.015203789083314956,6.857779837738264,0.07708047120284252
14636059232596233057,11586,0.014964921861944905,6.752542755381559,0.07737863473727377
14637633173632867092,11871,0.015715568269399474,7.075236288537045,0.07649215690553436
14642076055244923780,13378,0.2900999904278977,20.929500489588655,0.40833336679902577
14645676548615310017,14153,0.014997248576539508,6.433575195029468,0.07943764837341187
14646374005051720036,14970,0.015558620463295529,6.490655756573856,0.07993552572667831
14653512122654241622,12311,0.018546959214828188,8.108781628134798,0.0743053942100391
14655206954229163735,13829,0.016911876089242182,7.595416262953851,0.07504218793061314
14657643987350406958,14930,0.062052247189977955,8.58892310702877,0.13773571154683015
14666111527510227683,13236,0.02519460468239943,8.298745677817818,0.0832629833109974
14667368282212922382,12185,0.01455775768481386,6.052810642976266,0.0811652966143639
14673427357801031320,13194,0.02612603485561937,7.601993266234758,0.08907560816612764
14680777079523008398,14819,0.020602389473252974,7.000812129671467,0.08442580307544031
14689789937647309082,14316,0.02387026041038037,6.160675248747198,0.09471078394789607
14692687266857778291,11851,0.016302658684381126,7.0552608473365925,0.07751480614364728
14694362943415862511,13549,0.017321620869296193,7.644061510027105,0.07536159721657774
14702174659704401198,10237,0.01841011127373252,7.127539412023105,0.08027860647653143
14703756485674493432,11054,0.03275080294062946,7.811076575423108,0.09787779187731137
14710197835067598253,10164,0.014661970916089695,7.162541883328547,0.07433269751219586
14715410162804378901,13103,0.05173439713082873,9.131787546681265,0.11855465618392794
14718538138376604010,14265,0.01838552234824667,8.220690246891952,0.07335372259044233
14722246362323452927,12639,0.016501120852357314,7.438274354514975,0.07540481110141027
14724742387717902743,10724,0.02342103493241825,9.778463494178904,0.07123094802766486
14728657251184981841,14289,0.5807750822949275,51.61805579220823,0.6589956579141425
14735108237616540090,14959,0.013762355590011446,5.87165334345705,0.08109166944404632
14746863265604435689,10286,0.01585840509926796,6.438019773979845,0.08072508374983203
14748117390107281663,14721,0.018104079831126864,6.275184784662151,0.08518133908033118
14753996016993629459,12170,0.01825029660612773,6.794207388775947,0.08213462167811111
14757678653281801620,12839,0.031169594463487334,6.761217970802677,0.10207702022779729
14764255132274206059,11395,0.017407221552598936,7.806655708019604,0.0744679405390072
14767336295701132946,12600,0.016468650478693184,7.093012995859863,0.0775305078797063
14772936833672468856,13167,0.014977724115032672,6.2617127780680795,0.08049063192751305
14774100966542964818,13141,0.014303165477769301,7.008073323005376,0.07475783205001815
14781254159211022221,11319,0.025065109142836262,8.285791208428378,0.08314679439975697
14785964073904910922,14573,0.01603616890409616,6.758677119439593,0.0789763422640143
14787561501886031224,13682,0.014003586777970829,6.8780346434940585,0.07511951808442716
14789677151510399153,12135,0.01306517019887735,5.283206622488087,0.08373417049360155
14795445041354536209,14843,0.012468738755220709,6.195045800795527,0.07707812480383194
14798518753307164188,10192,0.014131253066069095,6.933572404472845,0.07496461958906374
14800457221466356707,13138,0.013591498833513009,6.697498935028096,0.07562749658271263
14804315709263208767,13481,0.014878796113817996,6.130795966614234,0.0811643495391144
14805913532465594263,11279,0.016089354596281524,6.384654381301715,0.0814140899742716
14807265931403540028,12693,0.09880333157530466,10.403583733100033,0.18244076521222535
14812384723016467007,13769,0.016844175001082963,7.560189871870309,0.07516071434330583
14812892101186702205,14148,0.01848185321129278,8.136292491954968,0.07403261280301504
14817672815105285850,11668,0.015073654112929996,6.793699973905185,0.077285417671644
14821126828312760497,14477,0.026853643568183858,7.85684323350126,0.0885813835257882
14821185813500957663,13918,0.020318553024405862,7.2037024008141515,0.08271393921668499
14827854319712233989,13464,0.025744777818534043,6.5418733507407785,0.09517244308623189
14828080055617392959,14444,0.033495440769796596,8.115375972347344,0.09709802681628452
14832665837278982917,10701,0.017893847080568456,7.747032277899609,0.07558692664807296
14840071224739722788,12588,0.05494734443819119,10.065354272149031,0.11758063895231363
14840667118551530570,15015,0.01467011092529118,6.622779314756998,0.07774586952506542
14844485305006045227,12451,0.014271108258136796,6.444902144495611,0.07825708616997795
14850964090405924545,10880,0.01610636088074325,7.260978382159063,0.07591884677146975
14852678938363212062,12981,0.01682521678337125,7.425772160165125,0.07597864498913026
14854693000365046770,12879,0.01730143795570138,7.485419900782636,0.07633027815428052
14864553320683688965,11759,0.03807354649481754,7.738456634281289,0.10646595299822069
14865149880257112982,11832,0.018225796662304047,7.487046136630233,0.07773201323105017
14867960537897037152,15017,0.016626104867808727,7.477704121690901,0.07534730270451134
14868411284460766871,10485,0.013434104727507879,6.046039531391545,0.07949154952535534
14870140002114516658,14924,0.012483128090784907,5.548935139383965,0.081170881861826
14871287223897986929,12922,0.02090518542638473,9.227218420196941,0.07086100762150238
14872406760436373718,12249,0.0163732718480137,6.820498576041427,0.07910177350014627
14872829401989397052,10454,0.0348271471531264,7.8863742600740165,0.10057505162239903
14874574140288924887,10749,0.013748625707864654,5.640245940534373,0.08252866356278543
14874750351762927483,11286,0.055714642995365105,8.665547549620044,0.1275720952958407
14876007848130808709,14818,0.016277697872095966,7.315268999424029,0.07583851391419888
14879500171709835013,12574,0.014988138014617167,6.762146627011934,0.07735358944116534
14882447574540572145,13856,0.017054621968667277,7.516877945310631,0.07575506125018303
14888422102614278218,12632,0.018452051285328678,8.105754775862055,0.07417949045178233
14893933881904925626,14362,0.016048116421586312,7.20441866155573,0.07618622763684048
14895326076205221624,10165,0.014958048203074208,6.267973075141458,0.08042113389658098
14896299916103763832,12699,0.015909058489276658,6.702333680287258,0.07913716599114848
14896704468790676995,15033,0.016346731806868096,6.828555256086902,0.07901047234931753
14899510877623530798,10757,0.018684260504836465,7.3246503964656755,0.07945549172296106
14901681686678845118,12719,0.01493005459992396,6.744214818945535,0.07737784372783811
14908899261367212728,12523,0.013853088844702129,6.249891438190558,0.07884720295618818
14913119491708613440,10505,0.013676001000393904,6.734680219692064,0.07552231756221349
14918234785783623129,11427,0.015252857617828859,6.8762075682394865,0.07703932193488022
14923859588992243463,11053,0.013085213677137495,5.8773252092373625,0.0800215830081511
14930636242388786642,10883,0.019828231609068405,8.246545929805611,0.07539459510646593
14931116505526712747,13123,0.019525623554681813,8.683513556687176,0.07217926843375362
14933806034305943504,11364,0.015443956399751338,5.794900179059095,0.08414393495842129
14934448044841685866,12915,0.020438630349251058,8.426928562306482,0.07519050575850446
14935683250595041682,12852,0.017220587475695635,8.22831077755357,0.07152624276339342
14936596792024528317,13534,0.013462259071424848,5.927560934389673,0.08028102246297363
14943070256599986182,13469,0.009722685465120806,4.88549024695824,0.08113422678995051
14945233035345403695,13182,0.021184654334175344,8.871263174909735,0.07353057557918592
14945246212987190970,11371,0.01510942249118387,6.702189019802886,0.07791661340779336
14946325242568365368,11096,0.03436779890941829,7.276549901857039,0.1037155432422169
14948386499112668401,13068,0.0164950020817902,7.407263440165408,0.07559084671693828
14952323595974451014,14061,0.014883368988162513,7.257184561071682,0.07407459875219141
14960487537889073172,11251,0.01554604448980346,6.491907083957066,0.07990843170786743
14961746542647454683,14541,0.015978747502011153,6.914552644845901,0.077906546317311
14964376058233551135,14216,0.01257916514068584,6.24519438407715,0.0769308460790357
14967463620325181222,10040,0.014792087696320727,6.523762575256809,0.0785560404381725
14981582481875334322,13074,0.013458486516806905,6.638800844123839,0.07579414033275414
14982237692078312923,14585,0.012814827220314101,6.351664476718988,0.07662001811155433
14984685562028900997,13449,0.029050834683994158,7.842106806867197,0.09203049383476221
14986132679655047131,10535,0.014465442577537815,6.52571692313979,0.07804476860316734
14988520562584416401,14802,0.015719175032888864,6.947659265182435,0.07730145682588091
14991867835292122211,12968,0.02431242177244606,7.870641464806719,0.08461266877683937
14999143155724985640,14007,0.0212031880843829,8.185041827882984,0.07788237802501666
15003047649521531266,11333,0.02201505929849993,6.799864019499919,0.08784975172328006
15004627035734437056,13484,0.015979906841368036,7.205663504001572,0.07607419274880657
15005839085511064386,12756,0.09059840928573316,10.6707484967075,0.16822428727781147
15007352733371483912,10514,0.020874234424891537,8.728578978842187,0.07395537362556823
15009447767837279645,11396,0.015653399341684946,6.743137057698113,0.07848956129341417
15012105947689451436,10828,0.01742909561952112,7.387089562242836,0.07714480215003314
15012343462466381025,14487,0.015156224412948891,6.262710963918387,0.08075700659842062
15025035961529888618,13174,0.023516813706578578,8.249063345454084,0.08101313580022106
15025295733956591377,10753,0.03655798385596562,8.013924636501946,0.10241532540818914
15027172079353086055,10813,0.017725113797916713,7.939474214142278,0.07411671479233087
15036506816576028899,12976,0.018544142521386586,6.860252168907536,0.08216736795267354
15036673684716885121,14903,0.020131463042915597,6.873223554765822,0.0845103144414096
15040047496423253855,11811,0.013952394638994153,6.855713488972328,0.0751819537509176
15058117790955505344,12085,0.01871947663519769,7.1595932162008085,0.08054921696321221
15062221722855767825,13091,0.023605488622873243,7.138293076550099,0.08814692270688237
15062326659593408095,12306,0.02025957280571111,6.211745240129196,0.08887360516996085
15062486168656784976,10699,0.1839876588403113,14.559940163973819,0.28637511224481593
15064997892582070775,11869,0.015631718390279443,6.907159022223395,0.0774230336853851
15065580868660140023,11497,0.015540557533759922,6.452139280485143,0.0801506046298458
15067685516018698398,13820,0.015432879281405729,6.798066544689419,0.07780663182314275
15067797090054349755,13573,0.03558413706865386,7.150291972657859,0.10636900986747973
15069334269661470371,12339,0.013857981934760275,6.8144689353509,0.07529759453165877
15069824331596461091,12787,0.020219636416730788,6.8845747527095345,0.08457348401437434
15086329367186336043,12946,0.10105828040134165,9.434807974599423,0.19198896284039987
15090160962634577966,11618,0.013229537351177883,6.5372631468571605,0.07608414621742679
15092029440607586620,12397,0.016283560086205545,7.3373363001396115,0.07570843504149687
15093542946602651415,13386,0.01597997031922929,7.2056671267443395,0.0760742668879805
15093901789984046979,11937,0.014977824182000991,7.297410347971601,0.07396544154694305
15105335676639510419,11323,0.015801028210105726,6.83382446485956,0.0781436981455519
15109034807773806272,14844,0.0179287339516051,7.999576401957994,0.07404907986240726
15110359570370068355,10239,0.014047990800006393,6.897372082741145,0.07506551209779175
15110679436896077039,10959,0.01799119055126229,8.057852887216006,0.07377731678627798
15112428440616922995,14699,0.017055832210488255,7.3966458599627165,0.07651442413325699
15112583426233144371,12008,0.016493312333338023,6.583052584875394,0.08078115092547436
15123496663566116642,13803,0.01923233231318501,7.815329861670678,0.07720119199527542
15124911034248017136,11025,0.013861008406304602,5.718376282764602,0.08220807595518372
15125189689405831489,14904,0.0136882561921702,6.740065566677364,0.07550710765615726
15128753005515226176,10490,0.018900692908409338,6.825723434775341,0.08292955357447877
15146377660728573171,10391,0.017696239095700075,6.8721065643728965,0.08079748641613535
15147276069319114628,13149,0.017523099592333845,7.872972805413915,0.07422712071134836
15147350328207506862,12949,0.024217948622417225,7.06783856835966,0.08952636460433469
15154570027417582543,10704,0.016528886343633153,7.0964697823887875,0.0776007404192743
15157005217726420979,13847,0.014812512277228171,6.663834373822739,0.07770472650291961
15163444170764962760,10147,0.027149504000142675,7.667655025626257,0.09022528538704029
15168054985092728689,10891,0.019445343734137976,7.337040992136623,0.08053999929156169
15170418460804778273,12450,0.013826349429878235,6.800627341058257,0.07533648312711796
15173227520882489551,10287,0.017455785665802144,7.834670813669696,0.07436561613927867
15173395393872753169,11985,0.26236013751082504,18.89974270837882,0.37874840004247534
15174308239142537377,11813,0.014139716938422565,6.357219907652213,0.0786088187055209
15178724911324706519,11768,0.01627546588794055,6.869104778674496,0.07864613232022918
15193061327230150923,11562,0.015420126876471076,6.9558106361162055,0.07679329611275872
15193637859075896792,10630,0.019370978473603744,7.913035132949954,0.07679739195277248
15201931708513347546,13211,0.01651395770416164,7.416480678334272,0.07556172931237982
15202921686580697694,14756,0.015274497080994452,6.883417310636731,0.07702695225710574
15205850919275779957,10970,0.015509196341948212,6.99433411325527,0.07668663736133743
15209787549528271338,12622,0.021958524478244923,7.507595597281266,0.08330437792203353
15213006438287940470,11422,0.018084768504894176,7.0477817656840855,0.08028414496550203
15213107286893533925,11194,0.015908492252573608,6.987370981280271,0.07734044260880144
15221620718527998029,13107,0.012042989033204724,6.000092931146282,0.07765606895416569
15223064370120882808,13065,0.01741900066245862,8.308623249323228,0.07132332051944919
15225661810031794982,10812,0.017560874986411373,7.856351479741339,0.07438954512174231
15227775571481848214,12235,0.15652114549174287,12.53376481328187,0.25718510765882285
15228359220283009096,11584,0.020436248718778825,6.780662885164923,0.08555905449712675
15232116059439377771,11273,0.01505695433034656,6.794350491185226,0.07725580979505266
15232529538740285691,13018,0.04003182185759152,7.9892593652956325,0.1078771018186681
15234699749783106062,12859,0.01677234035514687,8.045726140098523,0.07199189635489747
15250317895433387850,10673,0.10425577814503494,9.536431804217768,0.19623294655923634
15254658141034557921,11397,0.01934867833934458,8.080382715792526,0.07570896569175836
15254835536327613200,12605,0.028000669907742547,8.674969366629925,0.08517894602003784
15255746784790694564,14333,0.013515920991172579,5.489581267950328,0.0831224539698345
15263287761196578277,14563,0.015013412961157931,6.666222670898506,0.0779965600215303
15266329022027738894,14313,0.04482855740109476,6.717789304499256,0.1232150474916398
15269112498099122177,10546,0.017817428879394324,6.479507233368036,0.08345615265905083
15269688159521699140,10936,0.02841684407212697,8.402719313191474,0.08752995571966797
15270768695162612242,10397,0.013133935212413003,6.494671995266446,0.0762064542575405
15274504639325321797,14387,0.0169201470027284,7.606312077914656,0.07498617360497087
15276934934850160968,13663,0.015471846246429177,6.416904814531493,0.08026763881319107
15281783719647221605,11021,0.015159812476266302,6.832789799249449,0.07717074389984961
15282032709195962010,12268,0.018973156433037153,7.176010905059978,0.08083328065556342
15284893067592475842,10484,0.013883735419571318,6.825729536743542,0.07526598695891094
15286482479434852238,12313,0.04115468477649241,7.714295970793828,0.11132469150753836
15286639934974953889,13385,0.01919697400279352,7.770641371514271,0.07742873813280483
15286655247596780602,10447,0.01462270413426162,6.597181916070469,0.07783472916244649
15287374639602000270,14222,0.02068432076758562,7.621135668880318,0.0806426482290214
15290048723506313282,12695,0.02745158446788875,7.316450478352469,0.09289946161372671
15292750557327491215,12230,0.019330114476945028,7.593733223583072,0.07874671148863724
15294290630870925721,12646,0.017208597093595315,7.071142222835846,0.07879859020148779
15299743586519446533,14842,0.018656313352610285,7.011112633197364,0.0813882254453016
15300095418771132883,13949,0.03761092289459238,7.5494879680005536,0.10694986830351272
15301499526325819361,13421,0.020437691030162013,8.59342083946767,0.07414009747367233
15302482346387530438,12942,0.01718032999126425,6.616438338478144,0.08162024289181115
15303348679848344778,12910,0.016776760197732235,6.939129067579879,0.07897068858245196
15306374194723913076,11951,0.030559160167058654,6.7797843152072,0.10102759054640124
15316213483435423815,11046,0.018849422701715565,7.395566900008991,0.07926097642856351
15318437040336654077,14167,0.016029908167065496,6.47173919952028,0.08077461199542561
15318711784104725583,15034,0.019710773442537292,7.7330035157541595,0.07845071443235394
15322123588447319630,13189,0.0791841292602654,9.678960299529015,0.1570373839376656
15322324742885115789,12398,0.016691212813223357,7.502480849527367,0.07529065260540138
15322715858083980243,12961,0.018548162692925602,7.999568646978623,0.07499532163274039
15333002317897611111,11014,0.015963689750141084,7.192786987308016,0.07613054836773489
15333063721138817359,12286,0.0164873306047889,6.974171226611393,0.07830779685484074
15340352944244714825,12924,0.013298114875922364,5.935893146437932,0.0799777915503121
15340463205690096260,14738,0.018359391187132607,7.133957398334309,0.08016069418111046
15344345340986547888,10159,0.010919756027139214,4.8029048007505715,0.08348310612133432
15361815346239755380,14350,0.02174930579902622,8.154129246482736,0.0789113491575247
15363684168269836356,12750,0.015167744677917434,6.244077874450825,0.08089200062494081
15364107843688135397,13835,0.0386235982625214,8.700427527288243,0.10124533760366866
15366277610129095489,11495,0.0171242903339923,7.163986117449756,0.07808485277010394
15367739111951547741,14596,0.014794792559372303,6.677770082487906,0.0775898581903221
15368953137668274960,11350,0.012109528912923904,5.4093949703984325,0.08147936326143074
15373182766552109740,10379,0.01877038569822146,8.385949541560402,0.07290040586538789
15374337548791348012,12287,0.022684095960494734,8.23255869206031,0.07984512505915835
15379559086124208136,10604,0.13193113926217237,12.621363280297496,0.219071349219273
15384345974614614382,11044,0.037571468970532276,7.802755411243984,0.10529390686798985
15400087691100960887,11683,0.03567020948041094,7.888847437698164,0.10184726834440533
15403381485718209378,10488,0.01977339379598609,6.841253911421958,0.08416477730061232
15404792684763694679,14601,0.0134098781748418,6.6172969289557,0.07585537385200697
15415830729583269618,10431,0.19471565870186267,14.891248230866921,0.30067501631739446
15427499548556750299,12514,0.019497604232872442,8.19426364119754,0.07521895457252296
15428776705740567032,10313,0.016178669757813017,7.2854198918837,0.0758753082950305
15432941874898126213,13683,0.018834558615215803,6.818591410876966,0.08287346662519567
15433036893926374705,13654,0.017589436802036323,6.9337373941871,0.08024604231941272
15436953110352727815,12171,0.08399101544184964,10.472466354145878,0.15938059112736566
15441291271721115513,13619,0.0140019518222688,6.314371217366737,0.07866834434737896
15442371707515267297,11565,0.013940042739175354,4.9670775884025,0.0870623100279756
15444635056914893563,10426,0.01339604559496866,5.697455495381639,0.08162964364088411
15447351085326973311,14337,0.01677222504037252,7.017638621139452,0.07846911682731382
15449233233208550023,14999,0.01548192371820498,6.666269299533322,0.07871192815212749
15455620034369113733,10414,0.017735533989214458,6.865197370122452,0.08090104126582494
15466484484524193960,11909,0.020983956781391547,7.925713243497627,0.07918137911386625
15466603040117808333,10617,0.02645999208537493,6.792320678892161,0.09468702415287969
15471683772321199688,11307,0.01723518206315327,7.241832159032973,0.07776377888680264
15472744216299230683,10043,0.016647637135909256,7.474960276650817,0.07539748119519478
15476073804112000479,15040,0.018802971698305186,7.100558342729771,0.08104870303250064
15480139470208518515,10716,0.015416049176864503,6.964231517844673,0.07673401212267289
15483553283406445701,11129,0.029440657592097387,7.556783685932316,0.09442361731765905
15486219066969397306,12221,0.01535560533691448,6.882662342127647,0.07715560377725131
15490192834896835231,13499,0.017741013572180324,7.494091658271566,0.07694710508603553
15492846556985080244,11033,0.03566393507187517,7.566693643611013,0.10386739245097097
15494082439940644761,10095,0.03334828467939403,7.283228075129288,0.10211613434710418
15498504149976688341,15051,0.03219461451763574,8.439542691733187,0.09306859142432015
15513011427319263606,11602,0.013296403151950013,6.566984385776206,0.07599902872517236
15516695815650748401,11542,0.024116310310157707,6.967464581825524,0.09000350912332833
15519858917329930167,10744,0.013787683414319546,6.783692396612761,0.07538411730457133
15520773278601450136,14070,0.013792689458546416,6.785885917835428,0.07537794402877725
15522631185528968573,15070,0.01437890528359161,6.481706341884763,0.07818986644231095
15532919416239247635,11764,0.035965423543607974,7.973169950500113,0.10176694686756348
15534085156593340982,10860,0.01574293294308082,7.081964682768077,0.07649156533207285
15541196656857685047,14066,0.02424423176648058,7.829420550941308,0.08476821644500535
15543149524335532048,13172,0.0151267024563118,6.324824200748623,0.08032057077819993
15546228265970142744,12926,0.015328343459901275,6.9190408640322705,0.07688476013458802
15554331649192095923,14659,0.01625814784187367,7.325124664891849,0.07574655579278569
15557651619434579482,11904,0.014401852565008064,6.507562933686519,0.07806201126274034
15566579935936120569,10717,0.02096267303209627,6.423952562891689,0.08861061033163999
15567981339813697329,12361,0.01697591639556171,7.622387126651627,0.07497008297988225
15568452369487739233,11711,0.01647117970966204,7.4249108014624,0.07544327142811043
15569898493381701787,13377,0.01673830566537321,5.972606997596693,0.08500145594851917
15570826656770843824,13215,0.09639118942331024,9.84576992007829,0.18227062628658397
15578854295614328112,13911,0.01563211568690212,6.934129664187029,0.07725371384097446
15581355300109403699,14672,0.01390253937791595,6.83394669504112,0.07524293882006303
15584270049153614687,13811,0.014381681555175559,6.490737532100568,0.07813720685703147
15586293909851324012,11295,0.01332245745294907,6.007680360279491,0.07956268490900971
15586827922245405120,11513,0.018281123208431296,7.667381031124115,0.07668033797980357
15587381563861869664,14042,0.02048021614838028,7.860844543389883,0.07882060358944576
15596198826097680223,14114,0.018184624901332803,8.09694016988588,0.07382652578996957
15601396975303434740,11541,0.04339629251707209,8.972603659604687,0.10682092005939306
15601757811241165244,12075,0.02159129585621028,7.567427487714503,0.0823664601857921
15602830599333424658,14752,0.013453027608674475,6.064937140731252,0.07940139157698789
15604240078341632362,14944,0.014758629273388245,6.651909707037464,0.07769754943066048
15604615798551472588,11312,0.016762359906591653,7.4515519624147,0.07572020561712701
15607469004985595107,11191,0.0445669546695073,8.342716592324306,0.11257769712479349
15614452390254898821,10877,0.025920516909263162,9.341973488660551,0.07779904539720739
15616348415432145459,10598,0.014589551000039705,6.591363650058607,0.07782074451556678
15619238150207396161,12940,0.013968687879330987,6.862820995551647,0.07516206171385198
15620076066457391109,13417,0.011965488915087665,5.964322776265648,0.07776305305068336
15623817945564716137,14869,0.019866048746357612,7.520992699248856,0.08002366130913342
15631585951870179098,10429,0.014977969592532676,6.004268488731765,0.08211301741859293
15631691269407962083,11466,0.016388787112305663,7.3746691165313445,0.07563395904681898
15634954055273962547,14219,0.049257060376946604,8.192620791119372,0.12068761956787137
15635676497805556581,13943,0.017260764555379192,7.223501613959449,0.07791834715681553
15638406523386551941,13376,0.017032493475651344,7.665877216426279,0.07478249948572156
15647898288652472147,10872,0.01760439398729799,7.633973628464775,0.07585709825668531
15648573040543109681,13956,0.034086208475978805,7.746271709415166,0.10032595598810254
15648619451530882140,13373,0.13243974966660482,12.115479604240539,0.22303555059553334
15653704071073300055,15004,0.0181968534943475,7.8756998827130325,0.07523911489697521
15658023198914975454,12774,0.017096054508781815,7.687867875894437,0.07474103987669298
15659297631513750969,12326,0.024865360712458637,7.331819190293765,0.08885211053650564
15661276100887659307,11520,0.01832827425249753,6.283824716635661,0.08546936635872866
15661748957352171166,11929,0.020123698318890302,8.930927821961111,0.07153402558708598
15662517663372147859,12899,0.016876784652575093,7.118486857197319,0.07799344668973208
15667277918373879925,11968,0.017725953976849437,6.815791976647402,0.08119768293271143
15667348327067248697,11573,0.0234364278511613,6.93646823519427,0.0891602620532597
15669804670701801680,13287,0.018880302808358645,7.7279197781213,0.077214179495466
15671568969879348700,12278,0.02018887887403231,7.732209422792411,0.07918603557854825
15672791892937493018,14829,0.01305773743867552,5.8768655038093085,0.0799825087092838
15672805559522866938,10174,0.012581360036020487,6.2461894717578765,0.07692792935326553
15682392060780237283,14323,0.01751384039561172,7.709887453546019,0.07524048540310964
15683310865006372247,11730,0.017403026059801912,6.744495402703842,0.08115360174779751
15692579355961385762,11761,0.01973043247685671,7.755956891553233,0.0783361278911728
15692912563631754862,14652,0.018292729532483256,7.668605104502386,0.07669035473796218
15693408226383708882,14010,0.014948089748791846,6.206034966859696,0.08079615901497574
15695701385533226522,12742,0.017889245759903322,6.636662053803818,0.08257571131193626
15697067055142427444,15019,0.015604805918847468,7.5622070637522505,0.07325483785843603
15699403257697071666,12978,0.015628813778311736,6.492545633127061,0.08003084073198809
15701646101782898211,10625,0.014571536573565932,6.581773332795701,0.07785365018029042
15702582136511912945,11256,0.018339841265701397,8.039391722770455,0.07442620281278506
15702799753263132664,10637,0.013493116240141777,6.654103311328632,0.07575062593149252
15710749373622596885,14268,0.015034651092668234,6.03248253058105,0.08202183914642217
15715691455217687163,13699,0.20115692736128885,15.480733071813333,0.30680020566560745
15722927066693539937,15058,0.15568471163766934,13.944417663078053,0.24701971011930857
15727937037899374711,14165,0.015725194156735112,6.336950265732314,0.08115838237363394
15728536353739153422,13568,0.014096913364955199,6.028777796537654,0.08061276271874424
15730875832972920803,14494,0.01206480133553078,6.0101443899468485,0.07762605924849068
15731247724316036929,14826,0.01569704796761564,7.075806205056731,0.07646027595998246
15732232366031336768,11343,0.10481858376261172,10.257303797353961,0.19255084047515356
15733661497040012257,14451,0.017772086909183,7.533857809137469,0.07674402641369558
15734942747935403422,14851,0.01290533371339934,5.7959855289377336,0.08025928707287742
15735268918129559967,11963,0.013153203728972015,6.503265432201133,0.0761817450246215
15736678933280098514,12108,0.02972607528834885,8.488632864754011,0.08898854659811777
15736705300152784404,11825,0.013570881035786918,5.495587378680624,0.08316856571522534
15742394744262097585,12629,0.014856894828938358,6.6838085730382195,0.07764667585625264
15743753849589084372,12816,0.09903288651934677,9.653685427731903,0.18751610022991952
15744808787678135417,14404,0.10132849967590969,10.49317915150014,0.18573353276855953
15744909557479696375,14224,0.013296883300647686,5.9963936731529275,0.07959473076807691
15757321816438164651,12722,0.0161096463610179,6.711717282158215,0.07938444823153896
15757398896744258260,13543,0.017427720563808376,6.678809100510606,0.08160517537249067
15761297500170236172,11710,0.012855909006889576,6.37014924272512,0.0765663095377749
15764583579221514436,14578,0.015824294424713253,6.788570091607066,0.07846436002134247
15769730630635309024,14473,0.019643413333098284,7.699142597920764,0.07856115862573684
15770735601142518242,10266,0.018867477582894164,6.086131600636869,0.0875385651942907
15773872139451641391,13257,0.015997447713287427,7.086834083482091,0.07684966368232321
15777950659909027959,14597,0.020768049194481063,8.57296989863474,0.07477357762487484
15779410840971442080,10445,0.01958943639574095,7.728431698909541,0.07829417348164115
15779476577292083654,13995,0.019091699777709473,6.464564880531838,0.08549677665350038
15780361305522105790,13398,0.039496071116550555,7.85418919103678,0.10790972974316615
15782395603549906079,14996,0.013755103954240969,6.769409809369634,0.07542433784883494
15783549909488278226,11718,0.016594234688893685,6.574477543097427,0.08098933882723577
15789055529131348599,10939,0.01488559472589827,6.7156988490227025,0.0774895931175005
15797189878092800874,13698,0.01792655447682328,6.468030966526252,0.08369515019253179
15803686341073246945,13341,0.0241546880538653,7.186970484356578,0.08867914983704325
15804006262362481873,13079,0.018981536857302306,7.134611748360228,0.08110691458000173
15820329608778969338,15054,0.014488272458878137,6.2155241553530285,0.08003399059535171
15823972353521345953,14939,0.1100544706699947,11.796027974664666,0.19085416009843895
15836228959803584723,14004,0.016058555455118702,6.088140167907659,0.08323521147525782
15837374746337383570,14649,0.016147613943727938,7.08465228026309,0.07709279266412178
15843210099540015415,13438,0.020263417767060025,8.572431747931693,0.07400613106785212
15845424175352227338,10098,0.016592864220114682,6.999038760306945,0.07831232586239256
15848543135814178119,13987,0.014805109347453084,6.553578101061915,0.07838808061106571
15849406866436787488,14394,0.021121357863975208,6.981079105851977,0.08534286688148246
15851967419851926010,11056,0.01432823037412604,6.300093419203502,0.07925669931609348
15858439807517274602,11789,0.03237730349254188,8.697698995040833,0.09172115689292054
15861752860896689033,12049,0.016621304869501557,7.4906712016012245,0.07525827236764115
15863091614733250197,12694,0.015155357931096276,6.8395434336805625,0.07712138864876372
15865154393380740548,14986,0.015586000842063946,7.019578498130112,0.07664490760049553
15865489324015911740,11882,0.013948499311040719,6.122894495525973,0.07979308057149556
15869847160280616415,12554,0.018108777301462105,7.597055639154017,0.07686015571827182
15870664292606074699,14428,0.013431597517187005,6.626908920692993,0.075827990980459
15874331025447579316,13157,0.0189121497608055,7.454146848316679,0.07898771453735086
15877861557901290196,14209,0.01949321856965775,6.556509382394455,0.08553081647925835
15888333499852282354,12071,0.01616294124600765,6.441838612555294,0.08116621000154514
15889046181332961438,11476,0.03001738173315181,8.649880550124534,0.08841759423403388
15890071249011459776,10034,0.014872983832060855,7.252756328442746,0.07408663494960266
15894596918481599913,10956,0.016068683148770073,7.24718670865663,0.07594818660859852
15902881025274577591,12592,0.016423645390944912,7.398144799999154,0.07553929896735345
15903644331222893880,12376,0.024249697579266916,8.118707623754808,0.0829539317662928
15908696054955070752,13765,0.015700954561084023,6.744992283841729,0.07855051435348037
15911809303451783391,13145,0.02817633254078135,8.312026089247595,0.08773397492271776
15914335886391083981,10955,0.020120500286352365,8.230377859212206,0.07594290867524502
15917895735258847595,12007,0.020352658181610545,7.78868023619129,0.07908042199024135
15923369094821156204,12167,0.023411260404676,8.582776617106472,0.07874936235130649
15923845485466184103,14466,0.013112301855853162,5.8870646665847355,0.08000159808002817
15925482516697323529,10645,0.016059859842972493,6.197275121470814,0.08254960648821341
15926685183487756894,11460,0.014271075394613666,6.441919226836706,0.07827582964323128
15929388965162714202,13384,0.018995477233926732,7.99504546861184,0.07570710377587594
15938770363042740865,13917,0.05314181226240616,8.86262248436039,0.1224003744979017
15944899393221434968,11864,0.017460959056194516,7.8260229941709065,0.07442800363070826
15950072710211796196,13166,0.013405747741243503,6.615468338415708,0.07586058542361147
15951839022008186451,13887,0.01771258039270623,6.87977857135215,0.08077411118983908
15959253294833945772,13630,0.016841358085790563,7.557674138980347,0.07517226164140409
15963063807622257132,12080,0.0154543844459543,7.4990224311216105,0.07342315584246968
15965444449826976237,11593,0.015112476404761063,6.821228947721158,0.07717127523696114
15965708703164910770,13841,0.01683556108476593,7.58053569017593,0.07501936890367843
15968353746155898112,14226,0.011219031083076833,5.615050737396202,0.07882338513302714
15981120573700685844,12927,0.017188705417203555,6.619709972432164,0.08161242385381798
15981767908906939410,14178,0.017553006204586323,7.568820878427553,0.07618909267393716
15987104518365880139,13310,0.2198391569021162,17.165993155626673,0.3247199106354231
15988963142866537292,12310,0.01702765892670022,7.6420857173227335,0.07492501133925056
15989093263426170190,10134,0.01919710180823442,7.7346311141814805,0.07765581357551082
15989108574915210237,14277,0.013882958282764816,6.207804552346286,0.07915799487866437
15998985359499850825,14354,0.016535214082019176,6.759303091165885,0.07973470237458907
15999383566590315643,14872,0.13029974353064253,12.225179913320927,0.21907547818814527
16004168023282399537,14107,0.024542184238195437,7.068818386140509,0.09001546934875004
16008609147844548320,13099,0.021754288387728228,7.868328327303529,0.08071962975340402
16008743988273089604,14314,0.013711063970833368,6.750083391502807,0.07547883047411993
16010113117035008405,14036,0.017278612252470443,7.757142436388119,0.0745834416678815
16015125335579884337,11719,0.01633239070298523,7.3666642751735765,0.07559824608695138
16017381235585791586,10905,0.012560036897649635,6.236519535800446,0.07695628250998546
16021496972761968587,13160,0.0138830328939572,6.140145920017151,0.07958438753473422
16022537356183672592,12947,0.017142966617302604,7.553783027831778,0.07565749190988426
16026258302312616059,14514,0.025336813625773797,6.562492145244777,0.09441936023279081
16033361112190287262,10652,0.08321692933517913,8.995465829764,0.16750389818936084
16034922164527944522,12838,0.046923909087606366,9.26842039172357,0.11034566916343418
16037249222569756800,10583,0.016901783306360534,6.752480360949441,0.08033763219751251
16037285708166860932,11633,0.03486070861314058,7.398600496284906,0.10369950355214981
16040803499219430032,12095,0.02911229306988959,7.878758800556641,0.09189344962424294
16041546159959241643,12004,0.017984025291258254,7.5300396141101675,0.07709182388075457
16046152623711887274,13140,0.019292005696390807,6.480121165937606,0.08570473762396744
16046819156594877366,10364,0.021806503861990834,8.139221292566926,0.07909264719681343
16049264629605441403,12244,0.01662041709507617,7.1524308166713375,0.0773879771818409
16050749777547884030,10801,0.06987759126242671,8.78053659072759,0.14848187260337392
16061082468198176467,13122,0.014919809965466935,6.409986353347895,0.07946797887478303
16061370205729685422,10329,0.01436942042258569,6.485284785181231,0.07815283233712056
16065086876319070128,12100,0.011591685474403483,5.156094694672009,0.08228424588177971
16073184470055703011,12984,0.016582750298742392,7.471189357655681,0.07532212334968998
16083432191052980585,14409,0.016693919964949826,5.92688902315223,0.08522169871863078
16083630152621521367,10533,0.016700919491586703,7.482954960407039,0.07542850135744701
16086079867879413396,11664,0.015477075933499583,7.50856763881755,0.0733976787154375
16093374058625015158,10807,0.014830934869831221,6.704408982535957,0.07747722986721174
16103344163630598401,12466,0.01788257812685476,8.005019104277821,0.07394428430276044
16104977526359234848,10764,0.017060223629499615,7.3645710655954275,0.07672321723136495
16108553332246644613,10975,0.018308778276100682,6.690888890236581,0.08287490517964209
16109720975013111419,10995,0.014262732924526072,6.4478809555002465,0.07822552483879248
16109723458565015469,13664,0.022005763332764945,7.152633144613063,0.08561295363568913
16109935106642244582,12777,0.014528585947248419,6.218430603766405,0.0800772585743969
16110407267166494255,12046,0.017516295141081557,7.733407166946012,0.07509605070782004
16110844789563314082,12898,0.02364656491502225,6.431855538331349,0.09266053020974845
16116645341561242667,13082,0.014735945680355182,7.194220401526047,0.0742461074325377
16123025476236296658,15002,0.020040868819448242,7.48594941557412,0.08051149121150446
16123444492083709388,10715,0.013797911083712366,5.682103120293073,0.08234022984812668
16131220894298199870,13586,0.020720735283294364,7.2524416754820304,0.08302120414766324
16134476568998615377,11944,0.015509323788413689,6.984992967956985,0.07674568529989241
16135928966726488281,14631,0.012266153478462835,5.491598608775897,0.08120069268366714
16135953483859949106,10446,0.016637347627236024,6.990492162410226,0.07843412264862457
16143259908826236465,14256,0.012725614043934425,5.710630578786941,0.08052253393013438
16143604185215666935,12663,0.01859124833700835,7.677226552513095,0.07709203082941042
16144697203333261072,14591,0.016198557677457634,7.809589088733787,0.07260319464028955
16149754041165450373,14836,0.032235166931760706,7.973440352236447,0.09606718285289464
16156209305804934351,12724,0.014012465133087786,6.324236285087515,0.07862224949381717
16157159190292848081,11401,0.037214761018530856,8.313783502922076,0.10152932824451966
16158839865614261878,15006,0.02297645045146119,8.663165410151581,0.07757869505035832
16162422112011835581,10131,0.04967686019364906,9.345199590169642,0.11406712869965212
16166129346047084291,12448,0.27305618922704755,20.47996713488445,0.38513078857082483
16166856001993175762,10854,0.021898886832466075,7.805848765018175,0.08133415579931162
16167874195728679492,10506,0.01424057448215958,6.414646479247324,0.07840106885705425
16177429720543113945,14319,0.0234173243629327,7.28870066528325,0.08691186414060191
16181255218625752835,12073,0.014870341736068427,6.150230410525554,0.08102898985202965
16183212641071509986,14545,0.014372873546655167,6.328809673346295,0.0791439680421584
16184835437881895474,12413,0.01647251055857877,7.421944434998389,0.07546399372656212
16184959125110545541,12909,0.015083100975556974,6.806360045200814,0.07722008405877355
16193679390033249618,15061,0.011811425318077724,5.892947862060124,0.07797740991995217
16199685692793916813,10277,0.6017254785907711,54.5391949841057,0.6725934707673636
16202423425948907714,12035,0.014910283204725996,6.239259477244831,0.08052907976791705
16208015269478792030,11749,0.01846229294414581,6.83210247102618,0.08221969596208484
16215551816490265326,13858,0.05789690786375251,10.159413174965062,0.12149355910794224
16220427619997149588,13952,0.01994093905845322,7.452121276329139,0.08057197792740729
16223802643766607870,15013,0.01573465920401866,6.304296295431946,0.08137857462516358
16225668893697447830,14775,0.030059691003343027,6.520616201336492,0.10189751025312048
16229098556286193945,10178,0.03071198058657328,6.815004511501134,0.10103912507328908
16233033775302013165,11591,0.015946926657090597,7.705136159104051,0.07287692065040931
16233571281238469047,13686,0.024880878261437308,7.371190143891425,0.0886277599224427
16233616852978515537,12510,0.013294199595103251,5.655744149230998,0.08173687087154033
16235267613101603728,14248,0.018839164469092867,6.676309524173873,0.08377693968867266
16235296642201542659,14639,0.021252243125918932,7.978182125268539,0.07926061654340671
16243456333232106701,10130,0.015615820559188108,6.576229878019687,0.07948374627926763
16249142194827819179,13791,0.017423345788420613,6.7537446225057565,0.08112636655154502
16250150316711028454,12305,0.01572543658158017,7.100730919076166,0.07634660378572099
16255577714206602712,11841,0.017932576252609127,8.03546400110902,0.07382884165635942
16259695323998787313,13920,0.020354220790705077,6.845658938944177,0.08502425149569516
16260337467955018791,12384,0.020963580709641425,6.919967660901889,0.08548688689770237
16261949744768887734,10931,0.017575091832879086,6.425951573773756,0.08342340060285401
16265945270742121074,12551,0.012394391551939131,5.556993116165505,0.08098456583358789
16267738051293876887,13659,0.01673260717653743,8.029463149553822,0.07203366681348485
16268341219757765125,12077,0.2827586634959125,21.016528092509542,0.39657099452161376
16271338655637001093,10599,0.016804342118673214,7.529766880816643,0.07529154663753088
16272168273632721561,13279,0.018137686166462486,8.118777229332652,0.07361724276546501
16274268535243235849,12969,0.01569193770230809,6.5253880265874145,0.07992034280394057
16276098725896183307,12013,0.012442816935800812,6.183249405143671,0.07711285097712771
16276436622660797667,10453,0.06428417023235802,9.068949250843453,0.13812065727517545
16278957213368718093,11265,0.034550107185070164,8.873064692383652,0.09393528909084561
16281238790496403709,12381,0.014472181272421485,7.081006278281722,0.07455649870348616
16287834677824762468,14859,0.01824519197680956,8.639857108283987,0.07049843167310368
16291565746930822128,13981,0.014403880289724998,5.961186825676409,0.08150751477071742
16292036653700870186,13589,0.014124243535058909,5.771438324438784,0.08227586036188758
16293632840613249789,13050,0.01780118311621941,6.967694183981601,0.08035554763380491
16297810886850764266,14994,0.022057677185353314,8.458633123568426,0.077463887868964
16306284739336949550,15047,0.03228254042106972,7.437477570173351,0.09951634468825835
16306836064968233068,13109,0.01581313306208012,7.120964196667619,0.07635308394373169
16308029882440718586,14057,0.012055757743695904,6.005977806973925,0.07763849621275792
16311115141423706620,11854,0.013150944901787361,5.581739115437769,0.08198430950428495
16314108488958765022,10539,0.01739681840150312,7.262295213067776,0.07788175633775773
16322504097398521675,11051,0.017383660607226455,6.830625631853212,0.08058136278880557
16324185746791503804,14534,0.0135192337263848,6.665634775334854,0.07571786782827326
16328183710290822885,11652,0.01719246254505775,7.606531758173072,0.07540075833289914
16331383499658794675,11509,0.01647334922403808,6.557603279900826,0.08091099841926466
16335957930577039159,13576,0.03143856174807039,8.076987662368051,0.0941979555921126
16336592474445763829,14083,0.022325702144697958,7.386254814276221,0.08462975048412322
16336607941815886394,11400,0.01267605559036111,5.538170302639952,0.0815334065812054
16336677034120014664,12076,0.015603309830932083,7.036649303107549,0.07656379404987988
16349358196917322164,12051,0.014258263347355749,6.306920352845069,0.07910681029239885
16358235593019643630,13518,0.02300037719391883,7.01588777437258,0.08799380626497663
16363701689810269340,11549,0.015747022635816104,6.955259957238076,0.07729610708485923
16363973296640301951,14147,0.01579902857030022,7.124773071928978,0.07630754141569993
16366292270874888131,14072,0.017259790618270234,7.005829974453832,0.07928828504268312
16372123012069200880,11547,0.02323058556946017,7.563116989640773,0.08489767426929556
16372381863411676857,13002,0.12465901407733282,10.692728638197643,0.22011422943969539
16372524419919658534,10631,0.01688599363360317,6.8525151127233,0.07968325081734413
16373879077391236880,13773,0.0250983877562208,8.0188693380656,0.08487935169799372
16376658929005897741,14796,0.10720195399792301,9.708936548334384,0.19964644933889117
16376979952931371614,14663,0.01458968731897686,7.131532677743995,0.07441765393268959
16378264257054271788,12833,0.014039476428879046,6.343326812250679,0.07854323133545574
16380775993129982787,14200,0.01749551387341391,7.091162294868596,0.07911072764181366
16383043247893683226,13558,0.019774010743474082,7.6153771589390065,0.07928840798290065
16384093717182404227,11714,0.01679025813305606,6.7187541723810424,0.08037976429739005
16385125385964866212,12568,0.02165526807458792,7.503899279463383,0.08286443457608478
16388108841654217819,12025,0.01336286469800486,6.596471234075868,0.07591477048612938
16388864268173067041,13812,0.01785520781476181,7.359817043040958,0.07796752787884725
16391192666356870056,11015,0.015563692817123689,6.676876691096707,0.07877000133717553
16394428233273181557,14194,0.01188073308745561,5.925101222109037,0.07788069917944793
16396605580702825893,13800,0.012943328265469352,5.81347902364921,0.08020710810955875
16397851391992319639,12754,0.014371809485556462,6.495356157731776,0.07809302768179405
16398636313198450842,11158,0.015263661590568536,6.744405705872066,0.07788623408804314
16398656787960965279,13098,0.01891026356771918,7.1297201337779486,0.08102886213609294
16401665010127903302,11943,0.018997886116334618,8.468076408331425,0.07273048362127359
16402590879833284419,10475,0.014446275207577882,6.51372076352149,0.07809107096662334
16403347142942001722,15038,0.019796105145767386,8.311383003584915,0.07493701948467696
16403935686627592586,12608,0.012973917404376954,5.834443530165127,0.08012174831461917
16411655014329654880,10226,0.013346019390889129,6.58900264665292,0.07593609419306202
16421543135132574775,10124,0.02488250833200307,7.939222528280055,0.08505139986814686
16426306747108368376,11328,0.01649886695896723,5.928071152989609,0.08491630243863812
16427128731011778924,13187,0.018921942528437687,7.735615351443599,0.07722929976562644
16434605109054807131,10099,0.06764483613053766,10.273926942076693,0.13566227726105626
16437219682104276381,10994,0.015557059682373791,7.004099067999001,0.07669822636822111
16440428296158057714,14900,0.017869970311588396,7.580705138854061,0.0765983872954278
16440802764208685297,13100,0.016539050175562498,6.601189530804332,0.08073674601039137
16442572917915322882,10624,0.015140784973317275,6.842025566093007,0.0770834895817301
16443616764466965066,12139,0.012354007901354443,6.142763544333911,0.07723227141047284
16445635558019036170,11660,0.016573058181749166,7.449865504427786,0.0754416679087021
16445943633082515132,10349,0.024841745797372944,5.964472723691608,0.09743091307918055
16450442190143615330,11010,0.018320636663632567,7.711278720369955,0.07646412131822128
16456220300770589624,12638,0.020017769493399083,6.741515074394792,0.08516646516534251
16459181628826254768,14640,0.03347958927712113,8.670442273072966,0.09357665517895507
16463760139555224288,10460,0.01473426559385859,5.912492180960185,0.08231898394505252
16463928527583216359,11259,0.015383324526982583,6.912165620863818,0.07701206210060543
16466297481551065686,11229,0.017983974175060896,7.3201790896756,0.0784139579908451
16466339398051490599,13748,0.01790958574607415,7.73460310745207,0.07568927701037723
16472029703847689367,14033,0.021071420516649068,8.00552874901444,0.07881210990759913
16473814480528233109,14100,0.016412770812457726,7.264967516017356,0.07636176234261036
16475840143832352040,11202,0.01459723568985813,6.5946037897517,0.07781206878833899
16477192415169282007,12110,0.01776145322434821,7.9619669081262865,0.07403051046266639
16478076396855202388,10210,0.019961111739196548,6.783598488333431,0.08481477529379004
16479210623291650758,10318,0.8992350267906,106.65643048726348,0.798685599339515
16480063617773983059,10249,0.01743409902691903,6.702544573528406,0.08146537487509858
16482692031407809967,11751,0.013282821528027844,6.560951961256631,0.07601628934162219
16486160834917004785,10424,0.014336715882833473,6.331494800853814,0.07907181883922913
16486361100766947000,12992,0.01710108502422842,7.687104475506625,0.07475353386804383
16489644565878106104,14846,0.03343197479056717,6.980675740075725,0.10415018382890127
16498045846342757333,11176,0.22078095961353933,15.067711042179305,0.3393786239054435
16503550298730997396,12033,0.014413306407117158,6.51286150502696,0.07804612399914843
16508366786641961231,12943,0.01739245554970994,7.803972843976287,0.07446228830528817
16511945122022364573,10149,0.015603459504366759,7.038156193080573,0.07655452862035729
16513572789828691964,12923,0.01315379815401602,5.912907202738211,0.07990216554460891
16519295089974262286,10581,0.015994240279002613,7.092879353386742,0.07680667642763629
16525123807046229203,13622,0.015548623933666898,7.538632625403515,0.0733175476408109
16531002748888981068,13720,0.02850263308909737,8.0215365640452,0.09006261699504835
16531111818333428256,14982,0.02495327651670019,8.396404133298978,0.08227905793198072
16531611082265824975,11398,0.021511309659450722,7.483047655802044,0.08277590875235857
16531961247295995983,15043,0.01992395110119136,7.329494026382632,0.08131863318004641
16536165477224457012,12165,0.01714810266403437,7.584785291727202,0.07547000966070143
16537325766837388574,11020,0.013611120394538058,5.994019447698272,0.0800896944449512
16539153722314071914,12741,0.02098361154009734,7.505815218140312,0.08182639116039066
16542092257620035777,11164,0.01594817605179861,7.181108776412339,0.07618042859140986
16544674362480682533,12648,0.01432404380646072,6.4617768349998075,0.07823162868700582
16545440320283316823,10527,0.01703219231730585,7.206206181212356,0.07767816605724039
16560968978335216182,12320,0.017146088206740004,6.61963014050579,0.08154782797356548
16561509815393796639,15045,0.013084098865770059,6.472424056390059,0.07627049964049055
16563166126727444828,11649,0.02384447701663125,7.960210764205553,0.08333354606937791
16564610093505264284,12964,0.016115593035676525,7.261414970446204,0.07593019842398105
16565838124749814614,13641,0.017392860462082917,7.800115576861689,0.07448720927242153
16567357350451257405,13213,0.016743185335005153,7.528503573785644,0.0752060875007495
16567984524057744518,11552,0.01664850280328791,7.994995819549144,0.07212235438398891
16570083742897279268,14882,0.019431237307606545,7.063602208616789,0.08224123413024427
16573738935217777776,14453,0.026033301666714928,8.442468973314417,0.08363859494643675
16590366097627691161,11919,0.015029954774113407,6.167251362496098,0.08116556339484024
16591081896001443907,14499,0.013292051006281096,5.816170222035054,0.0807228351115466
16594525028604812090,10425,0.015771294507295964,7.0855316601919975,0.0765124148289069
16596561254389023495,10304,0.019189472480518326,8.552528737875853,0.07249105033802981
16600508306014176327,11467,0.014673957834728881,7.167678936667055,0.07431864216971314
16602293939271668879,14658,0.018679338486892558,7.113212536281197,0.08078012330702884
16604366723172763022,11217,0.015845998670893077,6.258417350325777,0.08183770567199576
16613173213749867200,10205,0.019050542402078322,7.996779048673193,0.0757802948936847
16628607434290915428,13126,0.03984231600447224,7.1015083243286705,0.11318084291315428
16631073223957927424,12132,0.01763908041039869,8.397352147154969,0.07110046736093649
16642886390639981931,11223,0.013907476443019682,6.273437120416031,0.07878193337898554
16649586090164122473,11376,0.016673831158136213,7.353485408566814,0.07620283749780944
16654586968787903947,12675,0.02461332719000143,7.850812123296198,0.0851972427750345
16662102411429306057,13203,0.11931547475722722,10.987270822011235,0.21009609602569274
16662109895303805580,14457,0.020194848659737967,7.190838378670503,0.08260602661326719
16677304246628889683,13710,0.020264060024641487,7.979663074745968,0.07774181149261848
16678111987438109588,11173,0.0566814533658165,8.233736195031016,0.13176952088699992
16684416411812907452,13725,0.01839578402318079,6.330526259130531,0.0852782492801954
16686513074026916416,14447,0.014041581708428834,6.326379969420299,0.07865321965192967
16689855280108963079,11939,0.016874278259169498,7.596840197773027,0.07497578489781904
16690832293316792146,13522,0.01342850292967566,6.625539747048552,0.07583189030748665
16706905375812045843,14653,0.016205333204711313,7.304127188089355,0.07579817330978005
16707754150083809549,14679,0.013614798320153342,6.136580358487086,0.07919711708946325
16708325256354942586,12280,0.014286048346399195,7.000669835388915,0.07477833038162214
16715965312965115913,10849,0.020719228938238222,7.213537732493432,0.08326401485741498
16721018051042213230,13540,0.0205452535435858,6.270622726845208,0.08893903598420737
16722191420941191627,13277,0.015823686113005157,7.134082495765237,0.07628655302757738
16725297233868367276,11264,0.013270268836870516,6.555374519566103,0.07603225508976184
16740700332850708344,12885,0.018380155710045244,7.191370834264901,0.07983068299847265
16742727535271038796,13021,0.017948270042356638,6.808686751387424,0.0815820422850611
16745241206017984053,14322,0.01648640664562845,7.005661468479822,0.07810798332237126
16755081899807605067,12242,0.031166541012150183,6.719531645851967,0.10233499790533979
16757707539311363812,14706,0.016148006820998505,7.2711226321943325,0.07591854881932847
16760474528075889030,10103,0.014945903093245182,6.718408088317823,0.07756464627763468
16761419827415382262,10071,0.020827118670859936,7.227028571040344,0.08334382099963623
16765265505777991108,13477,0.019496840149843035,7.688889639055933,0.07840186249990638
16767748007890629503,12086,0.018957007177602493,8.461143561821814,0.07271171995442235
16771456118181817340,12761,0.014885039715608943,6.712837687581159,0.07750677188159566
16776055344139197146,10570,0.019765946148671224,7.762894561065802,0.07834666559147326
16779538279120576076,10571,0.04063735327797954,8.0087416818252,0.10867931919197665
16780799460986758184,12136,0.01433675301877362,6.346733161886935,0.07897586729129474
16782560540506265307,12296,0.024645293766904462,7.4959564243460495,0.08748181710761083
16789051252495866469,11902,0.0151880398560812,6.861726110554466,0.07703155063612649
16789209551041850826,14636,0.01436668889475923,6.4863732771390845,0.07814180188923424
16793086085747123528,13988,0.013930106612533454,6.246611811681293,0.07898551259215973
16795770791464910090,10436,0.013404710456804435,6.029725246272337,0.07954943610265199
16797706105125285111,10077,0.02389824150061151,8.0528567738858,0.08283196268015115
16802461788896598191,10694,0.019430866263715547,7.658650619088245,0.07849160465896039
16821908262808703828,13951,0.025259449298453956,6.806874961571627,0.09276146670452261
16822679672979029717,14739,0.028942366508117594,6.377830528308264,0.10109038069132824
16823624753665929841,12686,0.020306636136355038,7.4982819435114285,0.08083975717488764
16835683054285731007,10359,0.026066004280845264,7.95719485368688,0.08674598612682154
16836098997948581074,13504,0.015889995691781893,7.163243244054743,0.07620411722600534
16836142962737201568,10427,0.018508280626296208,6.997135094746696,0.08125016629535708
16839570101106387508,10512,0.040580320208589954,8.579759261588723,0.10499454169898298
16839610974438685628,10575,0.0282431569834126,7.272443692061118,0.09438587026158948
16841936954838668724,14913,0.015639584404814312,7.05804539924442,0.07648439969767966
16844475771174705320,11301,0.0330432758655364,8.129520475001478,0.09631821711197476
16852880403837598937,14408,0.012907688752979079,6.393416059112664,0.07649881337655433
16861483886889233316,12012,0.017629615154572544,7.240889980582432,0.07837222144139389
16872454409546448566,10783,0.015792098423421153,7.640585339852373,0.0730471147644153
16881953859792028319,13300,0.017702144809043155,6.52812532502277,0.08297373832211045
16885122270447955620,12861,0.01675492059148207,7.532340107750372,0.07519984157330332
16886985616614966218,13269,0.012217322207676311,6.0802344665241,0.07741744086186918
16891166463567431898,13143,0.017652847719607533,7.916416461365581,0.07415160037689217
16894445945992128487,14321,0.012981385333394723,6.426470912690575,0.07640312685513417
16897054685684810619,12060,0.017438887987738513,6.7406015512600295,0.08123291469103688
16905176499420945857,11136,0.012482972161719312,6.201519122714137,0.07705908195702596
16906131803898991355,11999,0.014068007382871717,6.3418368208926506,0.07859620067283896
16906473621752865304,14581,0.01875365218033951,7.423538755722595,0.07893844975423288
16909861082598256154,11737,0.014046814993858275,6.327010779230645,0.07865723925144615
16912004221536030361,13066,0.01704677978950083,6.615210577814324,0.08142397703891402
16913164659176352478,11236,0.01863933582400545,7.843475456157864,0.0761180455768822
16913942208670617671,10867,0.43511646349506233,34.28227448898486,0.5457214010119531
16914573031372037093,10538,0.01471991701805663,7.187361179772875,0.07426483931724774
16925857390437894105,13418,0.015452943073327534,6.391109090385043,0.08040128797687299
16929002814465921220,14235,0.015395247808981119,6.94758164659211,0.07680713891213956
16930918689742698602,11893,0.015450251734347428,5.733395075271884,0.08454106003042013
16937843742139712360,11454,0.7403475929742669,77.9156281213775,0.7370605683355377
16938170575929788247,14814,0.021195805909110486,7.3515558838549095,0.08312242398501786
16941078663225313142,13937,0.014997429728147518,6.778227763071161,0.07726646464454327
16941388448204694263,11514,0.017847900179108877,7.5738813826368805,0.07660766723494368
16941505850269475005,13496,0.012615034064287258,5.665768514574821,0.08063627067632267
16945113752366546495,12536,0.01642038495917572,7.392102677181752,0.07557238656669847
16948757737995629347,10832,0.01918852929026723,8.433573272661258,0.07323908053997479
16954732307610180198,12489,0.032630058544472734,8.3433416484542,0.09433985131312134
16957241728528245988,12572,0.017283350635021153,7.6202186977170925,0.0754533585190905
16965366414246375653,11636,0.09226807839241818,9.116833039134532,0.18056508900072857
16970513381016852863,11647,0.013028969574646769,6.447776473571325,0.0763415787143172
16973419412645279471,11165,0.019563540109043574,7.451780401587542,0.07999763924198999
16978171983816799736,14576,0.018084542906238857,6.73439330696661,0.08225828337163688
16982416534634510338,12988,0.018150391312196083,7.630689519058409,0.07671181415180794
16983918075421902503,11101,0.022142683332880636,7.224132296669052,0.08537162674068773
16985784159705007530,11645,0.01507762492074299,6.239437580064578,0.08078357630386146
16991925101397805394,12517,0.01659603273436866,7.471650078738742,0.07533950986029823
16993650788060122768,11128,0.01897488542731381,8.462505343361652,0.07273044961499459
16998540366896761151,10081,0.01580859666638019,7.647474108501264,0.0730289140176814
17011018923942678593,13267,0.015272485454594104,6.3834892231349905,0.08017364290998155
17011832829085229619,12344,0.016297328494222885,7.027716389774375,0.07768020615646262
17014084963850090898,11872,0.12155384780578543,12.023387682080886,0.20698728195306196
17016942889335637423,11283,0.11068421294350857,11.739994616092527,0.19216914161388798
17018258002985215777,13420,0.013217572553726905,6.531939042962232,0.07609941385009256
17018775398533326441,14702,0.013032569272596748,5.2459417540097935,0.08391915657276462
17019919343781548353,12115,0.018900793243656316,7.993088808559633,0.07557479941592478
17020678754434280519,10870,0.05405332723839716,8.609467046764063,0.1253877253393938
17026841764636147612,14274,0.022846476902809658,7.067798805106109,0.08743165774170042
17029943378487600429,14441,0.018582525360504063,7.797588101283912,0.07632037638038328
17030008520852232776,12024,0.013858441750733056,6.2208619762045485,0.07903827783690114
17031650491560432502,12791,0.016855724969548756,7.427573310943507,0.07601389897737515
17037715523074644203,10499,0.014881971724684355,6.715360469302153,0.07748619083122611
17037885858926906981,14665,0.017408214455049524,7.199580415521772,0.07829429448023707
17041200676745470760,10520,0.05140275390178229,7.367086897594631,0.12916644120286988
17043840674968433092,12847,0.020134429406298057,7.948740044240461,0.07773862596210303
17045756308173058758,12304,0.12872862605278299,12.37544482428333,0.21572882288913403
17051938045365169668,10641,0.06431084220265161,8.597332188213562,0.14113279112236396
17053817509610221875,11208,0.01471628932337456,6.41635471053536,0.07911697259025166
17054272410543621357,11942,0.019509601927900775,8.19323160883668,0.07524378360288834
17057760584604136570,14105,0.032649333889635854,8.258230830871799,0.09490552989642131
17057776721883512608,11480,0.01932204891972009,7.384123801925596,0.08005502128316126
17057871525130976615,11574,0.018563458992934587,6.703388785346856,0.08318518159817201
17058286444691745873,11148,0.015375183256771504,6.55959983517473,0.07922094324728915
17060482773288076080,12229,0.01634518610595733,7.187197630900133,0.07674850896855767
17062037611691624457,11603,0.016424493668708205,7.387608097206661,0.07560698052375424
17065135649836735533,10766,0.015107888581768356,6.792962506955229,0.07734235804107141
17067561861221670039,11421,0.016851637520849467,7.46988267765708,0.07574108796330886
17073071593517210949,10150,0.02280357709824612,7.580844353059858,0.08413371807178709
17073769733038913158,11109,0.01596650747531285,7.180615906752045,0.07621153559209413
17078486859878267362,12237,0.015173852025403334,6.847996151423511,0.07709638305831747
17083635977008143733,11377,0.013961185899730614,6.166488365552833,0.0795377993923293
17091521780245181285,10668,0.013771640584268448,6.204100807887572,0.07901128950134752
17092325176581751118,10788,0.014782245425683235,6.663986381860823,0.07765753541294078
17092562906687690462,11862,0.01434185032857311,6.465368380500285,0.07823620030324577
17093299940462751371,14266,0.02377402641005174,8.541513530686666,0.07956347182172056
17096242862423135177,14544,0.01939664299757438,8.233262865684264,0.07481902175366237
17097905411914880619,14385,0.015948928584167566,7.178918865715098,0.07619537548925398
17098125066209492523,11993,0.24274544764799813,18.78197023391565,0.34952848779127965
17102750983771377769,14717,0.015189028387467328,6.454219930827251,0.07960052605962208
17103130446020641791,12219,0.04779497261953362,8.900285998529666,0.11399564662727629
17126616403447716231,13978,0.01642833589397286,7.904488037518173,0.07235628214218215
17138356256722585473,10957,0.04330515701857488,7.972426402959189,0.11298325818227054
17141502932854253339,10214,0.021671686485756472,9.40183736199879,0.07093168222190646
17142014764663448275,14893,0.020188490360223472,7.851672147642724,0.07843277520991922
17143396688530495109,13111,0.011623137826605078,5.805225001429355,0.0782424880761154
17143830292675881092,10155,0.28383719671755187,20.90938243649783,0.39889354505624713
17155916736326223017,13749,0.016190870079690382,6.822942508107618,0.07880775240191003
17161924066627395910,10659,0.03147201191388657,8.963219957785796,0.08866540428291127
17168752726633480523,11456,0.016946521557208247,7.165481642423832,0.07780388405785825
17169218974548357059,10222,0.017469038849613983,7.299207652389057,0.07775951052643969
17175303407589462108,14074,0.019652506592886265,8.252675152150946,0.07508755398948469
17175620175358321160,14570,0.013075322150315689,6.468502693836008,0.07628179927027047
17180649681191068130,14927,0.016128169625066156,6.944643143459151,0.07794520917825871
17196416780562151337,14270,0.012099557277583132,6.026146058191534,0.07757833238011534
17203092586151284458,13042,0.05706301235288898,7.9442996096663325,0.1341759376310109
17203707800838171070,13392,0.020517883227050955,7.213783779172047,0.08295490404197949
17205027310366811402,11646,0.01079925528630483,4.761519687967648,0.08355978235661035
17205828345460094235,10640,0.02927508746615349,8.413042736172054,0.08877590195563295
17217525413443240527,12612,0.016597407064248143,7.469089136336346,0.07535774422983793
17220148039646197757,11332,0.013075689349902692,5.09493021856405,0.08493646164454272
17221592739934229091,12052,0.01382121059225175,6.051180814040332,0.08005047111817197
17222969185933365564,11019,0.01648959306016496,7.929711079388363,0.07229093790969597
17223751993129251974,12547,0.0522207102080586,8.572751017179806,0.12281968383104108
17224080710482959664,10223,0.0875774630761626,9.469091876285914,0.17118067343720447
17229788853002208660,10777,0.07236783486797413,8.909312425825675,0.15147443852548148
17235378217288291025,14263,0.01951913612228598,8.427685724960805,0.07378118485339408
17235414178054935464,13570,0.015107538745242951,6.803322940299458,0.07727654844000435
17237443241989852793,14126,0.021505518164267722,7.902488188659498,0.08012440508810593
17241872083800855247,10836,0.016077583123909996,7.247615313627739,0.07595908114650736
17244379008090143536,14272,0.019004839847659338,7.2149092097747465,0.0806366016986646
17246186442519524279,10052,0.2884805824278415,20.818554358530392,0.4065586892096284
17254884827470781159,13169,0.01749094052467534,7.584507054731692,0.07599545608981262
17259402315713668932,12291,0.015311884087849307,7.438967478252499,0.07358385518974343
17265819735049689523,12329,0.016032516341255545,7.740727657773399,0.07278341918006744
17267248652392938800,10600,0.01851990707549237,6.964967967778307,0.0814705928185859
17285124340599664994,13913,0.013728549578692016,6.75775944779723,0.07545717769886097
17293499405190964811,14462,0.014035212158929673,6.332887657190991,0.07860248875426275
17295885449009380509,12662,0.039698525220077635,8.141180458257997,0.10641081417993885
17296602476944463167,10990,0.013936504097211509,6.285609001735572,0.0787495857237391
17297631573434556587,13665,0.03379205593800358,8.129841009594248,0.09745997791263845
17298515032359528140,10044,0.018238039869508057,7.35636960494041,0.07857403378025796
17301124881263138139,12298,0.015188811239005237,6.853814548970291,0.07708257520721372
17301669010582331311,11185,0.019233089614203645,7.280817453948975,0.08057000844944016
17302799339089358932,11016,0.026584447017512378,6.844620459672103,0.09454762090845853
17303523738202879965,14807,0.026284360043110994,6.914098457935874,0.09365148906304298
17307146008666176685,13114,0.022819319550211527,9.072365293655162,0.07476053718035185
17309229486842371428,11615,0.015443300482778671,6.936341691163895,0.0769513571614818
17318171520914137934,12419,0.016332947074863158,6.811644885136798,0.0790959584866725
17319505107066325749,10689,0.01230754678480946,6.121538920631083,0.07729502521312523
17322407594280907185,10560,0.021495558118976743,6.7884827721755885,0.08712790745233241
17322786500716344345,12524,0.017306623263714356,6.488269335479015,0.08262067925435601
17324872816011294972,14524,0.01499328780426215,6.637689754425971,0.07814558807146364
17330885736309717937,14840,0.22320800066960075,15.826957660770942,0.3383024073674649
17333334414316660158,12009,0.01383349547919422,6.247513572727195,0.07883225518206521
17342706685954846402,10186,0.02741153974796438,8.098239401659505,0.0879126835036574
17342826430557651628,12357,0.016593889491740073,7.462222258732012,0.07539563535261296
17343200258604207413,12912,0.017696765939916828,7.398965906068172,0.07747884915636179
17345020674615166953,13330,0.016035363058910134,6.710432157137914,0.07927907547198242
17346619868390483126,11550,0.014536625675685335,6.550733081574454,0.07799588993549411
17348082438873211585,14853,0.024816307601069766,7.3779728997683245,0.08848639232258375
17365779135257915585,12301,0.06713635626528566,10.493835150292224,0.1335000445857198
17368780011656022403,13680,0.016019972805998258,7.735515653809128,0.07279709649813265
17369714794351153708,14364,0.013002820324953502,5.831967442819772,0.08018149867205539
17382031176384624273,13238,0.023689163585973887,7.350548493763789,0.0869374372548725
17387465492342320878,14785,0.012710192165157128,5.717629731632769,0.08045487893003832
17388018917195905272,12936,0.031316419410732155,7.182827559686636,0.09964497600796009
17391170006989542003,14368,0.01717155973805273,7.720424281299272,0.07465125655104198
17408695265765071120,12857,0.0163609959780811,6.813178661516808,0.07912914043313073
17417838426901947501,12707,0.018736454104193185,7.591332044574909,0.07785500887383315
17418273623748966969,13168,0.016038159404956967,7.7430719692118,0.07277726892380529
17420468241974962500,14221,0.013838032654813719,6.251733057291663,0.07881260125126714
17421768969497234978,13776,0.017029655658088158,6.113585956488705,0.0845582718598551
17422304126525455812,12814,0.018738601382368346,7.631110252798149,0.07760766895585802
17428575110337132065,11406,0.017715580594568108,7.831141512352295,0.0747846955240733
17431940901898550721,10712,0.017949507851545338,8.042885667852762,0.07380794538294262
17433511806667228138,11784,0.01530524521404507,6.521103764481611,0.07935665305346443
17434526352644437685,14971,0.018454069185325984,7.760448487930728,0.07635815200545519
17437374957848910187,14255,0.01591223618560291,6.7192927471362545,0.07903517053598033
17438623790450136519,13316,0.029565628129089347,6.240331042527511,0.10290873473093101
17443865816178288027,14619,0.014396115213917957,6.499780245612795,0.07810228162073699
17445475147081694116,14680,0.01575299453695529,7.624247763693131,0.07309031640418068
17449891664497376575,12143,0.028037343613910415,8.095604612107154,0.08888521489200468
17456530092967997255,11637,0.17148451995314104,14.906517111689512,0.2650926696937966
17459316352614215640,14501,0.020420197833381074,6.868732222753521,0.08497966139951771
17461810322497344962,13411,0.01543271361786543,6.83652313772138,0.07756408557686628
17469897789270541104,11787,0.013839949089364019,6.806579622352406,0.07531975499747211
17473218455386245201,14449,0.017992826218601092,8.539210990138946,0.07074705079174935
17476471483975549884,13738,0.013462685830572248,5.740381409905405,0.08146098641713208
17476933543682012604,10862,0.026158067701366187,6.835700079057982,0.09395251808921268
17487719162090277874,11218,0.01844036779381195,7.5558857345545025,0.07762605672619417
17487803915279456702,14152,0.017616174448131044,7.782754451134513,0.07493770958800072
17487867842643940249,10509,0.016150618631657124,6.96257650216602,0.07786651267134759
17488358821999773697,12027,0.016076288198133937,7.225885716947782,0.07609400898480811
17489903929001771935,14784,0.018165092483722098,7.348969180604707,0.07850923070046026
17496966973039470999,12753,0.012586637871115197,6.24858198634071,0.07692091750047667
17501848248748721488,11009,0.01644106756257835,6.647958322140199,0.08029241147565744
17502065313312514131,14801,0.01783399645297374,7.98438287943835,0.0740000917333252
17503324300351289023,10879,0.010530466313136054,5.284606483702366,0.07985352711647836
17503453116389693483,10293,0.015911910860899263,7.183723400223595,0.07610855934199794
17510141528880304679,11043,0.013677442902622058,5.852287694100707,0.08108397516607015
17510874199308638461,12941,0.034729905581536116,6.602197444812781,0.10851738278095227
17512237249504638370,12178,0.040256404499491874,7.813458714477775,0.10932777766366104
17516353567241426308,10722,0.015763876503136164,6.02486616707544,0.08318373560667507
17519672017292988275,13063,0.22295317394151112,17.997280734516202,0.32423917786163187
17521328582011372563,13001,0.013785766635212552,6.2284882820577145,0.07887921574871078
17522474724377090859,13840,0.0176249444207347,6.8306229271084415,0.0809499468958699
17525251733542848883,12780,0.014571536671855408,6.5684903624414,0.07793733879631602
17527886060880315931,11750,0.020006859315410862,8.889693900314537,0.07161534264821065
17528973940781406991,12433,0.01465784706665555,6.4639413565664325,0.07872788410087879
17529134795066261913,13734,0.014738922812132583,7.1954941282759926,0.07424263004570773
17533627198741966589,13424,0.014020707670787353,6.321133224922342,0.07865439079944544
17533862760138889378,11325,0.01272709750200457,6.312115800235283,0.0767351825601861
17534406157763561014,11947,0.02545331750236491,7.811800262463386,0.08672614062615934
17538648133427954821,14310,0.017399609418175015,7.268776540172346,0.07784518451787725
17539893275979017384,12343,0.13013213183928535,11.45495551031039,0.22367219444473554
17539946896159982073,14603,0.014643273374918754,6.439250100911582,0.07886118802591424
17541623567383981158,12715,0.02105725458595786,8.357008843585561,0.0765759942772858
17544155284157882893,13868,0.01691463086850689,6.458487620798254,0.08220953875711579
17549782404418964451,12107,0.021242580335431607,6.7772830271641,0.0868120407983386
17551475774784663818,10682,0.014960999653975293,6.190033151266904,0.0809166975867397
17553080229983982144,12094,0.019408136920570425,7.52486873538998,0.07929976882445897
17553748594671889180,10466,0.01406737608607871,5.834600907356805,0.08179104228267237
17554732912223150392,13416,0.020012157822688524,7.887431518435825,0.07793812332127067
17558760037390121237,14343,0.017259429828620387,6.938232564848269,0.07971362688339247
17560616257040329217,14550,0.011414992660459727,5.707601787087988,0.07853960965312276
17563876888234865388,13563,0.04165976067431714,8.289691197676534,0.10847096846238015
17568145409920763820,13260,0.01622014278575999,6.775348552443436,0.07915232972622101
17572340245467951127,13056,0.02591509528833126,7.470728539992159,0.08958041732003635
17577434248035852730,14875,0.014284180661139147,6.447287675139538,0.07826202471665532
17577964922720636638,13446,0.018088074178275012,6.538688671166486,0.08349670144034545
17588023326706036577,10059,0.017994816119081332,7.3902073373306765,0.07798931104337554
17590010512309169057,14459,0.01365216451256896,6.724200603635922,0.07555193284999928
17590372199618199497,14993,0.03629125112808611,6.75235237300699,0.10995633611625234
17594150743461362272,11392,0.019980166522250185,7.030705468602979,0.08328700095796708
17599112511356870749,13902,0.01833755086731692,6.835766560687678,0.08200606396491253
17599819925923295742,12408,0.012938391038245333,6.407195390357474,0.07645889613150925
17606722924425087815,11443,0.015954403677914744,6.89015823390284,0.07802305587031541
17608208775232997345,10671,0.05585023839062729,8.89340445863627,0.12634362344872946
17608881725546766604,13571,0.0303884306184491,9.087136433524895,0.08622947926169458
17612146199629843919,10295,0.032417797316924596,7.349509697845011,0.10027718867624187
17624369582005060750,10451,0.022036778961282442,7.024185366444192,0.08646960741602477
17628937191494796811,14433,0.015496124529451451,6.991479030148194,0.07668465810054606
17633093000604618106,13479,0.0446681930388408,8.692213043112885,0.11053036226698704
17634175302144668893,13010,0.012821553737669772,5.74554826346447,0.08044908767850492
17638535676275005367,12813,0.015818563603459148,7.141385472955542,0.07623271634688883
17640461842371971571,10257,0.01612240724794869,7.232828812011368,0.07612071248220281
17643930916492616130,11464,0.03027332680515786,8.435373530220165,0.09016004386460316
17644651084106402248,10619,0.018023769374898177,8.048392849185941,0.0738866840916258
17647327854104105634,13927,0.012958653758256644,5.81523900411991,0.08021942954429943
17649752172812439930,12836,0.03166119187429282,8.178203817807336,0.09390032306930815
17657275290199449338,13718,0.020888034228030913,7.390602773144535,0.08240628272354521
17657673716156962849,13393,0.015681661438186945,6.573320741217928,0.07960264869210823
17659054299109150492,11544,0.017490777675582436,7.846484850991374,0.0743446337586827
17665651978265850520,14955,0.019401890403186045,7.348375621032209,0.08040221016972082
17666606399168435052,11036,0.01934258441330328,8.477812219213561,0.0731956790748918
17666976179576240186,10410,0.011047368100841762,4.84057385575251,0.08344070539844498
17671350560654453223,10270,0.10583482584982276,11.314633552204956,0.1874415403372543
17672152652833405568,13433,0.019076728130909687,8.010588877443741,0.07573328634798704
17673221950110621550,10821,0.01387257717684759,6.258188723953369,0.07882469537772228
17676998403746318904,14421,0.020127590611574066,7.703415601754295,0.07927382976591783
17677465635422428774,10803,0.01932204939123003,7.097697172620294,0.08185963381507566
17681538513892131163,13556,0.01723493280071804,7.731106923503146,0.07468075521851826
17685211426635805914,11049,0.01583644449141985,6.07103675347407,0.08300369033552116
17686693104845048591,14507,0.01742037299886471,7.810717439966038,0.07446243903210513
17687091817273691526,11627,0.013676161613699153,6.177346734667566,0.07903400523142871
17689815128737611088,11080,0.01626308624053869,6.784499846080725,0.07916026981534102
17690457258365064847,14052,0.014804231985941572,6.681780058669416,0.07757901256413186
17692381262560940450,13999,0.014101382711658013,6.92059441267243,0.07500075884377091
17693003711443757015,11112,0.015044817658562169,6.630038096128944,0.07827250997511555
17695640058937684774,12103,0.016445671906708245,6.918357631528619,0.07859581197158726
17699617529809400517,13822,0.014738333412763899,6.65251949654276,0.07766270505744845
17702378543966473383,10031,0.019776393948418874,7.085093138577623,0.08263306737439859
17709797860284437715,10317,0.03198288476784185,9.059725562870582,0.08883774825056738
17711520518000233423,11874,0.014959906939619563,7.289786793217518,0.07398610420722015
17716705749489701798,11483,0.0151342669173343,6.658696736355156,0.07822858411232388
17716752923769011947,13041,0.016517791252873334,7.289869046455455,0.07636529326843734
17717363082855409590,14379,0.024064626675508502,5.987485033331589,0.09609885664728723
17727749022738239612,13809,0.01725408654777446,7.241121283349063,0.07779713478503904
17729655595095905761,13561,0.01643940437307866,7.269869475396592,0.07637156130621232
17754330999797207476,13093,0.016097582504223835,7.125132150109059,0.07676132767642448
17754637050299579057,10963,0.015886688453196754,7.172466901956833,0.07614095229685523
17758542389458811117,13633,0.015146137128597144,7.368869441968085,0.0737723205467789
17763643942503532092,11548,0.014894658133128007,6.4241774360177635,0.07934014885441136
17765465327855329339,10664,0.22795508307672474,17.060470247904874,0.33778203107936633
17771933843121106171,10392,0.018215913538136154,6.605503530464913,0.0832710167130782
17772835609309758801,13289,0.01654223908898319,7.124061489026595,0.07744729737073087
17774612671607651089,10536,0.015275192649127283,6.341272401568545,0.08044376247674577
17780941051733836783,10886,0.01665501054290649,7.3836066771096345,0.07598431149996014
17782258115957447607,12084,0.014778844836913513,6.673131724254411,0.0775947213106674
17791541564607636165,14736,0.016589672744321785,7.475334046476335,0.07530658422405304
17794408450108668213,14361,0.022453739839800625,6.7751674581534935,0.0886754462652686
17797394824228706100,14773,0.022043648493683385,7.624506363077994,0.08269781853000424
17797540599640802885,14121,0.02175984883241985,8.395849679877221,0.07740451048913789
17798308834769563740,12404,0.023199663098386666,9.25922143824238,0.07416424683713128
17799009981139967852,12507,0.02503067020551105,6.635668048905419,0.09349067860918343
17803350554435753000,11765,0.017281004389026407,6.650630217779071,0.08155860190733032
17803560572636975553,12355,0.030064599462993072,7.870110240670898,0.09340261115482967
17809539053761182655,10260,0.02056518540481114,7.863170308662527,0.07893574292749284
17812676799652338377,11171,0.0180988667291734,7.652445198196967,0.07649603886062406
17815254007338044584,10802,0.01680235565373146,7.399736601985686,0.07610775933338368
17823173301703863188,11442,0.02010989883637823,8.645975671525765,0.07330826848827597
17823762670377948830,12388,0.01832249626602707,7.68847928939685,0.07661060819665637
17824567058107612651,13423,0.013014829921081404,5.85024921176005,0.08008466056893546
17825653464371503388,11293,0.3801791619152811,28.806665848055726,0.4963020032603559
17826453942756821680,10109,0.017197808782680967,7.718187540521758,0.07470544505948898
17831033706655373607,11083,0.01615893973304405,7.122993792257887,0.07686852496016156
17834434072298924683,10045,0.017158089985934426,7.717001331251132,0.07465224723517903
17839105309848163919,11523,0.2989692094305979,22.842021805936707,0.40983160830146664
17840671888056700259,13342,0.013369711016219114,6.599505645968098,0.07590611029952948
17843169312787149438,10549,0.02199288573833425,8.359789133113333,0.07798767725920744
17869827620593156030,12828,0.014969574801317033,7.2939007426241,0.07397495244506022
17876228762635729912,10748,0.019510389031115984,7.450106521698317,0.0799269958079806
17877042084903557113,10290,0.01766056041402383,7.783945887576889,0.07499800369658462
17877533816915137946,14206,0.020633846313972776,7.8133214313949155,0.079354693700838
17884156121823119877,14181,0.023586588204568895,7.426442723891646,0.08630258427321232
17886295625437126922,14469,0.034217900282825786,8.515932400358755,0.095677922838777
17890422912863071887,11268,0.014652186822955335,7.158347755601477,0.07434417688606902
17895337862261963748,14346,0.03491469650424833,6.820421869607861,0.10742474715597428
17899459501719630250,13877,0.022358892616004065,6.474695632736978,0.0904236673862248
17900809000650688094,13208,0.014026416515520276,6.195423162390459,0.07945513903978421
17905516202042662372,13692,0.05421226605607815,9.784775787088662,0.11822555429013826
17911476267018338519,11581,0.013005353996353592,5.853407655634108,0.08005028629239021
17915970629146838173,11151,0.019899030143981825,7.310756073904281,0.08139862300971679
17916321183965239489,10987,0.035493942619610086,7.877428161764497,0.1016499626853505
17920463032466501594,13412,0.019955522476275297,8.390268144203528,0.07468352289839617
17928734801665304621,10291,0.02034459261676393,7.91372141925213,0.0782802880312744
17934547263952016564,14174,0.0161588901096881,6.074059003319518,0.08347719260737158
17937773323484736423,12708,0.01682420981195461,7.56447070491603,0.07510324591490454
17939358889496687409,13667,0.015687438477338216,6.4996555729394645,0.08007559572747407
17944780267916388595,14926,0.020218262605862007,8.01729606814339,0.07743475063214753
17948514059411971159,10618,0.01659367878792707,7.466035133121232,0.07537129073731294
17950953184509927880,14985,0.016850975403479802,6.137550925865902,0.08413434361149598
17952202973723367079,11477,0.011572527410882806,5.781551410743561,0.07831433327299446
17956815062390204854,13347,0.020084878042973597,8.78245639286144,0.07241016094776681
17958155607077433593,13980,0.01810956762453055,6.781098853218952,0.08200224408649863
17958483117437556511,13440,0.02030483578051946,8.999935178741502,0.0713759413609856
17961820153779828257,10139,0.028474852230259265,7.31377099460391,0.09447941064770184
17963646664355153968,12000,0.03439710553978857,8.244211792172639,0.0976636208650986
17971062335073046572,11424,0.02332032875235565,7.753914353775339,0.08383265320250564
17974372605104830447,10104,0.010666903878028182,5.35075873458488,0.07964515108264959
17974833290993394129,14407,0.27845068078920016,21.632941234455345,0.38610677332744736
17976015605528777181,11124,0.01792575701803542,7.553799139812017,0.07685312233276813
18002072352238059099,11881,0.02124238672645022,7.9906751319855,0.07916684929360054
18008863800076107408,14172,0.014968012105605798,6.623592373357668,0.07819579841504788
18017957561490381655,14054,0.012037632700275643,5.997623575852117,0.0776634450293072
18021317159020723856,13536,0.025000968404208054,7.75284068201326,0.08640663694489216
18021401892354019167,14612,0.015484508230453456,6.872716478198412,0.07741516942454826
18030005579721175829,12259,0.01764055227726367,7.912890948246326,0.07415503104037667
18044511572802399252,11078,0.01500671804344012,6.4727992818298565,0.07920498448698138
18046839774942153196,13486,0.014074349469347148,6.350140012400435,0.078553574666227
18051057918507920950,13527,0.016564617700907364,6.581041497633848,0.08090274238025623
18054125119443527817,13708,0.014318926584642504,7.014887492526025,0.07473897531627362
18058416595607163751,10516,0.01550048724800278,6.999854876925197,0.07663855080021191
18069161202837144761,13399,0.016278983320529877,7.842856873378037,0.07251644537261338
18074032579037415351,11989,0.015687399308639837,7.596810646514594,0.07316298377148935
18077358793070818570,12236,0.015256975193256358,6.8696884771766715,0.07708668473145043
18078686466507205375,11833,0.02040586065330366,6.995593960076495,0.08415847711096133
18079602293332024769,12383,0.016572234936355967,7.34229867165784,0.07611812801277447
18081781640291491667,14179,0.017779517222124983,6.602942639500079,0.08262054513675998
18082168023630144575,13127,0.039483343727020274,9.318644063829156,0.09866358840512889
18091047828818007512,13990,0.013906325351514847,6.272405462791817,0.07878667494772065
18093931355845368502,14253,0.025534154327224418,5.834989346957015,0.09930438579463702
18100531021553187532,13733,0.025627597600425593,7.13292302753253,0.0912695784308283
18100845906898543906,14868,0.04273312780694839,6.709255869141382,0.12006799066312002
18101370717193546151,13294,0.017078736157446556,7.6683745675148725,0.07483740194648873
18104271346174028889,14450,0.016003992059290754,6.742408271454673,0.07902969211608053
18104563841599865249,11246,0.015340818542516094,6.297354582413538,0.0808207089527511
18105482848319052037,13874,0.026828977837872282,7.0302546320294805,0.09375157217751032
18106235144722155987,10121,0.01412146787343883,6.3795850875886195,0.07844003248224714
18109287123242101966,10166,0.01742719290497313,7.827057743626764,0.07436990561963
18113812191501512757,10413,0.021477823271118787,7.008659576080095,0.08571360780836622
18117430646441175902,12829,0.03053683119746837,6.195978048834563,0.10467171480214148
18127778986588218692,14014,0.0179388891315387,7.929810623591571,0.07450414677221805
18129503330177000744,13171,0.017025874063256383,7.0692419753064994,0.07853144858032993
18134531284657381175,12179,0.016902564488515785,7.063108029087697,0.07838173663538939
18134864447437085798,12773,0.016908695396611606,6.7727407466257885,0.0802205413841965
18138039524411814533,11740,0.019757142459542833,7.996601236090699,0.07686076446842881
18138975288205323827,14899,0.013922933636612888,6.083661238700164,0.08000121487306942
18143065130926203266,14244,0.018651548908076968,6.992507751172634,0.08149816645124187
18144859057386021401,10863,0.07529063176824663,8.931494147325717,0.1557993295148077
18147438056212568320,14538,0.019771011688808782,7.54391565860558,0.07973406525281124
18157798196374949019,13801,0.01774721118875881,7.4946244247893805,0.07695321544072953
18161427873891231363,14143,0.015742534197198656,7.101733607516675,0.07636640345021577
18166865197532327271,14789,0.01606552219473762,7.2358146727781225,0.07601500692326679
18167332185530340002,13567,0.24686944172309921,19.018912211310738,0.3543351549171922
18170179840340525429,10593,0.017365624270719016,7.270139707651894,0.07778468280878562
18172676634940964137,11616,0.018619110335646546,7.1276043484084655,0.08059744864882894
18180533437430867375,10771,0.01732915645347557,7.605408182331328,0.0756166407147312
18183943488269696092,10224,0.01766873661348428,7.923557177247762,0.07413088145749493
18187862519441634019,10221,0.020825643535790805,7.4133473965721945,0.08216767840116578
18195152267508534110,13587,0.01602668973654757,7.233284039372174,0.07597163345759489
18195553928411188199,12372,0.015953664363305718,7.183974991897239,0.07617075372577477
18204406845778876034,11032,0.013095125165448585,6.4773491273154455,0.07625631250950407
18204935487768784095,12748,0.01527829224214838,6.322791611040879,0.0805649341667636
18210247726710008653,12822,0.014418277741787465,5.926180558133781,0.08175006188540694
18210680302508307067,10937,0.02231046861170159,7.8457828069999005,0.08171125551228574
18213691823313130129,12057,0.018155362712706923,6.7282385201787624,0.08240524022139527
18217661669154042833,14520,0.015768234736451132,7.011948220956013,0.07697134848739895
18247922775039835857,13521,0.013608914838423311,6.107218372426051,0.07937312315223698
18250224378245351269,13836,0.013728351333978782,6.059267694497582,0.07985767542711623
18251153623864733904,10047,0.01587160735402098,6.990705715422136,0.07726308973348216
18255033822747819739,12253,0.17406682172888452,14.655108487914227,0.27062118351872977
18256669194413637091,12798,0.01564935633497407,6.454027264031944,0.08030490240862374
18259999965416808536,10525,0.037376664717297794,7.170656953922222,0.10897883252740938
18262301512518125045,13337,0.017212978373817692,7.71794749050624,0.07473012940880139
18263815484655661407,12295,0.01776366436752406,7.973512394907594,0.07396114647232825
18268346471740172313,10264,0.02758789346679736,7.868603473276537,0.08962887402509447
18282387903379075461,10595,0.01618884437898619,7.0109240691018355,0.07762029284712932
18284726161615403648,12906,0.07721887915119285,9.930793027274525,0.15244875994361104
18284831574191722558,10301,0.015032144327713142,6.205522570181314,0.08092778280968331
18288310824043663573,13760,0.015468735555784208,6.982189666196416,0.07670134777352874
18292141251100729136,10736,0.014573512256089462,6.573069118660077,0.07791150840352713
18292369355184870239,11098,0.0191157329615299,7.1572420208508545,0.08116932197147038
18292817638588633000,12842,0.4496035619175034,34.91292214292143,0.5638774532125855
18304456089797047589,10138,0.03444611704783741,7.278173904675755,0.10382494423836378
18315381194310119227,10132,0.011616473823779245,5.802110145695391,0.07825193358507757
18315776871703422101,13607,0.023380409518873765,6.320236596344946,0.09295721885356335
18319620867931019140,14241,0.012996481506283849,6.433233284719882,0.07638358076470961
18326111614353637398,13340,0.0739511419013623,8.832649394714045,0.15437598995682217
18330695615334840300,10666,0.06930412656446552,8.742244555218114,0.14784714732718485
18333828250778738973,13790,0.02016882998244785,8.936206389804415,0.07156970806962162
18337056593282642608,12653,0.018679230540074542,7.099695577799458,0.08086512110798728
18342718568346833118,14726,0.01231040338795739,6.122844770283346,0.0772911613275996
18343433648687765605,12349,0.01929151949227507,5.78174703385744,0.09010405442240323
18353069070715111205,13583,0.016143039661730505,7.786591373381093,0.07266328504798285
18369722031606845254,11599,0.015675734201727527,7.06728704794187,0.07648139302831129
18382080846243835827,12117,0.01679653345725901,7.54623046764887,0.0751758909845464
18382661880741393041,14909,0.034029233987634175,8.499242289036824,0.09549488527891895
18383471425391582396,13261,0.01581608108800525,6.586453335212931,0.07972523704288702
18395757568833628847,14304,0.019991873692023227,7.35544881721244,0.08125886021522039
18397972772399258395,12389,0.015119094183347798,6.323112592988846,0.08031973282092207
18400824072621759550,12386,0.013855504957813878,6.237620833070488,0.07892820375592725
18403124723600322297,13694,0.019833535318951122,7.545553668741797,0.0798192514899618
18406153425945731266,11692,0.023085140643619967,8.00595612616747,0.08188542515660314
18406293022044327558,11356,0.12577018438102558,12.618387791100547,0.20967908326105195
18424543744230399413,11114,0.0209380536294536,7.401164214345657,0.08241614695795406
18428942126837675516,12228,0.017591730790852633,6.351781523771324,0.08391612046468137
18430909132412558819,12335,0.019611232186542184,6.465042744524151,0.08628736466508256
18434877510540320934,13332,0.021548063213880423,9.248844574543291,0.07170676539887527
18436789765454730820,14356,0.018380344509106118,7.215553978975757,0.0796786071087318
18443232191242918133,12258,0.013456236403965594,6.055506397374574,0.07946571085959121
